policy,seed,turns,total,over,capacity,coins,exactCount,levelUps,cause
smart,20260908,45,119052,True,12,13,9,0,coin_overflow
smart,20260909,41,105602,True,10,12,7,0,coin_overflow
smart,20260910,25,63103,True,9,12,0,2,coin_overflow
smart,20260911,29,70611,True,8,12,1,2,coin_overflow
smart,20260912,31,80111,True,8,13,3,0,coin_overflow
smart,20260913,40,99353,True,8,9,6,0,coin_overflow
smart,20260914,31,77211,True,10,12,3,1,coin_overflow
smart,20260915,34,93061,True,9,13,3,2,coin_overflow
smart,20260916,32,79221,True,10,11,2,3,coin_overflow
smart,20260917,42,107316,True,9,10,5,3,coin_overflow
smart,20260918,34,89054,True,10,11,4,1,coin_overflow
smart,20260919,30,77251,True,11,12,3,1,coin_overflow
smart,20260920,39,96087,True,8,9,5,1,coin_overflow
smart,20260921,50,126526,True,10,11,10,0,coin_overflow
smart,20260922,26,74556,True,8,12,0,2,coin_overflow
smart,20260923,26,75551,True,11,13,1,2,coin_overflow
smart,20260924,29,66267,True,7,9,2,0,coin_overflow
smart,20260925,26,68262,True,9,10,1,1,coin_overflow
smart,20260926,37,93521,True,10,12,5,1,coin_overflow
smart,20260927,41,105557,True,9,11,6,1,coin_overflow
smart,20260928,28,78151,True,12,13,2,2,coin_overflow
smart,20260929,47,127566,True,10,11,7,3,coin_overflow
smart,20260930,39,109609,True,7,9,4,2,coin_overflow
smart,20260931,61,156617,True,8,10,13,0,coin_overflow
smart,20260932,32,80352,True,5,10,1,2,coin_overflow
smart,20260933,40,104857,True,7,8,5,1,coin_overflow
smart,20260934,43,111521,True,8,12,7,0,coin_overflow
smart,20260935,36,95102,True,12,13,6,0,coin_overflow
smart,20260936,33,90123,True,9,10,4,0,coin_overflow
smart,20260937,24,62506,True,12,13,2,0,coin_overflow
smart,20260938,39,94552,True,9,12,6,0,coin_overflow
smart,20260939,40,111025,True,7,9,5,1,coin_overflow
smart,20260940,32,82154,True,9,10,1,4,coin_overflow
smart,20260941,47,115421,True,7,9,8,0,coin_overflow
smart,20260942,30,79086,True,7,10,1,2,coin_overflow
smart,20260943,35,93164,True,8,9,3,2,coin_overflow
smart,20260944,37,95251,True,7,12,4,1,coin_overflow
smart,20260945,42,109602,True,10,12,6,2,coin_overflow
smart,20260946,54,141837,True,5,6,9,1,coin_overflow
smart,20260947,74,186411,True,9,10,17,1,coin_overflow
smart,20260948,34,91026,True,11,12,3,3,coin_overflow
smart,20260949,42,108152,True,10,12,6,2,coin_overflow
smart,20260950,43,108046,True,9,10,6,2,coin_overflow
smart,20260951,40,114252,True,10,11,6,1,coin_overflow
smart,20260952,40,97127,True,9,10,5,2,coin_overflow
smart,20260953,41,105513,True,8,11,5,2,coin_overflow
smart,20260954,57,141214,True,7,9,10,2,coin_overflow
smart,20260955,41,107032,True,9,11,6,1,coin_overflow
smart,20260956,27,77513,True,9,11,2,0,coin_overflow
smart,20260957,49,123122,True,10,11,9,1,coin_overflow
smart,20260958,43,110101,True,13,14,8,1,coin_overflow
smart,20260959,29,78312,True,8,10,1,2,coin_overflow
smart,20260960,31,80151,True,8,13,1,3,coin_overflow
smart,20260961,48,123811,True,8,10,8,1,coin_overflow
smart,20260962,50,122560,True,7,8,7,3,coin_overflow
smart,20260963,27,71016,True,12,13,3,0,coin_overflow
smart,20260964,22,62006,True,13,14,1,1,coin_overflow
smart,20260965,45,115012,True,10,13,7,2,coin_overflow
smart,20260966,40,106411,True,8,10,6,0,coin_overflow
smart,20260967,42,109951,True,7,9,5,2,coin_overflow
smart,20260968,43,109542,True,8,9,7,0,coin_overflow
smart,20260969,38,94102,True,12,13,6,1,coin_overflow
smart,20260970,37,94008,True,9,12,4,2,coin_overflow
smart,20260971,30,78631,True,8,10,2,1,coin_overflow
smart,20260972,57,142651,True,10,12,11,2,coin_overflow
smart,20260973,38,94597,True,6,7,4,1,coin_overflow
smart,20260974,33,81161,True,8,12,3,1,coin_overflow
smart,20260975,28,78057,True,10,12,2,1,coin_overflow
smart,20260976,52,131726,True,8,9,8,3,coin_overflow
smart,20260977,30,79266,True,8,10,2,1,coin_overflow
smart,20260978,23,62051,True,11,14,0,2,coin_overflow
smart,20260979,24,64256,True,10,11,0,2,coin_overflow
smart,20260980,33,90501,True,13,14,4,2,coin_overflow
smart,20260981,45,112476,True,6,7,7,0,coin_overflow
smart,20260982,31,78886,True,5,6,2,0,coin_overflow
smart,20260983,32,84016,True,11,13,3,2,coin_overflow
smart,20260984,39,108153,True,8,11,5,1,coin_overflow
smart,20260985,38,106307,True,8,10,4,2,coin_overflow
smart,20260986,29,76319,True,6,7,1,1,coin_overflow
smart,20260987,24,65632,True,8,9,0,1,coin_overflow
smart,20260988,31,82206,True,11,12,4,0,coin_overflow
smart,20260989,44,111165,True,4,8,4,3,coin_overflow
smart,20260990,60,158051,True,8,14,12,1,coin_overflow
smart,20260991,37,97727,True,7,8,4,1,coin_overflow
smart,20260992,33,87508,True,8,11,3,1,coin_overflow
smart,20260993,49,122201,True,11,13,10,0,coin_overflow
smart,20260994,37,93726,True,8,9,3,3,coin_overflow
smart,20260995,47,129022,True,6,12,7,1,coin_overflow
smart,20260996,29,69081,True,8,11,1,2,coin_overflow
smart,20260997,33,90001,True,11,15,4,1,coin_overflow
smart,20260998,44,120556,True,9,12,7,1,coin_overflow
smart,20260999,30,81069,True,8,9,2,1,coin_overflow
smart,20261000,33,83007,True,11,13,4,1,coin_overflow
smart,20261001,51,128023,True,7,11,8,2,coin_overflow
smart,20261002,26,73751,True,9,11,1,1,coin_overflow
smart,20261003,57,149116,True,9,12,12,0,coin_overflow
smart,20261004,39,101557,True,8,11,5,1,coin_overflow
smart,20261005,39,96106,True,11,13,6,1,coin_overflow
smart,20261006,39,98006,True,12,14,5,3,coin_overflow
smart,20261007,30,79724,True,6,7,0,3,coin_overflow
smart,20261008,30,71512,True,11,12,3,1,coin_overflow
smart,20261009,47,125073,True,8,10,7,2,coin_overflow
smart,20261010,39,100506,True,11,13,6,1,coin_overflow
smart,20261011,38,95307,True,7,10,3,3,coin_overflow
smart,20261012,34,89510,True,8,9,4,0,coin_overflow
smart,20261013,38,106131,True,9,11,5,1,coin_overflow
smart,20261014,34,85612,True,10,11,4,1,coin_overflow
smart,20261015,39,99351,True,8,11,5,1,coin_overflow
smart,20261016,51,134546,True,8,9,9,1,coin_overflow
smart,20261017,50,123307,True,9,10,9,1,coin_overflow
smart,20261018,50,128562,True,8,11,8,2,coin_overflow
smart,20261019,41,106268,True,6,8,5,1,coin_overflow
smart,20261020,34,91118,True,9,10,3,2,coin_overflow
smart,20261021,28,81041,True,7,11,1,1,coin_overflow
smart,20261022,30,79852,True,8,9,2,1,coin_overflow
smart,20261023,41,108532,True,9,10,6,1,coin_overflow
smart,20261024,39,99758,True,6,8,5,0,coin_overflow
smart,20261025,31,81031,True,10,12,3,1,coin_overflow
smart,20261026,66,168861,True,8,9,14,1,coin_overflow
smart,20261027,32,83002,True,11,14,3,2,coin_overflow
smart,20261028,47,123007,True,12,13,9,1,coin_overflow
smart,20261029,51,127118,True,9,10,8,3,coin_overflow
smart,20261030,36,94025,True,8,9,4,1,coin_overflow
smart,20261031,34,86046,True,8,10,2,3,coin_overflow
smart,20261032,30,77151,True,10,13,2,2,coin_overflow
smart,20261033,43,106807,True,8,9,7,0,coin_overflow
smart,20261034,23,62052,True,12,13,1,1,coin_overflow
smart,20261035,34,93571,True,10,11,4,1,coin_overflow
smart,20261036,39,106651,True,11,12,6,1,coin_overflow
smart,20261037,40,109116,True,9,12,5,2,coin_overflow
smart,20261038,42,109206,True,11,12,7,1,coin_overflow
smart,20261039,29,76153,True,10,11,3,0,coin_overflow
smart,20261040,31,79611,True,9,12,2,2,coin_overflow
smart,20261041,44,119831,True,6,8,6,1,coin_overflow
smart,20261042,41,109011,True,9,14,6,1,coin_overflow
smart,20261043,49,125106,True,12,13,9,2,coin_overflow
smart,20261044,50,128016,True,9,13,9,1,coin_overflow
smart,20261045,25,65651,True,9,12,0,2,coin_overflow
smart,20261046,27,68141,True,8,10,1,1,coin_overflow
smart,20261047,42,104552,True,8,12,6,1,coin_overflow
smart,20261048,43,106028,True,8,10,7,0,coin_overflow
smart,20261049,28,77653,True,9,10,1,2,coin_overflow
smart,20261050,38,96015,True,9,10,5,1,coin_overflow
smart,20261051,38,95803,True,8,9,4,2,coin_overflow
smart,20261052,43,109013,True,9,12,6,2,coin_overflow
smart,20261053,38,107421,True,7,9,5,0,coin_overflow
smart,20261054,33,90116,True,10,12,3,2,coin_overflow
smart,20261055,27,76536,True,8,10,1,1,coin_overflow
smart,20261056,28,71604,True,9,10,1,2,coin_overflow
smart,20261057,40,105132,True,9,10,5,2,coin_overflow
smart,20261058,51,136617,True,8,10,9,1,coin_overflow
smart,20261059,33,79210,True,7,8,2,2,coin_overflow
smart,20261060,27,74513,True,10,11,1,2,coin_overflow
smart,20261061,40,100551,True,10,13,6,1,coin_overflow
smart,20261062,40,108087,True,8,9,4,3,coin_overflow
smart,20261063,46,114122,True,10,11,8,1,coin_overflow
smart,20261064,30,81677,True,7,8,1,2,coin_overflow
smart,20261065,36,89081,True,9,11,5,0,coin_overflow
smart,20261066,28,72117,True,9,11,1,2,coin_overflow
smart,20261067,34,92171,True,7,11,3,1,coin_overflow
smart,20261068,22,63101,True,13,14,1,1,coin_overflow
smart,20261069,44,114122,True,9,11,5,4,coin_overflow
smart,20261070,34,84811,True,8,10,4,0,coin_overflow
smart,20261071,40,103057,True,11,12,7,0,coin_overflow
smart,20261072,31,78076,True,6,11,1,2,coin_overflow
smart,20261073,29,78361,True,9,10,2,1,coin_overflow
smart,20261074,32,85051,True,13,14,5,0,coin_overflow
smart,20261075,55,136111,True,7,13,10,1,coin_overflow
smart,20261076,42,111572,True,9,10,7,0,coin_overflow
smart,20261077,31,79502,True,10,13,3,1,coin_overflow
smart,20261078,41,108152,True,8,12,5,2,coin_overflow
smart,20261079,25,63561,True,8,12,1,0,coin_overflow
smart,20261080,48,124417,True,7,8,7,2,coin_overflow
smart,20261081,26,69502,True,9,13,1,1,coin_overflow
smart,20261082,35,92122,True,9,11,4,1,coin_overflow
smart,20261083,29,69264,True,5,8,0,2,coin_overflow
smart,20261084,30,81471,True,5,8,1,1,coin_overflow
smart,20261085,31,80141,True,9,10,2,2,coin_overflow
smart,20261086,36,94211,True,10,12,4,2,coin_overflow
smart,20261087,25,63109,True,9,10,0,2,coin_overflow
smart,20261088,29,75002,True,12,14,3,1,coin_overflow
smart,20261089,30,77661,True,10,11,2,2,coin_overflow
smart,20261090,58,148611,True,8,12,10,3,coin_overflow
smart,20261091,30,77402,True,9,10,3,0,coin_overflow
smart,20261092,25,65101,True,10,14,1,1,coin_overflow
smart,20261093,51,130676,True,5,9,8,1,coin_overflow
smart,20261094,41,100666,True,9,10,6,1,coin_overflow
smart,20261095,40,104164,True,7,9,5,1,coin_overflow
smart,20261096,25,67105,True,9,10,0,2,coin_overflow
smart,20261097,30,78117,True,10,11,2,2,coin_overflow
smart,20261098,26,66516,True,10,12,2,0,coin_overflow
smart,20261099,26,66517,True,9,11,1,1,coin_overflow
smart,20261100,44,109231,True,9,10,7,1,coin_overflow
smart,20261101,38,96111,True,10,13,6,0,coin_overflow
smart,20261102,30,75653,True,9,10,3,0,coin_overflow
smart,20261103,35,94201,True,12,13,5,1,coin_overflow
smart,20261104,41,98111,True,11,13,6,2,coin_overflow
smart,20261105,32,80202,True,9,12,3,1,coin_overflow
smart,20261106,43,109114,True,9,10,6,2,coin_overflow
smart,20261107,44,115075,True,7,8,5,3,coin_overflow
smart,20261108,33,84322,True,8,9,3,1,coin_overflow
smart,20261109,42,108226,True,8,10,6,1,coin_overflow
smart,20261110,37,94052,True,9,13,4,2,coin_overflow
smart,20261111,41,101081,True,8,11,5,2,coin_overflow
smart,20261112,34,93056,True,12,13,4,2,coin_overflow
smart,20261113,24,66008,True,11,12,1,1,coin_overflow
smart,20261114,32,82064,True,9,10,3,1,coin_overflow
smart,20261115,41,105007,True,12,13,7,1,coin_overflow
smart,20261116,38,97361,True,8,10,4,2,coin_overflow
smart,20261117,32,86131,True,9,11,3,1,coin_overflow
smart,20261118,29,78621,True,9,11,2,1,coin_overflow
smart,20261119,28,78111,True,11,13,3,0,coin_overflow
smart,20261120,45,123047,True,8,9,7,1,coin_overflow
smart,20261121,56,143901,True,7,10,9,3,coin_overflow
smart,20261122,47,124530,True,6,7,7,1,coin_overflow
smart,20261123,30,81131,True,10,11,2,2,coin_overflow
smart,20261124,38,94206,True,9,12,5,1,coin_overflow
smart,20261125,32,89116,True,9,12,3,1,coin_overflow
smart,20261126,52,135402,True,9,10,9,2,coin_overflow
smart,20261127,27,69004,True,11,12,2,1,coin_overflow
smart,20261128,56,138501,True,13,14,11,3,coin_overflow
smart,20261129,47,124307,True,8,10,7,2,coin_overflow
smart,20261130,33,82405,True,4,7,1,2,coin_overflow
smart,20261131,28,75591,True,7,9,1,1,coin_overflow
smart,20261132,36,94614,True,5,9,3,1,coin_overflow
smart,20261133,38,96504,True,8,11,4,2,coin_overflow
smart,20261134,37,96156,True,8,12,3,3,coin_overflow
smart,20261135,44,122187,True,5,8,5,2,coin_overflow
smart,20261136,46,112557,True,10,11,8,1,coin_overflow
smart,20261137,36,95107,True,11,12,5,1,coin_overflow
smart,20261138,34,91531,True,10,11,4,1,coin_overflow
smart,20261139,28,77606,True,10,12,2,1,coin_overflow
smart,20261140,47,118005,True,7,11,8,0,coin_overflow
smart,20261141,37,96506,True,10,13,5,1,coin_overflow
smart,20261142,37,94204,True,7,10,4,1,coin_overflow
smart,20261143,31,82106,True,8,13,1,3,coin_overflow
smart,20261144,43,114604,True,9,10,6,2,coin_overflow
smart,20261145,24,64304,True,8,9,0,1,coin_overflow
smart,20261146,36,89302,True,8,11,4,1,coin_overflow
smart,20261147,40,112106,True,9,13,5,2,coin_overflow
smart,20261148,40,100456,True,7,9,5,1,coin_overflow
smart,20261149,45,110309,True,7,8,6,2,coin_overflow
smart,20261150,42,108316,True,9,10,7,0,coin_overflow
smart,20261151,58,151022,True,9,12,11,2,coin_overflow
smart,20261152,33,89303,True,5,10,2,1,coin_overflow
smart,20261153,40,109081,True,9,11,5,2,coin_overflow
smart,20261154,44,113579,True,6,7,6,1,coin_overflow
smart,20261155,31,83301,True,10,12,3,1,coin_overflow
smart,20261156,34,93531,True,9,11,3,2,coin_overflow
smart,20261157,34,84152,True,10,12,4,1,coin_overflow
smart,20261158,43,112114,True,8,10,7,0,coin_overflow
smart,20261159,36,92351,True,7,11,3,2,coin_overflow
smart,20261160,57,142022,True,11,12,12,1,coin_overflow
smart,20261161,42,111060,True,8,9,6,1,coin_overflow
smart,20261162,33,91116,True,10,12,3,2,coin_overflow
smart,20261163,46,112171,True,7,11,7,1,coin_overflow
smart,20261164,40,95711,True,10,11,6,1,coin_overflow
smart,20261165,48,129402,True,8,10,8,1,coin_overflow
smart,20261166,30,78303,True,9,10,3,0,coin_overflow
smart,20261167,31,79674,True,6,7,1,2,coin_overflow
smart,20261168,47,111054,True,7,11,8,0,coin_overflow
smart,20261169,31,81162,True,10,11,3,1,coin_overflow
smart,20261170,35,89704,True,6,9,3,1,coin_overflow
smart,20261171,28,78101,True,10,14,2,1,coin_overflow
smart,20261172,26,66611,True,10,12,2,0,coin_overflow
smart,20261173,29,69127,True,9,10,2,1,coin_overflow
smart,20261174,29,79206,True,8,12,1,2,coin_overflow
smart,20261175,35,95024,True,9,10,4,1,coin_overflow
smart,20261176,24,65056,True,12,13,2,0,coin_overflow
smart,20261177,41,111109,True,9,10,6,1,coin_overflow
smart,20261178,34,88574,True,7,8,3,1,coin_overflow
smart,20261179,55,141014,True,9,11,10,2,coin_overflow
smart,20261180,43,111082,True,8,10,7,0,coin_overflow
smart,20261181,54,142901,True,8,10,10,1,coin_overflow
smart,20261182,43,108510,True,6,9,5,2,coin_overflow
smart,20261183,39,107035,True,7,8,4,2,coin_overflow
smart,20261184,40,108121,True,11,12,5,3,coin_overflow
smart,20261185,34,92753,True,8,9,4,0,coin_overflow
smart,20261186,26,64111,True,11,13,1,2,coin_overflow
smart,20261187,37,95632,True,7,9,4,1,coin_overflow
smart,20261188,42,108816,True,8,9,6,1,coin_overflow
smart,20261189,36,94818,True,6,7,4,0,coin_overflow
smart,20261190,35,92751,True,7,11,2,3,coin_overflow
smart,20261191,42,110111,True,10,13,6,2,coin_overflow
smart,20261192,58,144503,True,11,12,13,0,coin_overflow
smart,20261193,38,92591,True,8,9,4,2,coin_overflow
smart,20261194,36,93623,True,8,9,4,1,coin_overflow
smart,20261195,32,90078,True,8,9,2,2,coin_overflow
smart,20261196,29,80021,True,12,13,3,1,coin_overflow
smart,20261197,44,114913,True,6,7,6,1,coin_overflow
smart,20261198,48,127161,True,11,12,9,1,coin_overflow
smart,20261199,30,79523,True,8,10,2,1,coin_overflow
smart,20261200,42,97256,True,8,11,6,1,coin_overflow
smart,20261201,48,126002,True,8,14,8,1,coin_overflow
smart,20261202,39,111519,True,8,9,5,1,coin_overflow
smart,20261203,36,93911,True,8,9,4,1,coin_overflow
smart,20261204,45,119046,True,9,10,8,0,coin_overflow
smart,20261205,39,98056,True,7,13,4,2,coin_overflow
smart,20261206,52,136214,True,8,9,10,0,coin_overflow
smart,20261207,47,124661,True,10,11,7,3,coin_overflow
smart,20261208,32,79451,True,9,10,3,1,coin_overflow
smart,20261209,34,91566,True,7,11,3,1,coin_overflow
smart,20261210,46,121911,True,8,9,8,0,coin_overflow
smart,20261211,37,95529,True,6,8,3,2,coin_overflow
smart,20261212,36,94711,True,10,11,4,2,coin_overflow
smart,20261213,38,96118,True,9,10,5,1,coin_overflow
smart,20261214,51,129306,True,7,11,8,2,coin_overflow
smart,20261215,28,69522,True,10,11,2,1,coin_overflow
smart,20261216,42,109532,True,8,10,6,1,coin_overflow
smart,20261217,22,59121,True,11,12,1,0,coin_overflow
smart,20261218,39,100161,True,11,12,6,1,coin_overflow
smart,20261219,51,137211,True,9,12,8,3,coin_overflow
smart,20261220,30,76863,True,6,7,2,0,coin_overflow
smart,20261221,33,89504,True,10,11,3,2,coin_overflow
smart,20261222,34,85578,True,6,8,2,2,coin_overflow
smart,20261223,28,74063,True,8,11,2,0,coin_overflow
smart,20261224,31,80562,True,9,11,2,2,coin_overflow
smart,20261225,47,118102,True,10,13,9,0,coin_overflow
smart,20261226,35,94027,True,8,11,3,2,coin_overflow
smart,20261227,37,92011,True,13,14,6,1,coin_overflow
smart,20261228,28,67551,True,7,13,1,1,coin_overflow
smart,20261229,28,80021,True,10,13,2,1,coin_overflow
smart,20261230,34,87502,True,12,13,4,2,coin_overflow
smart,20261231,38,95886,True,4,6,4,0,coin_overflow
smart,20261232,54,140053,True,10,12,10,2,coin_overflow
smart,20261233,45,116614,True,5,9,4,4,coin_overflow
smart,20261234,38,94107,True,9,12,5,1,coin_overflow
smart,20261235,29,66711,True,7,11,2,0,coin_overflow
smart,20261236,39,98312,True,9,10,6,0,coin_overflow
smart,20261237,79,207536,True,9,10,18,2,coin_overflow
smart,20261238,40,109811,True,9,10,5,2,coin_overflow
smart,20261239,61,158421,True,7,9,12,1,coin_overflow
smart,20261240,24,65009,True,10,11,0,2,coin_overflow
smart,20261241,62,153231,True,9,10,13,1,coin_overflow
smart,20261242,40,108063,True,9,11,5,2,coin_overflow
smart,20261243,46,122766,True,8,9,8,0,coin_overflow
smart,20261244,34,85526,True,8,11,2,3,coin_overflow
smart,20261245,36,89143,True,7,8,3,2,coin_overflow
smart,20261246,40,111119,True,8,9,4,3,coin_overflow
smart,20261247,86,217158,True,5,10,19,2,coin_overflow
smart,20261248,51,128638,True,5,7,8,1,coin_overflow
smart,20261249,29,66563,True,9,10,2,1,coin_overflow
smart,20261250,38,101151,True,8,13,4,2,coin_overflow
smart,20261251,27,65566,True,8,11,1,1,coin_overflow
smart,20261252,35,85041,True,7,11,4,0,coin_overflow
smart,20261253,46,122626,True,9,10,7,2,coin_overflow
smart,20261254,31,78161,True,10,12,3,1,coin_overflow
smart,20261255,40,99509,True,8,10,4,3,coin_overflow
smart,20261256,59,156026,True,11,12,12,2,coin_overflow
smart,20261257,27,66313,True,7,9,0,2,coin_overflow
smart,20261258,36,92211,True,8,12,4,1,coin_overflow
smart,20261259,40,108607,True,10,11,6,1,coin_overflow
smart,20261260,44,120001,True,13,15,9,0,coin_overflow
smart,20261261,25,63251,True,10,12,1,1,coin_overflow
smart,20261262,44,110107,True,11,12,7,2,coin_overflow
smart,20261263,33,82721,True,8,10,3,1,coin_overflow
smart,20261264,41,104053,True,9,12,6,1,coin_overflow
smart,20261265,30,78203,True,10,11,2,2,coin_overflow
smart,20261266,36,96005,True,9,11,3,3,coin_overflow
smart,20261267,29,73112,True,9,12,2,1,coin_overflow
smart,20261268,33,83616,True,8,11,3,1,coin_overflow
smart,20261269,30,69512,True,8,12,2,1,coin_overflow
smart,20261270,47,124107,True,10,12,9,0,coin_overflow
smart,20261271,30,79615,True,7,8,1,2,coin_overflow
smart,20261272,32,82508,True,10,11,4,0,coin_overflow
smart,20261273,32,89471,True,5,8,1,2,coin_overflow
smart,20261274,36,91057,True,11,12,5,1,coin_overflow
smart,20261275,46,115607,True,6,11,6,2,coin_overflow
smart,20261276,74,185261,True,9,11,17,1,coin_overflow
smart,20261277,28,71062,True,10,12,2,1,coin_overflow
smart,20261278,38,97074,True,6,9,4,1,coin_overflow
smart,20261279,34,90551,True,10,13,4,1,coin_overflow
smart,20261280,29,76151,True,12,13,3,1,coin_overflow
smart,20261281,36,93656,True,6,11,2,3,coin_overflow
smart,20261282,30,78036,True,10,11,2,2,coin_overflow
smart,20261283,62,159011,True,13,14,13,3,coin_overflow
smart,20261284,28,68711,True,10,11,2,1,coin_overflow
smart,20261285,29,78231,True,8,10,1,2,coin_overflow
smart,20261286,33,86456,True,7,9,2,2,coin_overflow
smart,20261287,34,94527,True,6,10,2,2,coin_overflow
smart,20261288,37,93466,True,6,8,3,2,coin_overflow
smart,20261289,30,77616,True,10,11,2,2,coin_overflow
smart,20261290,27,75452,True,8,9,1,1,coin_overflow
smart,20261291,29,80037,True,8,10,1,2,coin_overflow
smart,20261292,45,116501,True,13,14,8,2,coin_overflow
smart,20261293,29,75801,True,10,11,1,3,coin_overflow
smart,20261294,34,81564,True,6,9,2,2,coin_overflow
smart,20261295,47,125373,True,5,7,6,2,coin_overflow
smart,20261296,31,78504,True,10,11,3,1,coin_overflow
smart,20261297,59,154083,True,4,9,11,0,coin_overflow
smart,20261298,26,66161,True,9,12,1,1,coin_overflow
smart,20261299,50,126576,True,6,10,8,1,coin_overflow
smart,20261300,36,91111,True,9,13,5,0,coin_overflow
smart,20261301,46,113262,True,9,10,7,2,coin_overflow
smart,20261302,41,100042,True,9,10,6,1,coin_overflow
smart,20261303,40,103413,True,6,8,4,2,coin_overflow
smart,20261304,39,105186,True,8,9,5,1,coin_overflow
smart,20261305,35,85782,True,6,7,3,1,coin_overflow
smart,20261306,24,55251,True,11,12,1,1,coin_overflow
smart,20261307,47,124587,True,7,8,8,0,coin_overflow
smart,20261308,29,79001,True,14,15,3,2,coin_overflow
smart,20261309,32,80011,True,12,14,4,1,coin_overflow
smart,20261310,30,79326,True,7,9,1,2,coin_overflow
smart,20261311,30,70107,True,8,12,2,1,coin_overflow
smart,20261312,32,79311,True,8,11,2,2,coin_overflow
smart,20261313,41,111117,True,7,11,6,0,coin_overflow
smart,20261314,98,255626,True,9,10,25,1,coin_overflow
smart,20261315,40,96006,True,10,14,6,1,coin_overflow
smart,20261316,45,110102,True,12,13,9,0,coin_overflow
smart,20261317,56,148331,True,7,9,11,0,coin_overflow
smart,20261318,37,96553,True,6,11,3,2,coin_overflow
smart,20261319,29,67201,True,12,13,3,1,coin_overflow
smart,20261320,32,81071,True,9,12,3,1,coin_overflow
smart,20261321,40,102011,True,12,14,6,2,coin_overflow
smart,20261322,29,76761,True,9,10,2,1,coin_overflow
smart,20261323,29,72261,True,9,11,2,1,coin_overflow
smart,20261324,40,99306,True,7,11,5,1,coin_overflow
smart,20261325,47,120036,True,7,11,6,3,coin_overflow
smart,20261326,42,108202,True,8,12,6,1,coin_overflow
smart,20261327,26,69207,True,10,11,2,0,coin_overflow
smart,20261328,30,79507,True,10,12,2,2,coin_overflow
smart,20261329,29,72027,True,9,11,2,1,coin_overflow
smart,20261330,58,145502,True,10,13,12,1,coin_overflow
smart,20261331,51,140551,True,10,13,9,2,coin_overflow
smart,20261332,30,80043,True,8,9,2,1,coin_overflow
smart,20261333,24,64601,True,11,13,1,1,coin_overflow
smart,20261334,47,128852,True,6,9,5,4,coin_overflow
smart,20261335,40,94751,True,9,11,5,2,coin_overflow
smart,20261336,30,76601,True,9,13,3,0,coin_overflow
smart,20261337,22,60071,True,10,12,0,1,coin_overflow
smart,20261338,33,85714,True,6,8,1,3,coin_overflow
smart,20261339,49,127701,True,10,12,9,1,coin_overflow
smart,20261340,33,90102,True,11,13,4,1,coin_overflow
smart,20261341,29,74026,True,10,12,3,0,coin_overflow
smart,20261342,50,125231,True,8,10,8,2,coin_overflow
smart,20261343,32,82722,True,8,9,2,2,coin_overflow
smart,20261344,34,93517,True,9,11,3,2,coin_overflow
smart,20261345,32,82604,True,9,10,3,1,coin_overflow
smart,20261346,30,80002,True,11,14,3,1,coin_overflow
smart,20261347,25,67066,True,10,12,1,1,coin_overflow
smart,20261348,39,103510,True,7,9,4,2,coin_overflow
smart,20261349,48,121571,True,5,11,7,1,coin_overflow
smart,20261350,42,112166,True,10,11,6,2,coin_overflow
smart,20261351,35,90204,True,9,10,4,1,coin_overflow
smart,20261352,28,74306,True,10,11,2,1,coin_overflow
smart,20261353,25,63571,True,9,11,0,2,coin_overflow
smart,20261354,34,93124,True,8,9,4,0,coin_overflow
smart,20261355,55,142851,True,9,10,10,2,coin_overflow
smart,20261356,54,138703,True,7,10,9,2,coin_overflow
smart,20261357,26,64811,True,9,10,1,1,coin_overflow
smart,20261358,23,62028,True,9,10,0,1,coin_overflow
smart,20261359,28,70056,True,12,13,2,2,coin_overflow
smart,20261360,33,83112,True,9,12,4,0,coin_overflow
smart,20261361,31,79210,True,7,8,2,1,coin_overflow
smart,20261362,27,70166,True,10,11,1,2,coin_overflow
smart,20261363,42,108263,True,7,9,5,2,coin_overflow
smart,20261364,50,127072,True,10,11,8,3,coin_overflow
smart,20261365,39,97016,True,11,13,6,1,coin_overflow
smart,20261366,52,135714,True,7,8,9,1,coin_overflow
smart,20261367,33,81052,True,9,13,4,0,coin_overflow
smart,20261368,43,108017,True,11,12,8,0,coin_overflow
smart,20261369,31,83311,True,10,11,3,1,coin_overflow
smart,20261370,44,118511,True,12,13,8,1,coin_overflow
smart,20261371,34,85108,True,10,11,4,1,coin_overflow
smart,20261372,51,128031,True,8,12,9,1,coin_overflow
smart,20261373,66,172301,True,8,12,14,1,coin_overflow
smart,20261374,34,83122,True,8,11,4,0,coin_overflow
smart,20261375,50,126072,True,10,11,10,0,coin_overflow
smart,20261376,46,116008,True,10,12,8,1,coin_overflow
smart,20261377,49,126507,True,8,12,7,3,coin_overflow
smart,20261378,28,78047,True,6,9,0,2,coin_overflow
smart,20261379,33,81601,True,11,13,4,1,coin_overflow
smart,20261380,37,96056,True,10,13,5,1,coin_overflow
smart,20261381,44,119552,True,8,12,6,2,coin_overflow
smart,20261382,46,120201,True,11,13,9,0,coin_overflow
smart,20261383,41,110121,True,10,12,7,0,coin_overflow
smart,20261384,34,93104,True,8,11,2,3,coin_overflow
smart,20261385,35,85314,True,6,8,3,1,coin_overflow
smart,20261386,28,76122,True,9,11,1,2,coin_overflow
smart,20261387,40,109057,True,9,12,5,2,coin_overflow
smart,20261388,46,121161,True,9,12,7,2,coin_overflow
smart,20261389,77,205014,True,10,11,17,3,coin_overflow
smart,20261390,49,126047,True,7,9,6,4,coin_overflow
smart,20261391,51,128401,True,6,11,9,0,coin_overflow
smart,20261392,37,96002,True,10,14,5,1,coin_overflow
smart,20261393,33,81573,True,6,9,3,0,coin_overflow
smart,20261394,31,81159,True,7,9,2,1,coin_overflow
smart,20261395,29,77051,True,13,14,4,0,coin_overflow
smart,20261396,33,82103,True,11,12,4,1,coin_overflow
smart,20261397,39,103556,True,10,12,5,2,coin_overflow
smart,20261398,27,66506,True,11,13,2,1,coin_overflow
smart,20261399,49,127001,True,9,15,8,2,coin_overflow
smart,20261400,27,69251,True,10,12,1,2,coin_overflow
smart,20261401,41,111602,True,9,12,6,1,coin_overflow
smart,20261402,27,67057,True,11,12,2,1,coin_overflow
smart,20261403,39,102055,True,9,10,6,0,coin_overflow
smart,20261404,48,124323,True,7,8,7,2,coin_overflow
smart,20261405,30,78129,True,7,8,1,2,coin_overflow
smart,20261406,26,74651,True,11,12,1,2,coin_overflow
smart,20261407,32,84542,True,8,9,2,2,coin_overflow
smart,20261408,39,100607,True,9,11,6,0,coin_overflow
smart,20261409,37,97532,True,8,10,3,3,coin_overflow
smart,20261410,33,83102,True,10,13,3,2,coin_overflow
smart,20261411,35,94762,True,8,9,3,2,coin_overflow
smart,20261412,32,81516,True,9,12,3,1,coin_overflow
smart,20261413,41,106107,True,9,12,6,1,coin_overflow
smart,20261414,50,128160,True,6,8,8,1,coin_overflow
smart,20261415,83,208007,True,9,13,20,1,coin_overflow
smart,20261416,36,96352,True,8,10,4,1,coin_overflow
smart,20261417,37,94562,True,9,11,4,2,coin_overflow
smart,20261418,43,111121,True,11,12,8,0,coin_overflow
smart,20261419,31,78057,True,9,12,2,2,coin_overflow
smart,20261420,33,87161,True,8,12,3,1,coin_overflow
smart,20261421,47,126761,True,9,10,8,1,coin_overflow
smart,20261422,34,89503,True,10,12,4,1,coin_overflow
smart,20261423,43,110036,True,10,11,7,1,coin_overflow
smart,20261424,21,53003,True,11,13,0,1,coin_overflow
smart,20261425,22,50751,True,10,11,0,1,coin_overflow
smart,20261426,32,80306,True,9,11,3,1,coin_overflow
smart,20261427,34,85576,True,8,10,2,3,coin_overflow
smart,20261428,28,75136,True,7,10,1,1,coin_overflow
smart,20261429,34,93261,True,10,11,4,1,coin_overflow
smart,20261430,29,78002,True,9,14,2,1,coin_overflow
smart,20261431,21,53017,True,11,12,0,1,coin_overflow
smart,20261432,44,122018,True,10,11,6,3,coin_overflow
smart,20261433,49,127008,True,10,12,7,4,coin_overflow
smart,20261434,43,110672,True,7,9,6,1,coin_overflow
smart,20261435,47,116518,True,6,10,7,1,coin_overflow
smart,20261436,42,108851,True,8,10,6,1,coin_overflow
smart,20261437,33,82713,True,8,9,1,4,coin_overflow
smart,20261438,33,94502,True,11,13,4,1,coin_overflow
smart,20261439,29,79512,True,9,12,2,1,coin_overflow
smart,20261440,31,78013,True,9,12,2,2,coin_overflow
smart,20261441,31,80501,True,12,14,3,2,coin_overflow
smart,20261442,34,83016,True,9,13,3,2,coin_overflow
smart,20261443,30,78008,True,8,12,2,1,coin_overflow
smart,20261444,40,108856,True,4,9,4,1,coin_overflow
smart,20261445,32,90291,True,6,8,2,1,coin_overflow
smart,20261446,35,94156,True,9,12,4,1,coin_overflow
smart,20261447,41,107403,True,8,9,5,2,coin_overflow
smart,20261448,39,105145,True,4,6,3,2,coin_overflow
smart,20261449,26,63656,True,10,11,2,0,coin_overflow
smart,20261450,41,98126,True,10,11,7,0,coin_overflow
smart,20261451,34,90006,True,12,14,4,2,coin_overflow
smart,20261452,46,125526,True,10,11,8,1,coin_overflow
smart,20261453,37,94686,True,7,8,4,1,coin_overflow
smart,20261454,34,86027,True,10,11,4,1,coin_overflow
smart,20261455,43,110167,True,8,10,7,0,coin_overflow
smart,20261456,46,120127,True,9,10,7,2,coin_overflow
smart,20261457,34,91327,True,6,8,2,2,coin_overflow
smart,20261458,37,95262,True,7,10,4,1,coin_overflow
smart,20261459,40,104124,True,8,9,6,0,coin_overflow
smart,20261460,32,79121,True,11,12,3,2,coin_overflow
smart,20261461,33,81522,True,10,11,3,2,coin_overflow
smart,20261462,39,96881,True,5,7,4,1,coin_overflow
smart,20261463,34,83577,True,8,9,4,0,coin_overflow
smart,20261464,33,89271,True,7,10,2,2,coin_overflow
smart,20261465,24,64662,True,9,10,1,0,coin_overflow
smart,20261466,50,124006,True,12,14,10,1,coin_overflow
smart,20261467,41,106519,True,5,9,4,2,coin_overflow
smart,20261468,28,77106,True,7,13,1,1,coin_overflow
smart,20261469,32,90616,True,7,11,3,0,coin_overflow
smart,20261470,44,109406,True,7,10,7,0,coin_overflow
smart,20261471,37,98126,True,10,11,5,1,coin_overflow
smart,20261472,47,116051,True,9,14,8,1,coin_overflow
smart,20261473,39,97402,True,6,10,5,0,coin_overflow
smart,20261474,40,95506,True,11,13,7,0,coin_overflow
smart,20261475,32,81117,True,10,11,4,0,coin_overflow
smart,20261476,55,137713,True,7,9,10,1,coin_overflow
smart,20261477,34,90614,True,7,9,3,1,coin_overflow
smart,20261478,27,62526,True,8,11,1,1,coin_overflow
smart,20261479,35,90510,True,6,9,3,1,coin_overflow
smart,20261480,30,77022,True,8,12,2,1,coin_overflow
smart,20261481,33,92567,True,7,10,2,2,coin_overflow
smart,20261482,36,94554,True,9,10,5,0,coin_overflow
smart,20261483,31,78616,True,10,11,3,1,coin_overflow
smart,20261484,24,54411,True,9,10,1,0,coin_overflow
smart,20261485,33,90121,True,11,12,4,1,coin_overflow
smart,20261486,28,75161,True,10,12,2,1,coin_overflow
smart,20261487,30,79112,True,11,12,3,1,coin_overflow
smart,20261488,34,92357,True,7,9,3,1,coin_overflow
smart,20261489,34,84711,True,10,11,4,1,coin_overflow
smart,20261490,54,139557,True,10,11,10,2,coin_overflow
smart,20261491,30,78161,True,11,12,3,1,coin_overflow
smart,20261492,55,138406,True,7,10,10,1,coin_overflow
smart,20261493,29,79111,True,11,13,2,2,coin_overflow
smart,20261494,47,121226,True,9,10,8,1,coin_overflow
smart,20261495,30,74906,True,8,9,2,1,coin_overflow
smart,20261496,30,76136,True,7,10,1,2,coin_overflow
smart,20261497,39,99282,True,6,8,5,0,coin_overflow
smart,20261498,47,123108,True,9,11,8,1,coin_overflow
smart,20261499,35,95811,True,7,10,2,3,coin_overflow
smart,20261500,55,141703,True,8,10,11,0,coin_overflow
smart,20261501,40,105568,True,8,9,4,3,coin_overflow
smart,20261502,31,77503,True,10,12,3,1,coin_overflow
smart,20261503,37,93074,True,7,9,4,1,coin_overflow
smart,20261504,38,94133,True,8,9,4,2,coin_overflow
smart,20261505,36,92018,True,10,11,4,2,coin_overflow
smart,20261506,27,68063,True,8,11,1,1,coin_overflow
smart,20261507,26,67112,True,11,12,1,2,coin_overflow
smart,20261508,69,182282,True,6,8,15,0,coin_overflow
smart,20261509,34,90557,True,10,11,4,1,coin_overflow
smart,20261510,25,68001,True,13,15,0,4,coin_overflow
smart,20261511,31,81701,True,10,12,3,1,coin_overflow
smart,20261512,23,66042,True,9,10,0,1,coin_overflow
smart,20261513,33,83366,True,8,9,3,1,coin_overflow
smart,20261514,35,92463,True,6,7,3,1,coin_overflow
smart,20261515,30,79157,True,8,11,2,1,coin_overflow
smart,20261516,38,94005,True,9,11,5,1,coin_overflow
smart,20261517,30,78276,True,6,9,2,0,coin_overflow
smart,20261518,26,67003,True,9,13,1,1,coin_overflow
smart,20261519,43,111407,True,8,9,5,3,coin_overflow
smart,20261520,22,50211,True,10,12,0,1,coin_overflow
smart,20261521,41,111851,True,9,10,6,1,coin_overflow
smart,20261522,51,128706,True,8,11,9,1,coin_overflow
smart,20261523,36,88516,True,11,12,5,1,coin_overflow
smart,20261524,40,106118,True,9,10,5,2,coin_overflow
smart,20261525,32,87176,True,9,10,3,1,coin_overflow
smart,20261526,43,113707,True,9,10,6,2,coin_overflow
smart,20261527,29,68551,True,12,13,3,1,coin_overflow
smart,20261528,48,124049,True,6,7,6,3,coin_overflow
smart,20261529,36,95009,True,10,11,4,2,coin_overflow
smart,20261530,31,81521,True,7,12,2,1,coin_overflow
smart,20261531,26,66122,True,9,11,1,1,coin_overflow
smart,20261532,67,169658,True,8,9,15,0,coin_overflow
smart,20261533,52,137567,True,6,10,8,2,coin_overflow
smart,20261534,45,110607,True,6,11,7,0,coin_overflow
smart,20261535,39,107147,True,7,8,4,2,coin_overflow
smart,20261536,44,121716,True,9,10,7,1,coin_overflow
smart,20261537,38,97302,True,6,11,4,1,coin_overflow
smart,20261538,38,95126,True,10,11,6,0,coin_overflow
smart,20261539,30,75061,True,11,13,3,1,coin_overflow
smart,20261540,39,95046,True,7,10,4,2,coin_overflow
smart,20261541,29,75851,True,9,10,2,1,coin_overflow
smart,20261542,32,84416,True,7,9,1,3,coin_overflow
smart,20261543,36,96071,True,11,12,5,1,coin_overflow
smart,20261544,32,81106,True,12,13,4,1,coin_overflow
smart,20261545,40,103501,True,13,14,7,1,coin_overflow
smart,20261546,50,125612,True,9,11,9,1,coin_overflow
smart,20261547,31,79166,True,10,11,3,1,coin_overflow
smart,20261548,50,137524,True,8,9,8,2,coin_overflow
smart,20261549,36,91132,True,9,10,5,0,coin_overflow
smart,20261550,25,63031,True,11,12,0,3,coin_overflow
smart,20261551,33,85616,True,7,11,2,2,coin_overflow
smart,20261552,35,83631,True,7,10,2,3,coin_overflow
smart,20261553,55,141712,True,9,10,10,2,coin_overflow
smart,20261554,49,126066,True,10,12,9,1,coin_overflow
smart,20261555,35,94207,True,9,11,4,1,coin_overflow
smart,20261556,38,96466,True,7,8,5,0,coin_overflow
smart,20261557,34,93708,True,6,9,2,2,coin_overflow
smart,20261558,35,89571,True,10,11,5,0,coin_overflow
smart,20261559,37,94604,True,9,10,4,2,coin_overflow
smart,20261560,35,90217,True,9,10,4,1,coin_overflow
smart,20261561,34,94001,True,7,15,3,1,coin_overflow
smart,20261562,26,64701,True,10,12,2,0,coin_overflow
smart,20261563,62,151304,True,8,9,12,2,coin_overflow
smart,20261564,38,94117,True,6,11,4,1,coin_overflow
smart,20261565,25,64058,True,10,11,1,1,coin_overflow
smart,20261566,26,66226,True,9,10,1,1,coin_overflow
smart,20261567,32,84061,True,10,13,2,3,coin_overflow
smart,20261568,35,94504,True,10,11,5,0,coin_overflow
smart,20261569,59,144073,True,8,10,11,2,coin_overflow
smart,20261570,24,65611,True,10,12,0,2,coin_overflow
smart,20261571,43,111157,True,10,11,7,1,coin_overflow
smart,20261572,44,108151,True,6,13,6,1,coin_overflow
smart,20261573,48,122061,True,7,13,7,2,coin_overflow
smart,20261574,56,140157,True,8,11,10,2,coin_overflow
smart,20261575,36,96618,True,7,9,3,2,coin_overflow
smart,20261576,30,79516,True,10,12,2,2,coin_overflow
smart,20261577,45,111016,True,9,13,6,3,coin_overflow
smart,20261578,38,94511,True,12,13,6,1,coin_overflow
smart,20261579,35,93156,True,9,12,4,1,coin_overflow
smart,20261580,35,92236,True,8,9,3,2,coin_overflow
smart,20261581,33,85303,True,8,10,3,1,coin_overflow
smart,20261582,33,83901,True,7,10,2,2,coin_overflow
smart,20261583,40,109591,True,8,9,6,0,coin_overflow
smart,20261584,45,119271,True,9,10,8,0,coin_overflow
smart,20261585,49,125022,True,10,12,9,1,coin_overflow
smart,20261586,40,97514,True,7,10,5,1,coin_overflow
smart,20261587,43,109524,True,5,9,4,3,coin_overflow
smart,20261588,48,121804,True,6,8,8,0,coin_overflow
smart,20261589,47,121021,True,9,13,8,1,coin_overflow
smart,20261590,38,103155,True,6,9,4,1,coin_overflow
smart,20261591,57,142112,True,10,12,11,2,coin_overflow
smart,20261592,35,91198,True,5,6,2,2,coin_overflow
smart,20261593,36,92962,True,5,7,3,1,coin_overflow
smart,20261594,34,83518,True,9,10,3,2,coin_overflow
smart,20261595,28,67011,True,13,14,3,1,coin_overflow
smart,20261596,42,100051,True,13,14,7,2,coin_overflow
smart,20261597,38,92451,True,9,10,5,1,coin_overflow
smart,20261598,37,95301,True,10,12,5,1,coin_overflow
smart,20261599,53,136611,True,10,12,11,0,coin_overflow
smart,20261600,29,78072,True,9,11,2,1,coin_overflow
smart,20261601,41,110054,True,8,11,5,2,coin_overflow
smart,20261602,27,74596,True,7,8,0,2,coin_overflow
smart,20261603,48,128291,True,6,8,6,3,coin_overflow
smart,20261604,42,110008,True,11,12,7,1,coin_overflow
smart,20261605,38,97621,True,9,11,5,1,coin_overflow
smart,20261606,41,100217,True,9,10,6,1,coin_overflow
smart,20261607,37,97351,True,9,11,4,2,coin_overflow
smart,20261608,58,140301,True,11,12,13,0,coin_overflow
smart,20261609,49,126007,True,12,13,9,2,coin_overflow
smart,20261610,54,138306,True,10,11,10,2,coin_overflow
smart,20261611,40,108017,True,7,12,5,1,coin_overflow
smart,20261612,40,109152,True,5,12,5,0,coin_overflow
smart,20261613,43,110201,True,11,13,8,0,coin_overflow
smart,20261614,53,144053,True,8,12,9,2,coin_overflow
smart,20261615,34,93541,True,9,10,3,2,coin_overflow
smart,20261616,42,111727,True,7,8,5,2,coin_overflow
smart,20261617,52,134003,True,10,13,10,1,coin_overflow
smart,20261618,32,83021,True,6,13,2,1,coin_overflow
smart,20261619,30,77561,True,7,12,1,2,coin_overflow
smart,20261620,30,79013,True,11,12,3,1,coin_overflow
smart,20261621,33,83662,True,8,10,3,1,coin_overflow
smart,20261622,33,82102,True,10,13,3,2,coin_overflow
smart,20261623,32,84016,True,12,13,4,1,coin_overflow
smart,20261624,32,81052,True,12,13,4,1,coin_overflow
smart,20261625,27,67041,True,9,11,2,0,coin_overflow
smart,20261626,27,67014,True,10,11,1,2,coin_overflow
smart,20261627,42,108537,True,8,9,6,1,coin_overflow
smart,20261628,40,101762,True,8,9,6,0,coin_overflow
smart,20261629,31,80126,True,10,11,3,1,coin_overflow
smart,20261630,44,108301,True,9,12,7,1,coin_overflow
smart,20261631,41,108172,True,9,10,6,1,coin_overflow
smart,20261632,43,109313,True,8,9,7,0,coin_overflow
smart,20261633,26,62802,True,9,10,1,1,coin_overflow
smart,20261634,33,83511,True,10,13,3,2,coin_overflow
smart,20261635,28,66776,True,7,8,1,1,coin_overflow
smart,20261636,40,104134,True,7,8,5,1,coin_overflow
smart,20261637,28,79027,True,7,11,1,1,coin_overflow
smart,20261638,37,96402,True,9,10,4,2,coin_overflow
smart,20261639,36,96056,True,8,13,2,4,coin_overflow
smart,20261640,32,82054,True,9,11,3,1,coin_overflow
smart,20261641,30,77011,True,13,14,3,2,coin_overflow
smart,20261642,26,64801,True,8,11,0,2,coin_overflow
smart,20261643,36,92191,True,8,9,4,1,coin_overflow
smart,20261644,53,136061,True,8,13,9,2,coin_overflow
smart,20261645,34,88601,True,12,13,4,2,coin_overflow
smart,20261646,38,97151,True,11,13,5,2,coin_overflow
smart,20261647,39,106252,True,9,11,6,0,coin_overflow
smart,20261648,33,91052,True,8,13,3,1,coin_overflow
smart,20261649,51,128546,True,7,9,8,2,coin_overflow
smart,20261650,40,108027,True,10,11,6,1,coin_overflow
smart,20261651,31,80511,True,11,13,4,0,coin_overflow
smart,20261652,41,100217,True,8,10,5,2,coin_overflow
smart,20261653,28,75044,True,7,8,1,1,coin_overflow
smart,20261654,78,201572,True,9,10,19,0,coin_overflow
smart,20261655,28,72566,True,9,11,1,2,coin_overflow
smart,20261656,63,156203,True,8,11,13,1,coin_overflow
smart,20261657,28,71621,True,9,11,1,2,coin_overflow
smart,20261658,33,88062,True,11,12,4,1,coin_overflow
smart,20261659,57,143804,True,7,8,10,2,coin_overflow
smart,20261660,34,90114,True,9,10,3,2,coin_overflow
smart,20261661,27,70560,True,7,8,0,2,coin_overflow
smart,20261662,44,115663,True,8,9,6,2,coin_overflow
smart,20261663,31,79601,True,8,13,3,0,coin_overflow
smart,20261664,41,108056,True,12,13,7,1,coin_overflow
smart,20261665,33,92246,True,5,8,2,1,coin_overflow
smart,20261666,33,82107,True,11,12,4,1,coin_overflow
smart,20261667,56,151086,True,9,10,11,1,coin_overflow
smart,20261668,40,105951,True,8,9,6,0,coin_overflow
smart,20261669,37,96786,True,6,7,3,2,coin_overflow
smart,20261670,63,160064,True,7,10,12,2,coin_overflow
smart,20261671,29,70026,True,11,12,2,2,coin_overflow
smart,20261672,34,85174,True,7,8,3,1,coin_overflow
smart,20261673,21,52116,True,11,12,0,1,coin_overflow
smart,20261674,24,56516,True,10,12,0,2,coin_overflow
smart,20261675,41,109759,True,4,7,5,0,coin_overflow
smart,20261676,35,79506,True,9,13,4,1,coin_overflow
smart,20261677,37,98702,True,10,11,5,1,coin_overflow
smart,20261678,26,67103,True,9,12,1,1,coin_overflow
smart,20261679,37,97006,True,13,14,6,1,coin_overflow
smart,20261680,35,96236,True,8,9,3,2,coin_overflow
smart,20261681,35,94011,True,13,14,6,0,coin_overflow
smart,20261682,29,81246,True,5,8,0,2,coin_overflow
smart,20261683,23,62007,True,12,13,1,1,coin_overflow
smart,20261684,25,65031,True,11,12,0,3,coin_overflow
smart,20261685,34,93056,True,12,13,4,2,coin_overflow
smart,20261686,26,66007,True,11,13,1,2,coin_overflow
smart,20261687,31,77652,True,7,11,2,1,coin_overflow
smart,20261688,32,77213,True,9,10,3,1,coin_overflow
smart,20261689,39,98801,True,10,11,5,2,coin_overflow
smart,20261690,41,104543,True,7,8,6,0,coin_overflow
smart,20261691,39,106553,True,8,11,5,1,coin_overflow
smart,20261692,34,93236,True,7,9,3,1,coin_overflow
smart,20261693,27,67116,True,10,12,1,2,coin_overflow
smart,20261694,36,86601,True,12,13,6,0,coin_overflow
smart,20261695,37,94233,True,7,8,4,1,coin_overflow
smart,20261696,26,66065,True,8,9,0,2,coin_overflow
smart,20261697,52,127852,True,8,9,10,0,coin_overflow
smart,20261698,25,62027,True,10,11,1,1,coin_overflow
smart,20261699,37,94026,True,11,12,6,0,coin_overflow
smart,20261700,34,93601,True,8,13,2,3,coin_overflow
smart,20261701,52,140107,True,9,12,9,2,coin_overflow
smart,20261702,32,77003,True,11,13,3,2,coin_overflow
smart,20261703,34,81666,True,7,10,3,1,coin_overflow
smart,20261704,38,99804,True,6,8,4,1,coin_overflow
smart,20261705,39,105901,True,6,10,5,0,coin_overflow
smart,20261706,32,78021,True,9,13,3,1,coin_overflow
smart,20261707,63,167011,True,11,14,14,1,coin_overflow
smart,20261708,63,158518,True,8,10,13,1,coin_overflow
smart,20261709,29,78152,True,10,12,3,0,coin_overflow
smart,20261710,40,106651,True,10,12,6,1,coin_overflow
smart,20261711,32,84258,True,7,9,3,0,coin_overflow
smart,20261712,68,184531,True,9,11,15,1,coin_overflow
smart,20261713,26,66201,True,11,13,1,2,coin_overflow
smart,20261714,28,75046,True,6,10,0,2,coin_overflow
smart,20261715,42,105222,True,9,10,7,0,coin_overflow
smart,20261716,31,79010,True,8,10,3,0,coin_overflow
smart,20261717,28,68671,True,9,10,1,2,coin_overflow
smart,20261718,33,87156,True,9,12,4,0,coin_overflow
smart,20261719,34,90201,True,12,13,4,2,coin_overflow
smart,20261720,33,90801,True,8,11,3,1,coin_overflow
smart,20261721,30,80021,True,11,13,3,1,coin_overflow
smart,20261722,30,77752,True,8,10,2,1,coin_overflow
smart,20261723,36,84128,True,8,9,4,1,coin_overflow
smart,20261724,51,132912,True,7,8,8,2,coin_overflow
smart,20261725,37,96526,True,9,11,4,2,coin_overflow
smart,20261726,36,98086,True,9,10,5,0,coin_overflow
smart,20261727,27,73022,True,11,12,2,1,coin_overflow
smart,20261728,31,79181,True,9,10,2,2,coin_overflow
smart,20261729,48,125167,True,8,10,8,1,coin_overflow
smart,20261730,51,124014,True,9,11,10,0,coin_overflow
smart,20261731,37,97076,True,9,11,4,2,coin_overflow
smart,20261732,49,122576,True,7,10,8,1,coin_overflow
smart,20261733,30,79412,True,8,9,2,1,coin_overflow
smart,20261734,47,123277,True,5,8,6,2,coin_overflow
smart,20261735,48,124057,True,11,12,9,1,coin_overflow
smart,20261736,35,96023,True,9,11,4,1,coin_overflow
smart,20261737,31,81336,True,7,8,2,1,coin_overflow
smart,20261738,25,62206,True,10,12,1,1,coin_overflow
smart,20261739,39,105306,True,8,11,5,1,coin_overflow
smart,20261740,25,63001,True,10,15,1,1,coin_overflow
smart,20261741,49,125029,True,7,9,8,1,coin_overflow
smart,20261742,40,104003,True,9,13,5,2,coin_overflow
smart,20261743,63,157555,True,8,9,13,1,coin_overflow
smart,20261744,40,106081,True,9,11,5,2,coin_overflow
smart,20261745,27,71067,True,10,11,1,2,coin_overflow
smart,20261746,37,96156,True,11,12,4,3,coin_overflow
smart,20261747,62,157114,True,9,10,13,1,coin_overflow
smart,20261748,43,108032,True,10,11,7,1,coin_overflow
smart,20261749,38,97901,True,6,10,4,1,coin_overflow
smart,20261750,47,123321,True,9,10,8,1,coin_overflow
smart,20261751,31,81416,True,7,9,2,1,coin_overflow
smart,20261752,47,123961,True,7,8,6,3,coin_overflow
smart,20261753,43,111068,True,9,10,6,2,coin_overflow
smart,20261754,36,89516,True,11,12,5,1,coin_overflow
smart,20261755,33,83151,True,11,13,4,1,coin_overflow
smart,20261756,30,78066,True,11,12,3,1,coin_overflow
smart,20261757,33,83001,True,12,15,5,0,coin_overflow
smart,20261758,45,118142,True,7,9,6,2,coin_overflow
smart,20261759,20,48011,True,12,14,0,1,coin_overflow
smart,20261760,53,139262,True,8,10,9,2,coin_overflow
smart,20261761,38,101009,True,8,11,4,2,coin_overflow
smart,20261762,55,142146,True,8,9,11,0,coin_overflow
smart,20261763,51,136355,True,6,7,7,3,coin_overflow
smart,20261764,38,102046,True,8,10,4,2,coin_overflow
smart,20261765,50,127029,True,8,9,8,2,coin_overflow
smart,20261766,30,80631,True,8,10,2,1,coin_overflow
smart,20261767,55,140091,True,6,10,9,2,coin_overflow
smart,20261768,28,76112,True,9,12,1,2,coin_overflow
smart,20261769,29,76851,True,8,10,1,2,coin_overflow
smart,20261770,44,112641,True,8,9,6,2,coin_overflow
smart,20261771,54,143401,True,8,11,10,1,coin_overflow
smart,20261772,29,75108,True,9,11,2,1,coin_overflow
smart,20261773,37,97814,True,6,7,3,2,coin_overflow
smart,20261774,50,124157,True,10,11,10,0,coin_overflow
smart,20261775,34,92058,True,9,11,3,2,coin_overflow
smart,20261776,50,129001,True,9,15,9,1,coin_overflow
smart,20261777,56,142105,True,9,10,11,1,coin_overflow
smart,20261778,28,74092,True,7,9,1,1,coin_overflow
smart,20261779,43,109218,True,6,9,5,2,coin_overflow
smart,20261780,33,86576,True,9,10,4,0,coin_overflow
smart,20261781,29,78002,True,11,14,2,2,coin_overflow
smart,20261782,43,112044,True,7,8,6,1,coin_overflow
smart,20261783,34,83083,True,7,9,3,1,coin_overflow
smart,20261784,27,66012,True,10,13,1,2,coin_overflow
smart,20261785,41,108536,True,6,10,5,1,coin_overflow
smart,20261786,50,136068,True,8,10,8,2,coin_overflow
smart,20261787,40,97713,True,5,9,5,0,coin_overflow
smart,20261788,31,80636,True,7,9,2,1,coin_overflow
smart,20261789,38,101077,True,9,10,5,1,coin_overflow
smart,20261790,44,110178,True,6,8,6,1,coin_overflow
smart,20261791,31,82016,True,12,13,3,2,coin_overflow
smart,20261792,26,64553,True,10,11,2,0,coin_overflow
smart,20261793,32,79086,True,9,10,3,1,coin_overflow
smart,20261794,32,89751,True,10,11,4,0,coin_overflow
smart,20261795,38,100051,True,12,14,6,1,coin_overflow
smart,20261796,33,84001,True,10,15,3,2,coin_overflow
smart,20261797,35,96804,True,6,8,3,1,coin_overflow
smart,20261798,36,93512,True,7,12,3,2,coin_overflow
smart,20261799,35,91802,True,8,10,3,2,coin_overflow
smart,20261800,47,123321,True,9,10,8,1,coin_overflow
smart,20261801,27,69161,True,9,12,0,3,coin_overflow
smart,20261802,30,76033,True,8,10,2,1,coin_overflow
smart,20261803,41,110133,True,7,9,6,0,coin_overflow
smart,20261804,38,94566,True,6,11,4,1,coin_overflow
smart,20261805,34,88056,True,7,13,3,1,coin_overflow
smart,20261806,25,63006,True,12,14,1,2,coin_overflow
smart,20261807,51,132324,True,6,7,9,0,coin_overflow
smart,20261808,32,90116,True,11,12,3,2,coin_overflow
smart,20261809,41,107527,True,7,10,4,3,coin_overflow
smart,20261810,41,110062,True,6,12,5,1,coin_overflow
smart,20261811,33,80411,True,8,10,3,1,coin_overflow
smart,20261812,28,77504,True,8,11,2,0,coin_overflow
smart,20261813,26,68627,True,6,9,0,1,coin_overflow
smart,20261814,44,111311,True,8,11,6,2,coin_overflow
smart,20261815,58,150141,True,9,10,11,2,coin_overflow
smart,20261816,50,127651,True,7,12,9,0,coin_overflow
smart,20261817,42,107002,True,10,14,6,2,coin_overflow
smart,20261818,32,87010,True,9,10,3,1,coin_overflow
smart,20261819,38,104106,True,5,13,3,2,coin_overflow
smart,20261820,47,121503,True,9,12,8,1,coin_overflow
smart,20261821,55,142401,True,7,11,10,1,coin_overflow
smart,20261822,56,146966,True,6,7,10,1,coin_overflow
smart,20261823,62,158531,True,8,11,12,2,coin_overflow
smart,20261824,50,128142,True,8,9,8,2,coin_overflow
smart,20261825,29,77607,True,8,11,1,2,coin_overflow
smart,20261826,31,78061,True,11,13,4,0,coin_overflow
smart,20261827,27,67612,True,9,11,0,3,coin_overflow
smart,20261828,28,75011,True,12,14,2,2,coin_overflow
smart,20261829,30,76502,True,12,13,4,0,coin_overflow
smart,20261830,31,79652,True,7,11,2,1,coin_overflow
smart,20261831,35,95053,True,9,12,2,4,coin_overflow
smart,20261832,25,62011,True,9,14,0,2,coin_overflow
smart,20261833,35,91673,True,7,8,2,3,coin_overflow
smart,20261834,34,92661,True,8,11,4,0,coin_overflow
smart,20261835,26,68052,True,9,13,1,1,coin_overflow
smart,20261836,33,83202,True,11,12,4,1,coin_overflow
smart,20261837,52,139017,True,10,12,10,1,coin_overflow
smart,20261838,47,115075,True,7,8,8,0,coin_overflow
smart,20261839,40,110261,True,9,11,5,2,coin_overflow
smart,20261840,32,82536,True,8,10,2,2,coin_overflow
smart,20261841,37,98259,True,7,8,4,1,coin_overflow
smart,20261842,27,76056,True,10,13,1,2,coin_overflow
smart,20261843,61,158102,True,10,13,13,1,coin_overflow
smart,20261844,24,64076,True,10,11,0,2,coin_overflow
smart,20261845,32,82703,True,8,10,2,2,coin_overflow
smart,20261846,38,102501,True,11,14,5,2,coin_overflow
smart,20261847,42,106206,True,10,12,6,2,coin_overflow
smart,20261848,51,134707,True,6,10,9,0,coin_overflow
smart,20261849,40,104701,True,10,12,6,1,coin_overflow
smart,20261850,26,67027,True,9,11,1,1,coin_overflow
smart,20261851,37,96561,True,11,12,4,3,coin_overflow
smart,20261852,21,53103,True,11,12,0,1,coin_overflow
smart,20261853,24,62557,True,10,11,0,2,coin_overflow
smart,20261854,45,115011,True,11,14,8,1,coin_overflow
smart,20261855,42,107222,True,8,10,6,1,coin_overflow
smart,20261856,26,61851,True,9,10,1,1,coin_overflow
smart,20261857,26,76501,True,12,14,2,1,coin_overflow
smart,20261858,32,80661,True,10,11,4,0,coin_overflow
smart,20261859,33,83052,True,7,13,2,2,coin_overflow
smart,20261860,32,79842,True,5,6,1,2,coin_overflow
smart,20261861,37,96107,True,9,12,4,2,coin_overflow
smart,20261862,47,122902,True,5,9,6,2,coin_overflow
smart,20261863,24,66512,True,10,12,0,2,coin_overflow
smart,20261864,33,93507,True,8,12,3,1,coin_overflow
smart,20261865,35,93509,True,8,10,3,2,coin_overflow
smart,20261866,59,150531,True,8,11,11,2,coin_overflow
smart,20261867,45,114574,True,6,8,5,3,coin_overflow
smart,20261868,30,70013,True,11,12,3,1,coin_overflow
smart,20261869,40,101166,True,9,11,5,2,coin_overflow
smart,20261870,46,120331,True,7,9,7,1,coin_overflow
smart,20261871,29,70036,True,10,11,3,0,coin_overflow
smart,20261872,41,98101,True,9,14,6,1,coin_overflow
smart,20261873,29,76661,True,9,11,2,1,coin_overflow
smart,20261874,44,116401,True,9,11,7,1,coin_overflow
smart,20261875,40,108702,True,8,11,6,0,coin_overflow
smart,20261876,28,69751,True,10,11,2,1,coin_overflow
smart,20261877,42,109051,True,11,14,7,1,coin_overflow
smart,20261878,49,126526,True,8,11,7,3,coin_overflow
smart,20261879,30,77706,True,9,11,3,0,coin_overflow
smart,20261880,30,69032,True,10,11,2,2,coin_overflow
smart,20261881,37,95152,True,11,12,6,0,coin_overflow
smart,20261882,40,104816,True,7,9,5,1,coin_overflow
smart,20261883,34,86513,True,8,11,2,3,coin_overflow
smart,20261884,42,108231,True,8,10,6,1,coin_overflow
smart,20261885,35,90136,True,8,10,3,2,coin_overflow
smart,20261886,28,67202,True,10,12,2,1,coin_overflow
smart,20261887,62,152316,True,9,10,13,1,coin_overflow
smart,20261888,26,64626,True,9,10,1,1,coin_overflow
smart,20261889,35,94201,True,10,13,5,0,coin_overflow
smart,20261890,39,105071,True,11,12,6,1,coin_overflow
smart,20261891,33,89037,True,8,10,3,1,coin_overflow
smart,20261892,28,69301,True,11,12,3,0,coin_overflow
smart,20261893,28,78012,True,11,13,1,3,coin_overflow
smart,20261894,26,66061,True,12,13,2,1,coin_overflow
smart,20261895,28,65501,True,7,14,1,1,coin_overflow
smart,20261896,30,77617,True,8,10,2,1,coin_overflow
smart,20261897,35,84043,True,8,9,3,2,coin_overflow
smart,20261898,39,95454,True,6,7,5,0,coin_overflow
smart,20261899,29,74512,True,10,12,3,0,coin_overflow
smart,20261900,38,96551,True,10,13,4,3,coin_overflow
smart,20261901,36,96009,True,7,11,3,2,coin_overflow
smart,20261902,35,86127,True,9,10,4,1,coin_overflow
smart,20261903,38,95521,True,10,12,6,0,coin_overflow
smart,20261904,29,81522,True,10,11,1,3,coin_overflow
smart,20261905,50,125037,True,9,10,9,1,coin_overflow
smart,20261906,33,89286,True,7,8,2,2,coin_overflow
smart,20261907,29,72547,True,7,8,0,3,coin_overflow
smart,20261908,44,111656,True,9,11,7,1,coin_overflow
smart,20261909,33,86562,True,10,11,3,2,coin_overflow
smart,20261910,42,106556,True,9,12,5,3,coin_overflow
smart,20261911,57,144766,True,5,9,10,1,coin_overflow
smart,20261912,39,103636,True,8,9,5,1,coin_overflow
smart,20261913,42,110713,True,8,9,6,1,coin_overflow
smart,20261914,34,87021,True,9,13,3,2,coin_overflow
smart,20261915,39,100153,True,10,11,5,2,coin_overflow
smart,20261916,46,117071,True,11,12,9,0,coin_overflow
smart,20261917,47,116103,True,9,12,8,1,coin_overflow
smart,20261918,29,78636,True,8,9,1,2,coin_overflow
smart,20261919,28,74551,True,10,13,2,1,coin_overflow
smart,20261920,28,76513,True,10,11,2,1,coin_overflow
smart,20261921,30,76507,True,11,12,3,1,coin_overflow
smart,20261922,48,126753,True,8,9,8,1,coin_overflow
smart,20261923,39,105672,True,8,9,5,1,coin_overflow
smart,20261924,24,62051,True,11,14,1,1,coin_overflow
smart,20261925,27,76118,True,8,10,1,1,coin_overflow
smart,20261926,33,91042,True,6,10,1,3,coin_overflow
smart,20261927,41,109024,True,7,10,6,0,coin_overflow
smart,20261928,45,122154,True,9,10,6,3,coin_overflow
smart,20261929,38,93007,True,9,13,5,1,coin_overflow
smart,20261930,30,78506,True,11,13,3,1,coin_overflow
smart,20261931,26,65066,True,11,12,1,2,coin_overflow
smart,20261932,35,84003,True,8,13,3,2,coin_overflow
smart,20261933,33,88401,True,8,11,3,1,coin_overflow
smart,20261934,37,93064,True,9,10,4,2,coin_overflow
smart,20261935,37,95542,True,7,9,4,1,coin_overflow
smart,20261936,38,96551,True,11,13,5,2,coin_overflow
smart,20261937,31,80502,True,7,13,2,1,coin_overflow
smart,20261938,44,109296,True,6,7,6,1,coin_overflow
smart,20261939,23,64012,True,12,13,1,1,coin_overflow
smart,20261940,37,97254,True,8,9,5,0,coin_overflow
smart,20261941,62,157053,True,7,12,13,0,coin_overflow
smart,20261942,47,123017,True,11,12,8,2,coin_overflow
smart,20261943,32,80673,True,6,8,2,1,coin_overflow
smart,20261944,37,95076,True,10,11,5,1,coin_overflow
smart,20261945,37,94027,True,6,11,3,2,coin_overflow
smart,20261946,30,71212,True,9,11,3,0,coin_overflow
smart,20261947,19,47001,True,14,15,1,0,coin_overflow
smart,20261948,44,108631,True,9,10,7,1,coin_overflow
smart,20261949,39,105231,True,9,10,6,0,coin_overflow
smart,20261950,32,89076,True,9,11,3,1,coin_overflow
smart,20261951,54,129815,True,5,6,9,1,coin_overflow
smart,20261952,31,77004,True,10,12,3,1,coin_overflow
smart,20261953,35,95538,True,7,8,4,0,coin_overflow
smart,20261954,36,92732,True,6,8,4,0,coin_overflow
smart,20261955,31,80507,True,11,12,4,0,coin_overflow
smart,20261956,32,84708,True,8,9,2,2,coin_overflow
smart,20261957,36,92404,True,5,8,3,1,coin_overflow
smart,20261958,40,106518,True,7,10,5,1,coin_overflow
smart,20261959,26,67153,True,9,11,1,1,coin_overflow
smart,20261960,43,109702,True,8,11,7,0,coin_overflow
smart,20261961,39,105566,True,9,11,4,3,coin_overflow
smart,20261962,31,79206,True,7,12,2,1,coin_overflow
smart,20261963,28,78616,True,10,11,2,1,coin_overflow
smart,20261964,43,113260,True,6,7,5,2,coin_overflow
smart,20261965,26,67211,True,9,12,1,1,coin_overflow
smart,20261966,36,90044,True,5,8,3,1,coin_overflow
smart,20261967,28,69113,True,9,11,1,2,coin_overflow
smart,20261968,44,111071,True,9,12,7,1,coin_overflow
smart,20261969,22,54153,True,10,11,0,1,coin_overflow
smart,20261970,29,63051,True,13,14,4,0,coin_overflow
smart,20261971,43,108115,True,8,9,5,3,coin_overflow
smart,20261972,50,125302,True,8,11,8,2,coin_overflow
smart,20261973,63,159851,True,9,10,14,0,coin_overflow
smart,20261974,29,76562,True,8,11,1,2,coin_overflow
smart,20261975,49,127611,True,11,12,10,0,coin_overflow
smart,20261976,36,95156,True,11,12,5,1,coin_overflow
smart,20261977,33,88666,True,8,10,3,1,coin_overflow
smart,20261978,28,67051,True,7,14,1,1,coin_overflow
smart,20261979,40,111113,True,10,11,4,4,coin_overflow
smart,20261980,30,79011,True,10,14,2,2,coin_overflow
smart,20261981,32,83616,True,10,11,2,3,coin_overflow
smart,20261982,43,115631,True,7,10,6,1,coin_overflow
smart,20261983,50,125706,True,8,11,8,2,coin_overflow
smart,20261984,63,157803,True,7,9,12,2,coin_overflow
smart,20261985,36,98037,True,8,10,4,1,coin_overflow
smart,20261986,30,68716,True,9,10,3,0,coin_overflow
smart,20261987,73,185191,True,7,9,16,1,coin_overflow
smart,20261988,26,61501,True,12,14,2,1,coin_overflow
smart,20261989,36,94053,True,11,12,5,1,coin_overflow
smart,20261990,48,123556,True,8,12,8,1,coin_overflow
smart,20261991,43,112128,True,8,9,7,0,coin_overflow
smart,20261992,36,93002,True,12,14,6,0,coin_overflow
smart,20261993,57,146216,True,10,11,11,2,coin_overflow
smart,20261994,56,141509,True,8,10,10,2,coin_overflow
smart,20261995,31,78107,True,9,12,2,2,coin_overflow
smart,20261996,33,90513,True,7,11,2,2,coin_overflow
smart,20261997,38,94961,True,7,8,5,0,coin_overflow
smart,20261998,32,90013,True,11,12,3,2,coin_overflow
smart,20261999,39,104142,True,7,9,4,2,coin_overflow
smart,20262000,36,94052,True,11,13,5,1,coin_overflow
smart,20262001,27,64061,True,9,13,2,0,coin_overflow
smart,20262002,36,96176,True,8,10,4,1,coin_overflow
smart,20262003,43,111201,True,12,13,7,2,coin_overflow
smart,20262004,34,83306,True,7,11,3,1,coin_overflow
smart,20262005,31,79502,True,10,13,3,1,coin_overflow
smart,20262006,45,113266,True,9,10,6,3,coin_overflow
smart,20262007,47,123657,True,6,10,7,1,coin_overflow
smart,20262008,41,105041,True,8,11,5,2,coin_overflow
smart,20262009,25,63253,True,8,10,1,0,coin_overflow
smart,20262010,39,96082,True,7,10,4,2,coin_overflow
smart,20262011,35,92106,True,12,13,5,1,coin_overflow
smart,20262012,27,74066,True,11,12,2,1,coin_overflow
smart,20262013,31,81553,True,10,11,3,1,coin_overflow
smart,20262014,29,70021,True,11,13,2,2,coin_overflow
smart,20262015,36,92264,True,7,8,3,2,coin_overflow
smart,20262016,29,65652,True,9,11,2,1,coin_overflow
smart,20262017,29,78532,True,9,10,2,1,coin_overflow
smart,20262018,38,97212,True,9,11,3,4,coin_overflow
smart,20262019,44,113103,True,9,12,7,1,coin_overflow
smart,20262020,63,156553,True,10,11,13,2,coin_overflow
smart,20262021,37,94051,True,10,14,5,1,coin_overflow
smart,20262022,43,109012,True,11,13,8,0,coin_overflow
smart,20262023,41,107056,True,8,13,5,2,coin_overflow
smart,20262024,41,106624,True,6,8,5,1,coin_overflow
smart,20262025,57,140311,True,6,11,11,0,coin_overflow
smart,20262026,25,62251,True,10,12,1,1,coin_overflow
smart,20262027,46,114208,True,8,10,6,3,coin_overflow
smart,20262028,25,63204,True,8,10,1,0,coin_overflow
smart,20262029,31,81532,True,6,10,1,2,coin_overflow
smart,20262030,29,77166,True,9,11,2,1,coin_overflow
smart,20262031,39,106351,True,8,11,5,1,coin_overflow
smart,20262032,30,79007,True,10,13,2,2,coin_overflow
smart,20262033,49,127802,True,7,10,8,1,coin_overflow
smart,20262034,31,82308,True,6,9,1,2,coin_overflow
smart,20262035,32,83048,True,7,8,3,0,coin_overflow
smart,20262036,25,63311,True,10,11,1,1,coin_overflow
smart,20262037,45,114112,True,11,12,8,1,coin_overflow
smart,20262038,40,97002,True,7,14,5,1,coin_overflow
smart,20262039,50,122277,True,7,8,9,0,coin_overflow
smart,20262040,28,69621,True,10,11,2,1,coin_overflow
smart,20262041,56,151551,True,7,13,9,3,coin_overflow
smart,20262042,28,66522,True,10,11,2,1,coin_overflow
smart,20262043,24,62064,True,8,10,0,1,coin_overflow
smart,20262044,31,80062,True,11,12,4,0,coin_overflow
smart,20262045,34,94321,True,7,10,3,1,coin_overflow
smart,20262046,41,110032,True,6,11,5,1,coin_overflow
smart,20262047,45,112276,True,8,9,7,1,coin_overflow
smart,20262048,45,115186,True,8,9,7,1,coin_overflow
smart,20262049,22,52504,True,10,11,0,1,coin_overflow
smart,20262050,33,81601,True,12,13,3,3,coin_overflow
smart,20262051,45,118401,True,9,11,8,0,coin_overflow
smart,20262052,30,80003,True,9,13,1,3,coin_overflow
smart,20262053,48,124018,True,10,11,8,2,coin_overflow
smart,20262054,44,111476,True,5,7,5,2,coin_overflow
smart,20262055,38,94603,True,10,11,6,0,coin_overflow
smart,20262056,35,95016,True,5,13,2,2,coin_overflow
smart,20262057,34,90234,True,4,7,2,1,coin_overflow
smart,20262058,34,92021,True,11,13,5,0,coin_overflow
smart,20262059,49,124031,True,11,12,10,0,coin_overflow
smart,20262060,27,67101,True,11,14,2,1,coin_overflow
smart,20262061,30,81201,True,12,13,4,0,coin_overflow
smart,20262062,31,79727,True,7,8,2,1,coin_overflow
smart,20262063,40,100131,True,9,11,5,2,coin_overflow
smart,20262064,32,79171,True,9,11,3,1,coin_overflow
smart,20262065,30,81151,True,10,13,2,2,coin_overflow
smart,20262066,35,90041,True,9,11,4,1,coin_overflow
smart,20262067,30,78753,True,8,9,2,1,coin_overflow
smart,20262068,60,153103,True,10,12,12,2,coin_overflow
smart,20262069,38,96031,True,11,12,5,2,coin_overflow
smart,20262070,35,92111,True,12,13,5,1,coin_overflow
smart,20262071,43,108541,True,9,10,6,2,coin_overflow
smart,20262072,55,142082,True,9,10,10,2,coin_overflow
smart,20262073,43,112511,True,10,13,5,4,coin_overflow
smart,20262074,25,66006,True,13,14,2,1,coin_overflow
smart,20262075,55,140202,True,11,12,12,0,coin_overflow
smart,20262076,40,107021,True,9,13,5,2,coin_overflow
smart,20262077,33,79766,True,5,9,2,1,coin_overflow
smart,20262078,35,84027,True,8,11,3,2,coin_overflow
smart,20262079,39,106086,True,7,10,4,2,coin_overflow
smart,20262080,30,81051,True,8,14,2,1,coin_overflow
smart,20262081,29,70501,True,11,14,2,2,coin_overflow
smart,20262082,35,80251,True,9,12,4,1,coin_overflow
smart,20262083,25,65507,True,10,12,1,1,coin_overflow
smart,20262084,30,80682,True,7,8,1,2,coin_overflow
smart,20262085,33,82501,True,12,14,3,3,coin_overflow
smart,20262086,28,76056,True,9,13,1,2,coin_overflow
smart,20262087,35,93011,True,12,14,5,1,coin_overflow
smart,20262088,34,83026,True,11,12,5,0,coin_overflow
smart,20262089,27,74601,True,11,13,2,1,coin_overflow
smart,20262090,35,92091,True,9,10,4,1,coin_overflow
smart,20262091,38,96027,True,6,11,4,1,coin_overflow
smart,20262092,42,109313,True,7,9,5,2,coin_overflow
smart,20262093,40,108602,True,9,12,5,2,coin_overflow
smart,20262094,39,96272,True,7,9,4,2,coin_overflow
smart,20262095,34,93154,True,9,10,3,2,coin_overflow
smart,20262096,33,92026,True,11,12,4,1,coin_overflow
smart,20262097,43,112642,True,7,8,6,1,coin_overflow
smart,20262098,42,110816,True,8,9,6,1,coin_overflow
smart,20262099,23,53611,True,11,12,0,2,coin_overflow
smart,20262100,31,81167,True,7,10,2,1,coin_overflow
smart,20262101,35,94651,True,11,12,4,2,coin_overflow
smart,20262102,48,121073,True,8,10,8,1,coin_overflow
smart,20262103,62,154656,True,8,11,12,2,coin_overflow
smart,20262104,48,127063,True,9,11,7,3,coin_overflow
smart,20262105,35,93866,True,7,8,2,3,coin_overflow
smart,20262106,30,72721,True,9,10,1,3,coin_overflow
smart,20262107,27,73566,True,8,11,1,1,coin_overflow
smart,20262108,23,63506,True,12,13,1,1,coin_overflow
smart,20262109,30,78511,True,12,13,4,0,coin_overflow
smart,20262110,27,75251,True,10,12,1,2,coin_overflow
smart,20262111,41,104707,True,9,10,6,1,coin_overflow
smart,20262112,29,77672,True,8,9,1,2,coin_overflow
smart,20262113,53,140203,True,9,11,10,1,coin_overflow
smart,20262114,27,66701,True,9,12,2,0,coin_overflow
smart,20262115,36,94161,True,9,12,5,0,coin_overflow
smart,20262116,33,92091,True,7,10,2,2,coin_overflow
smart,20262117,47,121502,True,12,13,9,1,coin_overflow
smart,20262118,31,81087,True,7,9,2,1,coin_overflow
smart,20262119,27,65056,True,10,13,1,2,coin_overflow
smart,20262120,40,106571,True,7,11,5,1,coin_overflow
smart,20262121,34,93656,True,9,11,3,2,coin_overflow
smart,20262122,32,82616,True,8,11,2,2,coin_overflow
smart,20262123,63,160758,True,6,8,13,0,coin_overflow
smart,20262124,31,80802,True,9,10,2,2,coin_overflow
smart,20262125,40,110214,True,6,9,4,2,coin_overflow
smart,20262126,26,73301,True,11,12,1,2,coin_overflow
smart,20262127,31,78001,True,11,15,4,0,coin_overflow
smart,20262128,35,91013,True,10,12,5,0,coin_overflow
smart,20262129,29,80072,True,10,11,1,3,coin_overflow
smart,20262130,33,80161,True,11,12,4,1,coin_overflow
smart,20262131,25,65012,True,12,13,1,2,coin_overflow
smart,20262132,50,124816,True,7,9,9,0,coin_overflow
smart,20262133,47,127256,True,10,11,7,3,coin_overflow
smart,20262134,31,78062,True,11,12,4,0,coin_overflow
smart,20262135,30,79214,True,7,9,1,2,coin_overflow
smart,20262136,70,173026,True,10,12,16,1,coin_overflow
smart,20262137,33,91062,True,8,12,3,1,coin_overflow
smart,20262138,40,100101,True,12,14,6,2,coin_overflow
smart,20262139,41,107753,True,8,9,5,2,coin_overflow
smart,20262140,36,89159,True,8,9,4,1,coin_overflow
smart,20262141,38,97163,True,9,10,5,1,coin_overflow
smart,20262142,61,154261,True,10,11,13,1,coin_overflow
smart,20262143,34,91021,True,12,13,4,2,coin_overflow
smart,20262144,34,84813,True,7,8,3,1,coin_overflow
smart,20262145,33,78326,True,8,9,3,1,coin_overflow
smart,20262146,35,94122,True,9,11,4,1,coin_overflow
smart,20262147,49,123003,True,11,13,10,0,coin_overflow
smart,20262148,32,80304,True,7,9,3,0,coin_overflow
smart,20262149,26,72091,True,9,10,1,1,coin_overflow
smart,20262150,32,82174,True,6,8,2,1,coin_overflow
smart,20262151,43,110083,True,8,9,7,0,coin_overflow
smart,20262152,35,80721,True,8,10,3,2,coin_overflow
smart,20262153,19,48501,True,13,14,0,1,coin_overflow
smart,20262154,38,100002,True,6,14,4,1,coin_overflow
smart,20262155,40,100168,True,8,9,6,0,coin_overflow
smart,20262156,31,81356,True,7,10,2,1,coin_overflow
smart,20262157,34,85541,True,8,10,4,0,coin_overflow
smart,20262158,40,109505,True,9,10,5,2,coin_overflow
smart,20262159,41,94676,True,7,9,6,0,coin_overflow
smart,20262160,31,80091,True,7,10,2,1,coin_overflow
smart,20262161,44,113251,True,7,12,5,3,coin_overflow
smart,20262162,24,64023,True,10,11,0,2,coin_overflow
smart,20262163,38,96271,True,8,10,4,2,coin_overflow
smart,20262164,39,99653,True,7,10,4,2,coin_overflow
smart,20262165,35,88301,True,9,12,4,1,coin_overflow
smart,20262166,24,63017,True,11,12,1,1,coin_overflow
smart,20262167,49,125003,True,9,13,8,2,coin_overflow
smart,20262168,33,90356,True,8,10,3,1,coin_overflow
smart,20262169,34,94012,True,12,13,4,2,coin_overflow
smart,20262170,34,92052,True,10,13,4,1,coin_overflow
smart,20262171,42,108501,True,9,14,7,0,coin_overflow
smart,20262172,29,68627,True,8,9,1,2,coin_overflow
smart,20262173,29,78052,True,11,13,2,2,coin_overflow
smart,20262174,25,64001,True,10,15,1,1,coin_overflow
smart,20262175,52,138752,True,6,10,8,2,coin_overflow
smart,20262176,25,66206,True,11,12,0,3,coin_overflow
smart,20262177,34,89003,True,12,13,4,2,coin_overflow
smart,20262178,34,87042,True,5,10,1,3,coin_overflow
smart,20262179,35,94111,True,11,13,4,2,coin_overflow
smart,20262180,45,116623,True,8,9,7,1,coin_overflow
smart,20262181,24,60707,True,9,10,1,0,coin_overflow
smart,20262182,36,97009,True,9,11,3,3,coin_overflow
smart,20262183,35,94561,True,9,12,4,1,coin_overflow
smart,20262184,48,127352,True,8,10,8,1,coin_overflow
smart,20262185,43,111007,True,10,13,7,1,coin_overflow
smart,20262186,37,95516,True,10,12,5,1,coin_overflow
smart,20262187,36,97181,True,8,10,4,1,coin_overflow
smart,20262188,37,93061,True,11,13,6,0,coin_overflow
smart,20262189,48,120021,True,12,13,10,0,coin_overflow
smart,20262190,39,99057,True,8,12,5,1,coin_overflow
smart,20262191,59,156029,True,8,9,11,2,coin_overflow
smart,20262192,49,127226,True,7,10,8,1,coin_overflow
smart,20262193,40,105074,True,4,9,4,1,coin_overflow
smart,20262194,35,86231,True,6,10,3,1,coin_overflow
smart,20262195,31,79631,True,7,10,2,1,coin_overflow
smart,20262196,43,113268,True,7,8,6,1,coin_overflow
smart,20262197,36,93503,True,5,12,3,1,coin_overflow
smart,20262198,32,80117,True,9,11,3,1,coin_overflow
smart,20262199,26,74511,True,11,13,1,2,coin_overflow
smart,20262200,49,126811,True,8,10,7,3,coin_overflow
smart,20262201,22,63211,True,11,12,1,0,coin_overflow
smart,20262202,33,89656,True,6,11,3,0,coin_overflow
smart,20262203,29,70559,True,6,9,1,1,coin_overflow
smart,20262204,46,124204,True,5,10,5,3,coin_overflow
smart,20262205,23,62021,True,12,13,1,1,coin_overflow
smart,20262206,38,97159,True,8,9,4,2,coin_overflow
smart,20262207,26,63316,True,9,10,1,1,coin_overflow
smart,20262208,32,79157,True,10,11,4,0,coin_overflow
smart,20262209,31,79556,True,10,12,3,1,coin_overflow
smart,20262210,50,124512,True,9,12,9,1,coin_overflow
smart,20262211,37,95181,True,6,10,3,2,coin_overflow
smart,20262212,42,110704,True,8,9,6,1,coin_overflow
smart,20262213,29,78015,True,9,10,2,1,coin_overflow
smart,20262214,24,64601,True,11,13,1,1,coin_overflow
smart,20262215,35,95381,True,7,8,2,3,coin_overflow
smart,20262216,34,82612,True,10,11,4,1,coin_overflow
smart,20262217,43,108258,True,6,9,5,2,coin_overflow
smart,20262218,36,94272,True,7,9,3,2,coin_overflow
smart,20262219,39,99711,True,7,11,4,2,coin_overflow
smart,20262220,34,93621,True,10,11,4,1,coin_overflow
smart,20262221,35,90017,True,10,12,5,0,coin_overflow
smart,20262222,41,107231,True,6,10,5,1,coin_overflow
smart,20262223,29,76071,True,10,12,3,0,coin_overflow
smart,20262224,27,67256,True,10,11,1,2,coin_overflow
smart,20262225,40,100507,True,6,12,4,2,coin_overflow
smart,20262226,35,92002,True,11,14,4,2,coin_overflow
smart,20262227,33,81633,True,7,8,2,2,coin_overflow
smart,20262228,36,92554,True,7,10,3,2,coin_overflow
smart,20262229,27,69011,True,13,14,2,2,coin_overflow
smart,20262230,49,129406,True,9,10,8,2,coin_overflow
smart,20262231,36,95813,True,7,8,3,2,coin_overflow
smart,20262232,34,82512,True,11,12,5,0,coin_overflow
smart,20262233,26,68001,True,9,15,1,1,coin_overflow
smart,20262234,29,80101,True,12,14,3,1,coin_overflow
smart,20262235,32,79241,True,7,9,1,3,coin_overflow
smart,20262236,45,113009,True,7,11,6,2,coin_overflow
smart,20262237,39,103751,True,7,11,4,2,coin_overflow
smart,20262238,22,53012,True,12,13,0,2,coin_overflow
smart,20262239,38,97636,True,8,9,4,2,coin_overflow
smart,20262240,32,78652,True,9,11,3,1,coin_overflow
smart,20262241,44,112103,True,9,12,7,1,coin_overflow
smart,20262242,31,81061,True,9,13,2,2,coin_overflow
smart,20262243,38,104622,True,6,10,4,1,coin_overflow
smart,20262244,35,95111,True,9,13,4,1,coin_overflow
smart,20262245,27,71306,True,8,11,1,1,coin_overflow
smart,20262246,46,119028,True,9,10,7,2,coin_overflow
smart,20262247,37,95665,True,6,7,3,2,coin_overflow
smart,20262248,27,71008,True,10,12,1,2,coin_overflow
smart,20262249,52,127526,True,9,11,9,2,coin_overflow
smart,20262250,57,144051,True,10,14,11,2,coin_overflow
smart,20262251,42,109053,True,6,12,6,0,coin_overflow
smart,20262252,28,78151,True,10,13,2,1,coin_overflow
smart,20262253,43,109711,True,9,11,6,2,coin_overflow
smart,20262254,31,78155,True,8,9,3,0,coin_overflow
smart,20262255,36,93152,True,11,12,5,1,coin_overflow
smart,20262256,31,82081,True,9,11,2,2,coin_overflow
smart,20262257,36,91613,True,8,10,4,1,coin_overflow
smart,20262258,40,98057,True,7,12,5,1,coin_overflow
smart,20262259,37,96766,True,7,9,4,1,coin_overflow
smart,20262260,27,77352,True,8,10,1,1,coin_overflow
smart,20262261,38,98333,True,5,7,3,2,coin_overflow
smart,20262262,32,75516,True,10,12,4,0,coin_overflow
smart,20262263,27,67453,True,7,8,0,2,coin_overflow
smart,20262264,39,99676,True,7,9,4,2,coin_overflow
smart,20262265,46,114146,True,7,9,7,1,coin_overflow
smart,20262266,86,223802,True,9,10,21,1,coin_overflow
smart,20262267,51,128762,True,8,9,9,1,coin_overflow
smart,20262268,44,111514,True,8,10,6,2,coin_overflow
smart,20262269,24,65203,True,9,11,1,0,coin_overflow
smart,20262270,30,81166,True,8,11,2,1,coin_overflow
smart,20262271,24,57606,True,11,12,1,1,coin_overflow
smart,20262272,39,105072,True,7,11,4,2,coin_overflow
smart,20262273,43,107656,True,8,11,5,3,coin_overflow
smart,20262274,46,124601,True,7,13,7,1,coin_overflow
smart,20262275,33,88060,True,8,9,3,1,coin_overflow
smart,20262276,19,49101,True,13,14,0,1,coin_overflow
smart,20262277,28,77256,True,9,11,1,2,coin_overflow
smart,20262278,42,111561,True,11,12,7,1,coin_overflow
smart,20262279,37,94458,True,4,7,3,1,coin_overflow
smart,20262280,35,92055,True,6,10,3,1,coin_overflow
smart,20262281,33,84707,True,5,10,2,1,coin_overflow
smart,20262282,38,91072,True,9,11,5,1,coin_overflow
smart,20262283,53,138127,True,6,10,9,1,coin_overflow
smart,20262284,34,91116,True,11,12,5,0,coin_overflow
smart,20262285,46,118201,True,12,13,8,2,coin_overflow
smart,20262286,45,116756,True,9,10,8,0,coin_overflow
smart,20262287,38,97563,True,9,10,5,1,coin_overflow
smart,20262288,31,79656,True,9,11,2,2,coin_overflow
smart,20262289,21,53611,True,11,12,0,1,coin_overflow
smart,20262290,32,80571,True,9,11,3,1,coin_overflow
smart,20262291,26,62207,True,9,11,1,1,coin_overflow
smart,20262292,29,68166,True,9,11,2,1,coin_overflow
smart,20262293,38,97136,True,7,10,3,3,coin_overflow
smart,20262294,44,108507,True,8,12,6,2,coin_overflow
smart,20262295,57,144073,True,8,10,11,1,coin_overflow
smart,20262296,35,84077,True,9,10,4,1,coin_overflow
smart,20262297,35,93601,True,12,13,5,1,coin_overflow
smart,20262298,54,137018,True,10,11,10,2,coin_overflow
smart,20262299,31,79061,True,12,13,3,2,coin_overflow
smart,20262300,46,119176,True,9,10,7,2,coin_overflow
smart,20262301,39,94060,True,7,9,4,2,coin_overflow
smart,20262302,30,78014,True,9,11,3,0,coin_overflow
smart,20262303,29,69661,True,8,11,1,2,coin_overflow
smart,20262304,41,105701,True,9,12,6,1,coin_overflow
smart,20262305,35,95056,True,10,13,5,0,coin_overflow
smart,20262306,32,80601,True,12,13,4,1,coin_overflow
smart,20262307,50,130221,True,9,11,9,1,coin_overflow
smart,20262308,28,76117,True,10,11,2,1,coin_overflow
smart,20262309,38,105038,True,6,9,4,1,coin_overflow
smart,20262310,32,80851,True,8,10,2,2,coin_overflow
smart,20262311,30,77621,True,9,11,3,0,coin_overflow
smart,20262312,28,77201,True,11,13,3,0,coin_overflow
smart,20262313,40,102201,True,12,13,6,2,coin_overflow
smart,20262314,41,101062,True,8,12,5,2,coin_overflow
smart,20262315,31,78566,True,9,11,2,2,coin_overflow
smart,20262316,37,95003,True,11,13,6,0,coin_overflow
smart,20262317,25,64012,True,10,13,1,1,coin_overflow
smart,20262318,36,94555,True,7,9,3,2,coin_overflow
smart,20262319,52,134006,True,10,14,10,1,coin_overflow
smart,20262320,31,80055,True,7,10,2,1,coin_overflow
smart,20262321,36,95751,True,8,11,4,1,coin_overflow
smart,20262322,52,136723,True,7,8,9,1,coin_overflow
smart,20262323,30,77564,True,8,9,2,1,coin_overflow
smart,20262324,44,110051,True,9,14,7,1,coin_overflow
smart,20262325,30,78122,True,10,11,2,2,coin_overflow
smart,20262326,51,124674,True,5,7,8,1,coin_overflow
smart,20262327,42,109114,True,8,10,6,1,coin_overflow
smart,20262328,27,73651,True,10,12,1,2,coin_overflow
smart,20262329,36,93510,True,7,9,3,2,coin_overflow
smart,20262330,25,65108,True,10,11,1,1,coin_overflow
smart,20262331,47,124629,True,5,7,6,2,coin_overflow
smart,20262332,31,80556,True,11,12,2,3,coin_overflow
smart,20262333,42,109711,True,7,11,5,2,coin_overflow
smart,20262334,37,93008,True,7,12,4,1,coin_overflow
smart,20262335,46,113042,True,7,10,7,1,coin_overflow
smart,20262336,40,99059,True,9,10,5,2,coin_overflow
smart,20262337,31,79119,True,7,9,2,1,coin_overflow
smart,20262338,39,105211,True,8,12,5,1,coin_overflow
smart,20262339,29,80051,True,13,14,2,3,coin_overflow
smart,20262340,42,111133,True,7,9,5,2,coin_overflow
smart,20262341,26,69231,True,9,10,1,1,coin_overflow
smart,20262342,41,109004,True,9,12,6,1,coin_overflow
smart,20262343,41,106613,True,8,10,5,2,coin_overflow
smart,20262344,53,137164,True,8,9,9,2,coin_overflow
smart,20262345,64,162416,True,8,9,12,3,coin_overflow
smart,20262346,34,83503,True,11,12,5,0,coin_overflow
smart,20262347,24,65001,True,11,15,1,1,coin_overflow
smart,20262348,30,78132,True,9,10,3,0,coin_overflow
smart,20262349,36,95153,True,10,11,4,2,coin_overflow
smart,20262350,36,98012,True,11,13,5,1,coin_overflow
smart,20262351,34,83103,True,10,12,4,1,coin_overflow
smart,20262352,29,74155,True,8,9,1,2,coin_overflow
smart,20262353,34,92106,True,10,13,4,1,coin_overflow
smart,20262354,36,97226,True,8,10,4,1,coin_overflow
smart,20262355,31,79011,True,9,14,2,2,coin_overflow
smart,20262356,44,115155,True,8,9,6,2,coin_overflow
smart,20262357,38,95503,True,9,12,5,1,coin_overflow
smart,20262358,51,123303,True,9,10,8,3,coin_overflow
smart,20262359,29,69216,True,9,11,2,1,coin_overflow
smart,20262360,43,110201,True,7,13,6,1,coin_overflow
smart,20262361,26,63541,True,8,10,0,2,coin_overflow
smart,20262362,38,96661,True,9,11,5,1,coin_overflow
smart,20262363,42,110222,True,9,10,7,0,coin_overflow
smart,20262364,42,110103,True,11,12,7,1,coin_overflow
smart,20262365,46,121008,True,11,12,9,0,coin_overflow
smart,20262366,51,125212,True,10,11,9,2,coin_overflow
smart,20262367,31,78456,True,7,9,2,1,coin_overflow
smart,20262368,34,83301,True,10,12,4,1,coin_overflow
smart,20262369,31,79166,True,10,11,3,1,coin_overflow
smart,20262370,50,126256,True,9,11,9,1,coin_overflow
smart,20262371,35,91281,True,8,9,3,2,coin_overflow
smart,20262372,29,64052,True,9,13,2,1,coin_overflow
smart,20262373,34,93111,True,9,13,3,2,coin_overflow
smart,20262374,32,81532,True,9,10,3,1,coin_overflow
smart,20262375,37,96202,True,9,12,4,2,coin_overflow
smart,20262376,47,124811,True,9,10,8,1,coin_overflow
smart,20262377,34,91311,True,10,11,4,1,coin_overflow
smart,20262378,53,139686,True,5,8,8,2,coin_overflow
smart,20262379,30,75102,True,11,13,3,1,coin_overflow
smart,20262380,38,93181,True,9,10,5,1,coin_overflow
smart,20262381,41,108271,True,9,10,6,1,coin_overflow
smart,20262382,57,152404,True,7,8,10,2,coin_overflow
smart,20262383,73,189531,True,9,11,16,2,coin_overflow
smart,20262384,36,92016,True,11,13,5,1,coin_overflow
smart,20262385,30,70151,True,8,13,2,1,coin_overflow
smart,20262386,52,135066,True,7,12,9,1,coin_overflow
smart,20262387,27,74576,True,7,10,0,2,coin_overflow
smart,20262388,39,98341,True,7,8,4,2,coin_overflow
smart,20262389,31,79058,True,7,11,2,1,coin_overflow
smart,20262390,46,124651,True,11,12,9,0,coin_overflow
smart,20262391,24,64651,True,11,12,1,1,coin_overflow
smart,20262392,29,79101,True,13,14,4,0,coin_overflow
smart,20262393,47,124671,True,9,10,8,1,coin_overflow
smart,20262394,42,110101,True,10,14,6,2,coin_overflow
smart,20262395,41,109281,True,7,9,6,0,coin_overflow
smart,20262396,36,94529,True,7,8,3,2,coin_overflow
smart,20262397,40,106168,True,7,9,5,1,coin_overflow
smart,20262398,35,94513,True,9,11,4,1,coin_overflow
smart,20262399,63,155701,True,7,12,12,2,coin_overflow
smart,20262400,74,187561,True,9,12,17,1,coin_overflow
smart,20262401,33,94536,True,7,10,2,2,coin_overflow
smart,20262402,55,140627,True,8,9,11,0,coin_overflow
smart,20262403,37,95093,True,6,8,3,2,coin_overflow
smart,20262404,28,77108,True,10,11,2,1,coin_overflow
smart,20262405,30,80006,True,10,14,2,2,coin_overflow
smart,20262406,28,76173,True,8,9,2,0,coin_overflow
smart,20262407,47,118356,True,6,10,7,1,coin_overflow
smart,20262408,33,89196,True,6,8,3,0,coin_overflow
smart,20262409,33,81105,True,9,10,4,0,coin_overflow
smart,20262410,42,108351,True,9,11,5,3,coin_overflow
smart,20262411,37,97216,True,8,11,3,3,coin_overflow
smart,20262412,43,107961,True,7,8,6,1,coin_overflow
smart,20262413,35,91056,True,12,13,5,1,coin_overflow
smart,20262414,39,106522,True,7,11,4,2,coin_overflow
smart,20262415,41,109213,True,8,10,5,2,coin_overflow
smart,20262416,33,81361,True,9,10,2,3,coin_overflow
smart,20262417,37,94202,True,6,12,3,2,coin_overflow
smart,20262418,26,63211,True,11,12,1,2,coin_overflow
smart,20262419,31,81505,True,8,10,3,0,coin_overflow
smart,20262420,26,70141,True,9,10,1,1,coin_overflow
smart,20262421,35,83508,True,8,11,3,2,coin_overflow
smart,20262422,47,114511,True,12,13,9,1,coin_overflow
smart,20262423,31,80531,True,9,11,2,2,coin_overflow
smart,20262424,40,94012,True,12,13,6,2,coin_overflow
smart,20262425,35,94311,True,9,11,4,1,coin_overflow
smart,20262426,24,63651,True,10,12,0,2,coin_overflow
smart,20262427,45,114733,True,6,7,7,0,coin_overflow
smart,20262428,47,123612,True,10,11,7,3,coin_overflow
smart,20262429,34,90211,True,11,12,3,3,coin_overflow
smart,20262430,42,110276,True,8,9,6,1,coin_overflow
smart,20262431,42,107608,True,8,10,6,1,coin_overflow
smart,20262432,26,64212,True,9,11,1,1,coin_overflow
smart,20262433,49,125236,True,8,9,9,0,coin_overflow
smart,20262434,25,64601,True,11,13,2,0,coin_overflow
smart,20262435,37,91113,True,9,11,4,2,coin_overflow
smart,20262436,39,103617,True,8,10,5,1,coin_overflow
smart,20262437,43,112207,True,9,11,6,2,coin_overflow
smart,20262438,60,156054,True,10,11,12,2,coin_overflow
smart,20262439,20,56056,True,12,13,0,1,coin_overflow
smart,20262440,33,84681,True,8,9,3,1,coin_overflow
smart,20262441,34,91456,True,8,9,4,0,coin_overflow
smart,20262442,29,74312,True,8,10,1,2,coin_overflow
smart,20262443,28,75358,True,7,8,1,1,coin_overflow
smart,20262444,29,74506,True,9,13,2,1,coin_overflow
smart,20262445,36,97002,True,13,14,5,2,coin_overflow
smart,20262446,30,79618,True,7,9,1,2,coin_overflow
smart,20262447,42,112554,True,9,10,7,0,coin_overflow
smart,20262448,32,89005,True,9,11,3,1,coin_overflow
smart,20262449,44,117654,True,7,9,5,3,coin_overflow
smart,20262450,42,107172,True,8,10,6,1,coin_overflow
smart,20262451,34,83502,True,12,13,4,2,coin_overflow
smart,20262452,39,95702,True,10,11,5,2,coin_overflow
smart,20262453,33,84123,True,8,10,3,1,coin_overflow
smart,20262454,32,88106,True,9,13,3,1,coin_overflow
smart,20262455,38,107510,True,8,9,4,2,coin_overflow
smart,20262456,42,110126,True,10,11,6,2,coin_overflow
smart,20262457,35,92537,True,7,9,4,0,coin_overflow
smart,20262458,58,152753,True,7,9,11,1,coin_overflow
smart,20262459,28,70011,True,12,14,2,2,coin_overflow
smart,20262460,42,104101,True,8,14,6,1,coin_overflow
smart,20262461,33,93505,True,9,10,4,0,coin_overflow
smart,20262462,42,100606,True,11,12,7,1,coin_overflow
smart,20262463,42,110401,True,7,11,5,2,coin_overflow
smart,20262464,25,62612,True,7,11,0,1,coin_overflow
smart,20262465,27,64506,True,11,13,2,1,coin_overflow
smart,20262466,47,125331,True,8,9,7,2,coin_overflow
smart,20262467,56,143278,True,5,7,9,2,coin_overflow
smart,20262468,45,111331,True,6,9,7,0,coin_overflow
smart,20262469,32,81557,True,10,11,4,0,coin_overflow
smart,20262470,41,108503,True,9,12,6,1,coin_overflow
smart,20262471,41,106668,True,7,8,4,3,coin_overflow
smart,20262472,39,98001,True,13,15,6,2,coin_overflow
smart,20262473,31,80151,True,11,13,4,0,coin_overflow
smart,20262474,36,93457,True,7,8,3,2,coin_overflow
smart,20262475,29,76573,True,7,9,2,0,coin_overflow
smart,20262476,39,99512,True,11,12,4,4,coin_overflow
smart,20262477,31,78053,True,7,12,2,1,coin_overflow
smart,20262478,35,94654,True,8,9,3,2,coin_overflow
smart,20262479,32,80511,True,12,13,4,1,coin_overflow
smart,20262480,47,123811,True,8,10,7,2,coin_overflow
smart,20262481,45,119069,True,8,9,7,1,coin_overflow
smart,20262482,39,96162,True,8,11,5,1,coin_overflow
smart,20262483,27,70023,True,10,11,1,2,coin_overflow
smart,20262484,32,80716,True,8,10,2,2,coin_overflow
smart,20262485,29,79057,True,9,12,2,1,coin_overflow
smart,20262486,28,78006,True,13,14,3,1,coin_overflow
smart,20262487,37,95110,True,6,9,3,2,coin_overflow
smart,20262488,38,99001,True,11,15,5,2,coin_overflow
smart,20262489,39,96761,True,9,10,6,0,coin_overflow
smart,20262490,32,83226,True,8,10,2,2,coin_overflow
smart,20262491,32,81024,True,7,10,3,0,coin_overflow
smart,20262492,34,82356,True,9,10,3,2,coin_overflow
smart,20262493,29,78051,True,13,14,4,0,coin_overflow
smart,20262494,51,135024,True,8,10,9,1,coin_overflow
smart,20262495,36,93952,True,7,8,3,2,coin_overflow
smart,20262496,31,77717,True,7,9,2,1,coin_overflow
smart,20262497,36,93911,True,6,9,4,0,coin_overflow
smart,20262498,55,139461,True,7,9,10,1,coin_overflow
smart,20262499,41,109106,True,10,13,7,0,coin_overflow
smart,20262500,42,110031,True,10,12,6,2,coin_overflow
smart,20262501,33,83173,True,8,9,3,1,coin_overflow
smart,20262502,36,95016,True,6,13,4,0,coin_overflow
smart,20262503,53,138123,True,9,10,10,1,coin_overflow
smart,20262504,35,83121,True,11,12,4,2,coin_overflow
smart,20262505,33,89614,True,8,9,3,1,coin_overflow
smart,20262506,52,132754,True,7,8,9,1,coin_overflow
smart,20262507,44,113023,True,6,11,6,1,coin_overflow
smart,20262508,57,149232,True,5,9,10,1,coin_overflow
smart,20262509,36,90031,True,8,12,4,1,coin_overflow
smart,20262510,50,122151,True,9,13,9,1,coin_overflow
smart,20262511,40,100021,True,8,13,6,0,coin_overflow
smart,20262512,46,117018,True,9,11,7,2,coin_overflow
smart,20262513,35,92781,True,7,8,4,0,coin_overflow
smart,20262514,34,91808,True,7,8,3,1,coin_overflow
smart,20262515,33,91086,True,8,10,3,1,coin_overflow
smart,20262516,44,110068,True,8,10,6,2,coin_overflow
smart,20262517,34,88301,True,9,12,3,2,coin_overflow
smart,20262518,38,96002,True,12,14,6,1,coin_overflow
smart,20262519,33,91007,True,10,13,3,2,coin_overflow
smart,20262520,35,82503,True,9,12,4,1,coin_overflow
smart,20262521,30,78202,True,11,12,3,1,coin_overflow
smart,20262522,22,63006,True,10,14,0,1,coin_overflow
smart,20262523,41,109208,True,8,10,5,2,coin_overflow
smart,20262524,50,130152,True,6,12,8,1,coin_overflow
smart,20262525,41,104361,True,8,10,5,2,coin_overflow
smart,20262526,31,77721,True,8,10,3,0,coin_overflow
smart,20262527,31,82120,True,7,8,2,1,coin_overflow
smart,20262528,31,81001,True,10,15,3,1,coin_overflow
smart,20262529,63,167162,True,10,11,13,2,coin_overflow
smart,20262530,29,78512,True,10,12,3,0,coin_overflow
smart,20262531,33,90001,True,11,15,4,1,coin_overflow
smart,20262532,32,78051,True,8,14,2,2,coin_overflow
smart,20262533,58,154021,True,9,13,11,2,coin_overflow
smart,20262534,31,82526,True,9,11,2,2,coin_overflow
smart,20262535,45,113752,True,8,10,5,4,coin_overflow
smart,20262536,34,94651,True,10,12,4,1,coin_overflow
smart,20262537,66,165811,True,6,10,12,3,coin_overflow
smart,20262538,44,114101,True,11,14,7,2,coin_overflow
smart,20262539,35,92706,True,10,11,5,0,coin_overflow
smart,20262540,61,157091,True,9,10,12,2,coin_overflow
smart,20262541,41,107466,True,6,8,5,1,coin_overflow
smart,20262542,33,82756,True,6,10,3,0,coin_overflow
smart,20262543,29,78506,True,8,13,1,2,coin_overflow
smart,20262544,34,93401,True,10,11,4,1,coin_overflow
smart,20262545,50,124146,True,7,9,9,0,coin_overflow
smart,20262546,48,121632,True,8,9,8,1,coin_overflow
smart,20262547,29,78107,True,11,12,2,2,coin_overflow
smart,20262548,26,66513,True,10,11,0,3,coin_overflow
smart,20262549,65,164301,True,11,12,14,2,coin_overflow
smart,20262550,26,73011,True,9,14,1,1,coin_overflow
smart,20262551,29,67731,True,7,9,2,0,coin_overflow
smart,20262552,44,112707,True,6,10,6,1,coin_overflow
smart,20262553,37,95001,True,14,15,7,0,coin_overflow
smart,20262554,26,66561,True,11,12,1,2,coin_overflow
smart,20262555,37,97114,True,9,10,4,2,coin_overflow
smart,20262556,26,64761,True,8,10,0,2,coin_overflow
smart,20262557,32,91501,True,13,14,5,0,coin_overflow
smart,20262558,34,89231,True,7,10,3,1,coin_overflow
smart,20262559,24,64241,True,8,9,0,1,coin_overflow
smart,20262560,27,64131,True,9,11,2,0,coin_overflow
smart,20262561,47,123501,True,10,14,9,0,coin_overflow
smart,20262562,53,139010,True,5,10,6,5,coin_overflow
smart,20262563,28,76016,True,9,13,1,2,coin_overflow
smart,20262564,32,83369,True,5,6,1,2,coin_overflow
smart,20262565,45,110053,True,11,12,8,1,coin_overflow
smart,20262566,45,109441,True,5,7,6,1,coin_overflow
smart,20262567,41,98657,True,8,10,5,2,coin_overflow
smart,20262568,57,146073,True,9,10,10,3,coin_overflow
smart,20262569,37,98132,True,8,10,5,0,coin_overflow
smart,20262570,37,95036,True,8,11,3,3,coin_overflow
smart,20262571,41,100607,True,10,11,7,0,coin_overflow
smart,20262572,32,80153,True,10,11,4,0,coin_overflow
smart,20262573,65,168005,True,9,11,14,1,coin_overflow
smart,20262574,45,110601,True,12,13,7,3,coin_overflow
smart,20262575,43,110116,True,7,12,6,1,coin_overflow
smart,20262576,35,89304,True,7,9,4,0,coin_overflow
smart,20262577,47,121054,True,9,11,8,1,coin_overflow
smart,20262578,32,79661,True,9,11,3,1,coin_overflow
smart,20262579,31,79801,True,9,11,2,2,coin_overflow
smart,20262580,33,94158,True,7,10,2,2,coin_overflow
smart,20262581,40,106108,True,9,11,5,2,coin_overflow
smart,20262582,25,62553,True,9,11,0,2,coin_overflow
smart,20262583,28,79553,True,10,11,2,1,coin_overflow
smart,20262584,42,106066,True,11,12,7,1,coin_overflow
smart,20262585,37,98020,True,6,9,3,2,coin_overflow
smart,20262586,34,86160,True,7,8,3,1,coin_overflow
smart,20262587,46,112501,True,10,14,8,1,coin_overflow
smart,20262588,37,98504,True,7,11,4,1,coin_overflow
smart,20262589,65,157916,True,7,8,14,0,coin_overflow
smart,20262590,40,101206,True,11,12,7,0,coin_overflow
smart,20262591,31,78546,True,8,9,3,0,coin_overflow
smart,20262592,46,117568,True,7,9,7,1,coin_overflow
smart,20262593,42,107554,True,7,10,5,2,coin_overflow
smart,20262594,32,78076,True,9,11,3,1,coin_overflow
smart,20262595,46,114027,True,9,11,7,2,coin_overflow
smart,20262596,27,75103,True,11,12,2,1,coin_overflow
smart,20262597,38,96007,True,7,13,5,0,coin_overflow
smart,20262598,38,92018,True,9,11,5,1,coin_overflow
smart,20262599,61,160551,True,10,13,13,1,coin_overflow
smart,20262600,29,76060,True,8,9,1,2,coin_overflow
smart,20262601,30,80732,True,7,8,1,2,coin_overflow
smart,20262602,51,128407,True,8,9,9,1,coin_overflow
smart,20262603,29,76826,True,7,8,2,0,coin_overflow
smart,20262604,29,76157,True,9,11,2,1,coin_overflow
smart,20262605,32,79707,True,9,10,3,1,coin_overflow
smart,20262606,34,81058,True,10,11,4,1,coin_overflow
smart,20262607,35,90516,True,11,12,4,2,coin_overflow
smart,20262608,28,63202,True,7,12,1,1,coin_overflow
smart,20262609,35,93406,True,8,10,3,2,coin_overflow
smart,20262610,51,135351,True,9,11,10,0,coin_overflow
smart,20262611,55,138603,True,8,11,9,3,coin_overflow
smart,20262612,29,77503,True,11,12,2,2,coin_overflow
smart,20262613,41,104109,True,9,10,6,1,coin_overflow
smart,20262614,48,125506,True,11,13,9,1,coin_overflow
smart,20262615,44,113003,True,8,13,6,2,coin_overflow
smart,20262616,29,70662,True,9,10,2,1,coin_overflow
smart,20262617,38,96201,True,12,13,6,1,coin_overflow
smart,20262618,47,116101,True,8,14,7,2,coin_overflow
smart,20262619,29,72163,True,9,10,2,1,coin_overflow
smart,20262620,39,99501,True,10,14,5,2,coin_overflow
smart,20262621,40,108636,True,6,9,4,2,coin_overflow
smart,20262622,49,126752,True,9,10,8,2,coin_overflow
smart,20262623,43,110259,True,6,8,5,2,coin_overflow
smart,20262624,55,142068,True,9,10,10,2,coin_overflow
smart,20262625,43,111752,True,9,10,6,2,coin_overflow
smart,20262626,27,77168,True,7,9,0,2,coin_overflow
smart,20262627,31,80126,True,10,11,3,1,coin_overflow
smart,20262628,28,75619,True,7,8,1,1,coin_overflow
smart,20262629,28,75652,True,10,11,2,1,coin_overflow
smart,20262630,75,188604,True,8,10,17,1,coin_overflow
smart,20262631,43,112711,True,8,11,7,0,coin_overflow
smart,20262632,37,96032,True,7,11,4,1,coin_overflow
smart,20262633,40,108853,True,6,8,4,2,coin_overflow
smart,20262634,40,98821,True,6,9,4,2,coin_overflow
smart,20262635,30,78001,True,11,15,3,1,coin_overflow
smart,20262636,43,110707,True,7,10,6,1,coin_overflow
smart,20262637,31,82111,True,10,13,3,1,coin_overflow
smart,20262638,48,123202,True,11,12,9,1,coin_overflow
smart,20262639,33,90106,True,11,13,4,1,coin_overflow
smart,20262640,22,58111,True,10,13,0,1,coin_overflow
smart,20262641,30,80055,True,9,10,3,0,coin_overflow
smart,20262642,26,67202,True,11,12,1,2,coin_overflow
smart,20262643,35,90872,True,6,7,3,1,coin_overflow
smart,20262644,26,73033,True,9,10,1,1,coin_overflow
smart,20262645,47,114111,True,9,13,8,1,coin_overflow
smart,20262646,54,127409,True,5,7,9,1,coin_overflow
smart,20262647,32,80006,True,10,14,4,0,coin_overflow
smart,20262648,36,96572,True,9,10,5,0,coin_overflow
smart,20262649,27,73107,True,11,12,2,1,coin_overflow
smart,20262650,34,86524,True,7,9,3,1,coin_overflow
smart,20262651,42,111115,True,7,9,5,2,coin_overflow
smart,20262652,53,134271,True,8,10,9,2,coin_overflow
smart,20262653,51,140061,True,12,13,11,0,coin_overflow
smart,20262654,26,75172,True,9,10,1,1,coin_overflow
smart,20262655,26,66558,True,9,10,1,1,coin_overflow
smart,20262656,36,93151,True,11,13,5,1,coin_overflow
smart,20262657,47,125311,True,5,11,6,2,coin_overflow
smart,20262658,31,81552,True,11,12,2,3,coin_overflow
smart,20262659,28,77951,True,7,9,1,1,coin_overflow
smart,20262660,51,127015,True,6,10,7,3,coin_overflow
smart,20262661,46,121618,True,7,9,7,1,coin_overflow
smart,20262662,46,119116,True,10,12,6,4,coin_overflow
smart,20262663,32,82515,True,6,9,2,1,coin_overflow
smart,20262664,27,65011,True,11,14,2,1,coin_overflow
smart,20262665,48,124766,True,8,9,8,1,coin_overflow
smart,20262666,56,153039,True,7,8,11,0,coin_overflow
smart,20262667,30,78056,True,11,13,3,1,coin_overflow
smart,20262668,53,135005,True,9,11,10,1,coin_overflow
smart,20262669,32,81020,True,8,9,2,2,coin_overflow
smart,20262670,33,89109,True,8,10,3,1,coin_overflow
smart,20262671,36,95039,True,7,8,3,2,coin_overflow
smart,20262672,76,188583,True,7,8,17,1,coin_overflow
smart,20262673,65,173596,True,7,8,14,0,coin_overflow
smart,20262674,32,77006,True,9,14,3,1,coin_overflow
smart,20262675,37,97132,True,7,10,4,1,coin_overflow
smart,20262676,41,106619,True,7,8,4,3,coin_overflow
smart,20262677,41,105207,True,9,11,6,1,coin_overflow
smart,20262678,32,83312,True,9,10,3,1,coin_overflow
smart,20262679,58,156102,True,7,13,11,1,coin_overflow
smart,20262680,31,79651,True,11,12,4,0,coin_overflow
smart,20262681,33,81073,True,8,10,3,1,coin_overflow
smart,20262682,27,68656,True,9,11,2,0,coin_overflow
smart,20262683,44,109601,True,9,13,7,1,coin_overflow
smart,20262684,52,127106,True,9,13,9,2,coin_overflow
smart,20262685,47,127118,True,8,10,7,2,coin_overflow
smart,20262686,53,135601,True,9,13,10,1,coin_overflow
smart,20262687,35,95002,True,10,14,5,0,coin_overflow
smart,20262688,33,82022,True,11,12,4,1,coin_overflow
smart,20262689,33,89304,True,8,9,3,1,coin_overflow
smart,20262690,57,149196,True,6,8,9,3,coin_overflow
smart,20262691,32,89082,True,6,10,2,1,coin_overflow
smart,20262692,39,101559,True,8,9,5,1,coin_overflow
smart,20262693,43,110601,True,10,13,7,1,coin_overflow
smart,20262694,30,72111,True,11,13,3,1,coin_overflow
smart,20262695,33,79102,True,12,13,5,0,coin_overflow
smart,20262696,44,117181,True,9,10,7,1,coin_overflow
smart,20262697,28,74101,True,11,14,3,0,coin_overflow
smart,20262698,23,62161,True,11,12,0,2,coin_overflow
smart,20262699,33,80156,True,7,12,2,2,coin_overflow
smart,20262700,22,62021,True,12,13,0,2,coin_overflow
smart,20262701,42,109101,True,11,14,7,1,coin_overflow
smart,20262702,48,119667,True,7,9,7,2,coin_overflow
smart,20262703,43,111921,True,7,8,6,1,coin_overflow
smart,20262704,28,65056,True,12,13,2,2,coin_overflow
smart,20262705,25,65606,True,10,12,1,1,coin_overflow
smart,20262706,34,92016,True,10,13,4,1,coin_overflow
smart,20262707,33,82186,True,5,9,2,1,coin_overflow
smart,20262708,31,79961,True,6,8,1,2,coin_overflow
smart,20262709,27,67105,True,8,10,1,1,coin_overflow
smart,20262710,28,75831,True,6,8,0,2,coin_overflow
smart,20262711,53,141002,True,12,14,11,1,coin_overflow
smart,20262712,39,105226,True,7,10,4,2,coin_overflow
smart,20262713,34,90114,True,9,10,3,2,coin_overflow
smart,20262714,31,78951,True,7,9,2,1,coin_overflow
smart,20262715,30,77152,True,11,12,3,1,coin_overflow
smart,20262716,25,64052,True,12,13,1,2,coin_overflow
smart,20262717,28,78154,True,9,10,1,2,coin_overflow
smart,20262718,38,94406,True,9,10,5,1,coin_overflow
smart,20262719,30,78211,True,10,12,2,2,coin_overflow
smart,20262720,33,86371,True,8,9,3,1,coin_overflow
smart,20262721,54,139603,True,9,11,11,0,coin_overflow
smart,20262722,33,82556,True,10,12,3,2,coin_overflow
smart,20262723,44,114596,True,7,8,5,3,coin_overflow
smart,20262724,33,82531,True,7,11,2,2,coin_overflow
smart,20262725,35,93241,True,7,9,4,0,coin_overflow
smart,20262726,30,78002,True,9,14,3,0,coin_overflow
smart,20262727,74,189017,True,11,12,17,2,coin_overflow
smart,20262728,37,94261,True,9,11,4,2,coin_overflow
smart,20262729,39,96052,True,7,13,4,2,coin_overflow
smart,20262730,28,74651,True,11,12,3,0,coin_overflow
smart,20262731,23,56201,True,12,13,1,1,coin_overflow
smart,20262732,49,123502,True,10,13,9,1,coin_overflow
smart,20262733,35,82211,True,9,12,4,1,coin_overflow
smart,20262734,56,142362,True,7,9,9,3,coin_overflow
smart,20262735,34,86026,True,10,12,2,4,coin_overflow
smart,20262736,26,65061,True,10,13,2,0,coin_overflow
smart,20262737,38,99107,True,9,12,5,1,coin_overflow
smart,20262738,47,116016,True,10,13,7,3,coin_overflow
smart,20262739,39,105213,True,8,10,5,1,coin_overflow
smart,20262740,32,89105,True,9,10,3,1,coin_overflow
smart,20262741,31,80207,True,10,11,3,1,coin_overflow
smart,20262742,32,90018,True,10,11,4,0,coin_overflow
smart,20262743,44,112051,True,9,14,7,1,coin_overflow
smart,20262744,33,88006,True,13,14,4,2,coin_overflow
smart,20262745,35,85803,True,6,9,3,1,coin_overflow
smart,20262746,36,94524,True,8,9,4,1,coin_overflow
smart,20262747,24,62103,True,11,12,1,1,coin_overflow
smart,20262748,31,81152,True,10,12,3,1,coin_overflow
smart,20262749,33,81058,True,10,11,3,2,coin_overflow
smart,20262750,39,92953,True,5,7,4,1,coin_overflow
smart,20262751,34,89556,True,7,12,3,1,coin_overflow
smart,20262752,40,96107,True,8,12,4,3,coin_overflow
smart,20262753,30,79503,True,7,12,1,2,coin_overflow
smart,20262754,42,107306,True,9,11,7,0,coin_overflow
smart,20262755,28,77012,True,9,13,1,2,coin_overflow
smart,20262756,43,108158,True,9,10,6,2,coin_overflow
smart,20262757,39,97517,True,7,11,2,5,coin_overflow
smart,20262758,45,120902,True,7,9,6,2,coin_overflow
smart,20262759,45,117551,True,8,13,7,1,coin_overflow
smart,20262760,46,124106,True,5,13,7,0,coin_overflow
smart,20262761,29,78117,True,10,11,3,0,coin_overflow
smart,20262762,32,81617,True,6,10,2,1,coin_overflow
smart,20262763,37,95074,True,8,9,5,0,coin_overflow
smart,20262764,33,80253,True,8,10,3,1,coin_overflow
smart,20262765,37,96016,True,9,13,4,2,coin_overflow
smart,20262766,22,58311,True,10,11,0,1,coin_overflow
smart,20262767,36,91007,True,12,13,6,0,coin_overflow
smart,20262768,47,122564,True,8,9,7,2,coin_overflow
smart,20262769,33,81707,True,9,10,2,3,coin_overflow
smart,20262770,39,99603,True,7,11,4,2,coin_overflow
smart,20262771,35,93261,True,9,11,4,1,coin_overflow
smart,20262772,65,167107,True,8,12,13,2,coin_overflow
smart,20262773,37,93093,True,7,8,4,1,coin_overflow
smart,20262774,44,106501,True,9,14,7,1,coin_overflow
smart,20262775,35,95536,True,7,10,4,0,coin_overflow
smart,20262776,29,77906,True,8,9,1,2,coin_overflow
smart,20262777,37,92702,True,9,11,4,2,coin_overflow
smart,20262778,53,134216,True,9,11,10,1,coin_overflow
smart,20262779,26,63157,True,9,11,1,1,coin_overflow
smart,20262780,49,126811,True,9,10,8,2,coin_overflow
smart,20262781,48,127609,True,7,9,7,2,coin_overflow
smart,20262782,35,93102,True,11,13,4,2,coin_overflow
smart,20262783,75,193362,True,7,9,16,2,coin_overflow
smart,20262784,32,82166,True,7,11,3,0,coin_overflow
smart,20262785,38,96360,True,5,6,3,2,coin_overflow
smart,20262786,47,124063,True,10,11,9,0,coin_overflow
smart,20262787,44,108426,True,7,8,7,0,coin_overflow
smart,20262788,44,111256,True,8,11,6,2,coin_overflow
smart,20262789,40,107111,True,12,13,6,2,coin_overflow
smart,20262790,36,95061,True,10,13,4,2,coin_overflow
smart,20262791,42,108556,True,8,12,6,1,coin_overflow
smart,20262792,28,63621,True,10,11,2,1,coin_overflow
smart,20262793,28,74551,True,12,13,2,2,coin_overflow
smart,20262794,26,63011,True,12,14,2,1,coin_overflow
smart,20262795,39,99001,True,13,15,6,2,coin_overflow
smart,20262796,48,123206,True,9,12,9,0,coin_overflow
smart,20262797,26,67101,True,10,14,2,0,coin_overflow
smart,20262798,63,157002,True,6,14,13,0,coin_overflow
smart,20262799,36,90656,True,10,11,4,2,coin_overflow
smart,20262800,38,92212,True,8,11,4,2,coin_overflow
smart,20262801,42,110808,True,6,8,6,0,coin_overflow
smart,20262802,39,94016,True,12,13,7,0,coin_overflow
smart,20262803,29,75021,True,11,13,2,2,coin_overflow
smart,20262804,47,123104,True,10,11,7,3,coin_overflow
smart,20262805,25,62551,True,12,13,1,2,coin_overflow
smart,20262806,29,70716,True,9,10,2,1,coin_overflow
smart,20262807,42,107416,True,7,9,5,2,coin_overflow
smart,20262808,28,77622,True,9,10,1,2,coin_overflow
smart,20262809,37,95606,True,10,12,5,1,coin_overflow
smart,20262810,38,100308,True,7,9,5,0,coin_overflow
smart,20262811,29,78501,True,7,14,2,0,coin_overflow
smart,20262812,30,70316,True,4,10,0,2,coin_overflow
smart,20262813,33,84016,True,10,13,3,2,coin_overflow
smart,20262814,30,75201,True,9,13,3,0,coin_overflow
smart,20262815,29,77217,True,8,10,1,2,coin_overflow
smart,20262816,27,67461,True,8,9,1,1,coin_overflow
smart,20262817,34,84537,True,8,9,2,3,coin_overflow
smart,20262818,34,90117,True,10,11,4,1,coin_overflow
smart,20262819,41,96671,True,8,10,5,2,coin_overflow
smart,20262820,37,93004,True,11,12,6,0,coin_overflow
smart,20262821,37,94025,True,8,9,3,3,coin_overflow
smart,20262822,59,151468,True,5,6,10,2,coin_overflow
smart,20262823,58,146051,True,8,14,12,0,coin_overflow
smart,20262824,40,110013,True,10,12,6,1,coin_overflow
smart,20262825,42,101126,True,8,11,6,1,coin_overflow
smart,20262826,52,128721,True,6,10,8,2,coin_overflow
smart,20262827,43,111072,True,9,11,6,2,coin_overflow
smart,20262828,44,112701,True,11,12,7,2,coin_overflow
smart,20262829,37,96021,True,9,13,4,2,coin_overflow
smart,20262830,24,63556,True,10,12,0,2,coin_overflow
smart,20262831,38,102107,True,9,12,5,1,coin_overflow
smart,20262832,30,79102,True,8,13,2,1,coin_overflow
smart,20262833,27,65081,True,10,11,1,2,coin_overflow
smart,20262834,29,76703,True,9,10,2,1,coin_overflow
smart,20262835,60,152611,True,9,12,13,0,coin_overflow
smart,20262836,30,77416,True,7,9,1,2,coin_overflow
smart,20262837,39,98707,True,9,10,6,0,coin_overflow
smart,20262838,43,110263,True,6,9,5,2,coin_overflow
smart,20262839,30,71067,True,8,11,2,1,coin_overflow
smart,20262840,58,154001,True,10,15,12,1,coin_overflow
smart,20262841,35,95591,True,8,9,3,2,coin_overflow
smart,20262842,41,110134,True,6,8,5,1,coin_overflow
smart,20262843,31,81302,True,7,11,2,1,coin_overflow
smart,20262844,44,106454,True,6,7,6,1,coin_overflow
smart,20262845,27,68602,True,11,12,2,1,coin_overflow
smart,20262846,36,93011,True,12,14,4,3,coin_overflow
smart,20262847,38,99324,True,5,7,3,2,coin_overflow
smart,20262848,64,167231,True,8,10,12,3,coin_overflow
smart,20262849,40,99081,True,6,11,4,2,coin_overflow
smart,20262850,38,103616,True,9,11,5,1,coin_overflow
smart,20262851,45,122569,True,7,8,6,2,coin_overflow
smart,20262852,31,76553,True,10,11,3,1,coin_overflow
smart,20262853,54,139151,True,10,13,10,2,coin_overflow
smart,20262854,24,63503,True,11,12,1,1,coin_overflow
smart,20262855,48,124402,True,7,10,7,2,coin_overflow
smart,20262856,25,63706,True,10,11,1,1,coin_overflow
smart,20262857,34,83122,True,10,11,4,1,coin_overflow
smart,20262858,40,107706,True,6,11,4,2,coin_overflow
smart,20262859,39,107058,True,7,11,4,2,coin_overflow
smart,20262860,39,97587,True,7,8,4,2,coin_overflow
smart,20262861,58,142224,True,7,8,11,1,coin_overflow
smart,20262862,36,86201,True,6,13,2,3,coin_overflow
smart,20262863,56,144126,True,8,11,10,2,coin_overflow
smart,20262864,29,77232,True,8,9,1,2,coin_overflow
smart,20262865,39,94307,True,8,10,5,1,coin_overflow
smart,20262866,41,105226,True,8,10,5,2,coin_overflow
smart,20262867,28,74207,True,10,11,2,1,coin_overflow
smart,20262868,32,79045,True,6,7,2,1,coin_overflow
smart,20262869,38,98161,True,10,12,6,0,coin_overflow
smart,20262870,40,106063,True,8,11,6,0,coin_overflow
smart,20262871,55,140254,True,8,9,9,3,coin_overflow
smart,20262872,25,66603,True,10,11,1,1,coin_overflow
smart,20262873,31,79251,True,9,12,2,2,coin_overflow
smart,20262874,38,97253,True,9,10,5,1,coin_overflow
smart,20262875,40,110017,True,8,12,4,3,coin_overflow
smart,20262876,33,79506,True,11,13,4,1,coin_overflow
smart,20262877,50,126613,True,9,10,9,1,coin_overflow
smart,20262878,32,83273,True,6,8,2,1,coin_overflow
smart,20262879,28,74602,True,8,12,2,0,coin_overflow
smart,20262880,36,85121,True,10,12,4,2,coin_overflow
smart,20262881,30,80261,True,10,11,2,2,coin_overflow
smart,20262882,33,82506,True,10,13,3,2,coin_overflow
smart,20262883,39,103022,True,10,12,5,2,coin_overflow
smart,20262884,36,85911,True,8,9,4,1,coin_overflow
smart,20262885,47,120152,True,8,12,7,2,coin_overflow
smart,20262886,48,126553,True,9,11,7,3,coin_overflow
smart,20262887,35,98315,True,6,7,3,1,coin_overflow
smart,20262888,36,88066,True,8,12,4,1,coin_overflow
smart,20262889,36,93018,True,8,11,4,1,coin_overflow
smart,20262890,34,92061,True,8,13,4,0,coin_overflow
smart,20262891,44,115301,True,9,12,7,1,coin_overflow
smart,20262892,37,94074,True,7,9,4,1,coin_overflow
smart,20262893,29,79011,True,11,14,2,2,coin_overflow
smart,20262894,31,78653,True,5,10,2,0,coin_overflow
smart,20262895,38,97131,True,10,11,6,0,coin_overflow
smart,20262896,42,99002,True,9,14,7,0,coin_overflow
smart,20262897,28,75812,True,8,9,2,0,coin_overflow
smart,20262898,37,94556,True,9,12,4,2,coin_overflow
smart,20262899,38,93653,True,8,10,4,2,coin_overflow
smart,20262900,35,93117,True,9,11,4,1,coin_overflow
smart,20262901,29,69666,True,9,10,2,1,coin_overflow
smart,20262902,44,111201,True,11,13,7,2,coin_overflow
smart,20262903,35,95053,True,11,12,4,2,coin_overflow
smart,20262904,38,94205,True,8,9,4,2,coin_overflow
smart,20262905,43,115547,True,6,8,5,2,coin_overflow
smart,20262906,36,93351,True,8,11,4,1,coin_overflow
smart,20262907,30,78023,True,9,11,1,3,coin_overflow
smart,20262908,46,114067,True,7,11,7,1,coin_overflow
smart,20262909,40,108151,True,12,13,6,2,coin_overflow
smart,20262910,41,106166,True,9,11,6,1,coin_overflow
smart,20262911,37,95025,True,7,9,4,1,coin_overflow
smart,20262912,32,87077,True,9,10,3,1,coin_overflow
smart,20262913,30,77161,True,11,12,3,1,coin_overflow
smart,20262914,47,122563,True,9,10,8,1,coin_overflow
smart,20262915,45,111626,True,8,10,7,1,coin_overflow
smart,20262916,23,66106,True,12,13,1,1,coin_overflow
smart,20262917,31,79501,True,9,14,2,2,coin_overflow
smart,20262918,35,85206,True,8,12,3,2,coin_overflow
smart,20262919,32,92102,True,8,13,2,2,coin_overflow
smart,20262920,44,116523,True,7,10,5,3,coin_overflow
smart,20262921,25,64258,True,8,9,1,0,coin_overflow
smart,20262922,24,58751,True,8,11,0,1,coin_overflow
smart,20262923,53,140017,True,9,12,10,1,coin_overflow
smart,20262924,42,112677,True,6,8,6,0,coin_overflow
smart,20262925,34,90061,True,11,13,5,0,coin_overflow
smart,20262926,42,111056,True,11,13,7,1,coin_overflow
smart,20262927,33,82221,True,8,11,3,1,coin_overflow
smart,20262928,42,109316,True,8,10,6,1,coin_overflow
smart,20262929,36,95061,True,8,13,4,1,coin_overflow
smart,20262930,42,103093,True,7,8,5,2,coin_overflow
smart,20262931,38,93402,True,7,10,5,0,coin_overflow
smart,20262932,37,95211,True,10,12,5,1,coin_overflow
smart,20262933,34,90577,True,7,9,3,1,coin_overflow
smart,20262934,68,179522,True,10,11,14,3,coin_overflow
smart,20262935,36,93561,True,9,12,5,0,coin_overflow
smart,20262936,37,96101,True,10,14,5,1,coin_overflow
smart,20262937,38,100503,True,8,12,4,2,coin_overflow
smart,20262938,36,95516,True,11,12,5,1,coin_overflow
smart,20262939,54,142063,True,9,11,9,3,coin_overflow
smart,20262940,44,108402,True,8,10,6,2,coin_overflow
smart,20262941,40,108212,True,9,11,5,2,coin_overflow
smart,20262942,22,48002,True,11,14,1,0,coin_overflow
smart,20262943,44,114054,True,9,11,7,1,coin_overflow
smart,20262944,42,113155,True,4,9,4,2,coin_overflow
smart,20262945,35,95102,True,9,13,4,1,coin_overflow
smart,20262946,36,93566,True,7,11,3,2,coin_overflow
smart,20262947,45,114007,True,11,13,6,4,coin_overflow
smart,20262948,48,127322,True,7,9,7,2,coin_overflow
smart,20262949,42,108312,True,9,10,5,3,coin_overflow
smart,20262950,62,163101,True,10,14,14,0,coin_overflow
smart,20262951,29,69401,True,8,11,1,2,coin_overflow
smart,20262952,46,119701,True,10,12,8,1,coin_overflow
smart,20262953,43,110115,True,7,9,6,1,coin_overflow
smart,20262954,26,68166,True,9,11,1,1,coin_overflow
smart,20262955,37,93009,True,10,11,5,1,coin_overflow
smart,20262956,32,76701,True,11,12,3,2,coin_overflow
smart,20262957,23,57051,True,13,14,2,0,coin_overflow
smart,20262958,50,126082,True,9,10,9,1,coin_overflow
smart,20262959,36,94553,True,8,11,4,1,coin_overflow
smart,20262960,32,84501,True,13,14,5,0,coin_overflow
smart,20262961,44,119306,True,9,11,7,1,coin_overflow
smart,20262962,42,107563,True,8,10,6,1,coin_overflow
smart,20262963,35,89262,True,9,10,4,1,coin_overflow
smart,20262964,36,92161,True,9,12,3,3,coin_overflow
smart,20262965,45,114123,True,9,10,6,3,coin_overflow
smart,20262966,27,66456,True,8,9,1,1,coin_overflow
smart,20262967,32,85101,True,9,14,3,1,coin_overflow
smart,20262968,31,81547,True,6,8,1,2,coin_overflow
smart,20262969,39,107527,True,8,10,5,1,coin_overflow
smart,20262970,33,84321,True,8,10,3,1,coin_overflow
smart,20262971,34,85056,True,12,13,4,2,coin_overflow
smart,20262972,31,80528,True,7,9,2,1,coin_overflow
smart,20262973,32,79702,True,6,11,2,1,coin_overflow
smart,20262974,39,99661,True,8,11,5,1,coin_overflow
smart,20262975,33,82251,True,8,12,3,1,coin_overflow
smart,20262976,61,157526,True,8,11,13,0,coin_overflow
smart,20262977,58,148006,True,12,14,12,2,coin_overflow
smart,20262978,67,170667,True,8,9,15,0,coin_overflow
smart,20262979,39,111020,True,7,9,4,2,coin_overflow
smart,20262980,32,79702,True,9,11,3,1,coin_overflow
smart,20262981,37,98862,True,7,8,4,1,coin_overflow
smart,20262982,34,82116,True,10,12,4,1,coin_overflow
smart,20262983,34,89052,True,10,13,4,1,coin_overflow
smart,20262984,29,78612,True,10,11,1,3,coin_overflow
smart,20262985,30,80003,True,12,13,4,0,coin_overflow
smart,20262986,33,85626,True,8,10,3,1,coin_overflow
smart,20262987,49,126126,True,9,11,8,2,coin_overflow
smart,20262988,29,71568,True,8,9,1,2,coin_overflow
smart,20262989,51,135519,True,7,9,8,2,coin_overflow
smart,20262990,39,95666,True,8,10,5,1,coin_overflow
smart,20262991,29,79126,True,10,11,1,3,coin_overflow
smart,20262992,39,94551,True,11,13,6,1,coin_overflow
smart,20262993,33,95051,True,12,14,5,0,coin_overflow
smart,20262994,31,75167,True,8,10,3,0,coin_overflow
smart,20262995,40,111538,True,7,8,5,1,coin_overflow
smart,20262996,29,76301,True,8,12,1,2,coin_overflow
smart,20262997,60,156136,True,8,10,12,1,coin_overflow
smart,20262998,23,64501,True,12,14,1,1,coin_overflow
smart,20262999,55,143208,True,8,10,9,3,coin_overflow
smart,20263000,34,82554,True,9,10,3,2,coin_overflow
smart,20263001,25,62017,True,11,12,2,0,coin_overflow
smart,20263002,35,92038,True,7,9,2,3,coin_overflow
smart,20263003,31,78103,True,11,12,4,0,coin_overflow
smart,20263004,28,66004,True,9,12,1,2,coin_overflow
smart,20263005,43,111454,True,6,7,5,2,coin_overflow
smart,20263006,64,159603,True,8,11,12,3,coin_overflow
smart,20263007,32,86102,True,8,13,2,2,coin_overflow
smart,20263008,28,74501,True,10,14,2,1,coin_overflow
smart,20263009,41,109224,True,7,8,4,3,coin_overflow
smart,20263010,57,148656,True,10,11,11,2,coin_overflow
smart,20263011,30,78068,True,7,10,1,2,coin_overflow
smart,20263012,60,155006,True,11,14,13,1,coin_overflow
smart,20263013,26,74051,True,8,14,0,2,coin_overflow
smart,20263014,27,71001,True,6,15,1,0,coin_overflow
smart,20263015,26,62051,True,12,14,2,1,coin_overflow
smart,20263016,42,113211,True,8,12,6,1,coin_overflow
smart,20263017,68,169302,True,10,11,14,3,coin_overflow
smart,20263018,48,126756,True,8,10,8,1,coin_overflow
smart,20263019,38,96224,True,7,8,3,3,coin_overflow
smart,20263020,37,93051,True,11,14,6,0,coin_overflow
smart,20263021,47,121656,True,6,11,7,1,coin_overflow
smart,20263022,33,83108,True,10,11,3,2,coin_overflow
smart,20263023,36,90125,True,7,8,3,2,coin_overflow
smart,20263024,46,114508,True,10,11,8,1,coin_overflow
smart,20263025,37,93652,True,8,11,5,0,coin_overflow
smart,20263026,34,92132,True,7,10,3,1,coin_overflow
smart,20263027,33,84242,True,6,8,3,0,coin_overflow
smart,20263028,41,108019,True,9,10,6,1,coin_overflow
smart,20263029,42,110085,True,6,7,6,0,coin_overflow
smart,20263030,60,152033,True,7,10,11,2,coin_overflow
smart,20263031,72,187508,True,9,11,17,0,coin_overflow
smart,20263032,30,78556,True,11,12,3,1,coin_overflow
smart,20263033,33,82026,True,11,12,4,1,coin_overflow
smart,20263034,43,111153,True,9,11,6,2,coin_overflow
smart,20263035,43,110096,True,8,9,7,0,coin_overflow
smart,20263036,50,124191,True,8,9,8,2,coin_overflow
smart,20263037,47,123332,True,7,8,6,3,coin_overflow
smart,20263038,28,78003,True,10,13,2,1,coin_overflow
smart,20263039,34,92182,True,7,9,3,1,coin_overflow
smart,20263040,36,90811,True,9,10,5,0,coin_overflow
smart,20263041,43,112173,True,6,9,5,2,coin_overflow
smart,20263042,19,49006,True,13,14,0,1,coin_overflow
smart,20263043,25,64021,True,11,13,2,0,coin_overflow
smart,20263044,37,95002,True,6,14,3,2,coin_overflow
smart,20263045,43,110751,True,8,11,7,0,coin_overflow
smart,20263046,40,105616,True,10,11,6,1,coin_overflow
smart,20263047,27,66156,True,10,12,1,2,coin_overflow
smart,20263048,50,141092,True,7,9,7,3,coin_overflow
smart,20263049,26,66091,True,9,10,1,1,coin_overflow
smart,20263050,30,77131,True,10,11,2,2,coin_overflow
smart,20263051,32,81152,True,11,12,3,2,coin_overflow
smart,20263052,36,93161,True,5,12,3,1,coin_overflow
smart,20263053,28,74161,True,9,12,1,2,coin_overflow
smart,20263054,32,81007,True,11,13,3,2,coin_overflow
smart,20263055,36,85763,True,7,8,3,2,coin_overflow
smart,20263056,27,73757,True,8,9,1,1,coin_overflow
smart,20263057,35,92726,True,7,9,4,0,coin_overflow
smart,20263058,23,54509,True,9,10,0,1,coin_overflow
smart,20263059,44,113155,True,7,9,5,3,coin_overflow
smart,20263060,33,94333,True,6,7,3,0,coin_overflow
smart,20263061,49,129508,True,10,11,9,1,coin_overflow
smart,20263062,36,93606,True,10,12,4,2,coin_overflow
smart,20263063,34,84001,True,10,15,4,1,coin_overflow
smart,20263064,35,86058,True,9,11,4,1,coin_overflow
smart,20263065,41,110052,True,9,13,6,1,coin_overflow
smart,20263066,37,92006,True,11,14,6,0,coin_overflow
smart,20263067,23,61601,True,12,13,1,1,coin_overflow
smart,20263068,27,66106,True,11,13,2,1,coin_overflow
smart,20263069,27,73507,True,10,12,1,2,coin_overflow
smart,20263070,35,95067,True,9,11,4,1,coin_overflow
smart,20263071,26,75152,True,8,12,0,2,coin_overflow
smart,20263072,49,128661,True,10,11,9,1,coin_overflow
smart,20263073,34,86648,True,5,6,3,0,coin_overflow
smart,20263074,29,67405,True,6,7,1,1,coin_overflow
smart,20263075,31,79803,True,8,9,3,0,coin_overflow
smart,20263076,50,138111,True,12,13,10,1,coin_overflow
smart,20263077,46,123528,True,6,9,6,2,coin_overflow
smart,20263078,25,64411,True,9,10,0,2,coin_overflow
smart,20263079,27,67556,True,11,12,2,1,coin_overflow
smart,20263080,48,125078,True,8,9,8,1,coin_overflow
smart,20263081,36,95102,True,11,13,5,1,coin_overflow
smart,20263082,24,62501,True,12,14,2,0,coin_overflow
smart,20263083,49,127173,True,7,9,8,1,coin_overflow
smart,20263084,28,68802,True,6,10,0,2,coin_overflow
smart,20263085,27,74058,True,9,11,2,0,coin_overflow
smart,20263086,51,133551,True,7,13,8,2,coin_overflow
smart,20263087,29,74802,True,9,10,2,1,coin_overflow
smart,20263088,39,100041,True,7,11,4,2,coin_overflow
smart,20263089,44,115581,True,9,10,7,1,coin_overflow
smart,20263090,38,99604,True,9,10,5,1,coin_overflow
smart,20263091,50,124163,True,9,10,9,1,coin_overflow
smart,20263092,32,81061,True,12,13,4,1,coin_overflow
smart,20263093,30,76071,True,9,12,3,0,coin_overflow
smart,20263094,32,83401,True,9,11,3,1,coin_overflow
smart,20263095,36,95511,True,10,13,4,2,coin_overflow
smart,20263096,34,93117,True,8,11,4,0,coin_overflow
smart,20263097,30,82022,True,10,12,2,2,coin_overflow
smart,20263098,39,100507,True,11,12,6,1,coin_overflow
smart,20263099,27,70652,True,10,11,1,2,coin_overflow
smart,20263100,56,149075,True,6,8,10,1,coin_overflow
smart,20263101,35,92841,True,6,7,3,1,coin_overflow
smart,20263102,28,72014,True,7,11,1,1,coin_overflow
smart,20263103,29,78311,True,10,11,3,0,coin_overflow
smart,20263104,39,104616,True,8,11,5,1,coin_overflow
smart,20263105,36,85542,True,8,9,4,1,coin_overflow
smart,20263106,35,92062,True,8,12,3,2,coin_overflow
smart,20263107,47,122686,True,6,8,7,1,coin_overflow
smart,20263108,28,73616,True,10,11,2,1,coin_overflow
smart,20263109,36,85506,True,11,13,5,1,coin_overflow
smart,20263110,30,80021,True,10,13,2,2,coin_overflow
smart,20263111,39,101001,True,8,15,5,1,coin_overflow
smart,20263112,31,79102,True,12,13,3,2,coin_overflow
smart,20263113,46,119262,True,9,10,7,2,coin_overflow
smart,20263114,25,67052,True,9,13,0,2,coin_overflow
smart,20263115,36,94511,True,11,13,5,1,coin_overflow
smart,20263116,26,68056,True,12,13,2,1,coin_overflow
smart,20263117,50,137054,True,10,11,10,0,coin_overflow
smart,20263118,33,88506,True,11,13,4,1,coin_overflow
smart,20263119,31,79061,True,12,13,3,2,coin_overflow
smart,20263120,40,98122,True,8,11,4,3,coin_overflow
smart,20263121,38,92526,True,8,11,4,2,coin_overflow
smart,20263122,39,97157,True,10,11,5,2,coin_overflow
smart,20263123,39,95616,True,8,11,5,1,coin_overflow
smart,20263124,30,78501,True,12,14,4,0,coin_overflow
smart,20263125,53,137009,True,8,11,9,2,coin_overflow
smart,20263126,50,128565,True,7,8,9,0,coin_overflow
smart,20263127,27,75551,True,12,13,1,3,coin_overflow
smart,20263128,41,104176,True,8,10,5,2,coin_overflow
smart,20263129,43,109008,True,10,12,7,1,coin_overflow
smart,20263130,32,84851,True,7,10,3,0,coin_overflow
smart,20263131,52,126458,True,6,7,8,2,coin_overflow
smart,20263132,29,76014,True,10,11,3,0,coin_overflow
smart,20263133,39,97503,True,10,12,5,2,coin_overflow
smart,20263134,48,127106,True,10,13,8,2,coin_overflow
smart,20263135,35,88607,True,8,11,3,2,coin_overflow
smart,20263136,35,86613,True,6,10,3,1,coin_overflow
smart,20263137,45,112602,True,11,12,8,1,coin_overflow
smart,20263138,30,69221,True,10,11,2,2,coin_overflow
smart,20263139,35,94074,True,8,9,3,2,coin_overflow
smart,20263140,36,91711,True,5,11,3,1,coin_overflow
smart,20263141,32,90821,True,8,9,2,2,coin_overflow
smart,20263142,59,157026,True,7,12,12,0,coin_overflow
smart,20263143,36,90158,True,8,10,4,1,coin_overflow
smart,20263144,47,127024,True,9,10,8,1,coin_overflow
smart,20263145,31,80261,True,10,11,3,1,coin_overflow
smart,20263146,53,139231,True,9,10,10,1,coin_overflow
smart,20263147,34,92911,True,7,9,3,1,coin_overflow
smart,20263148,33,89171,True,10,11,3,2,coin_overflow
smart,20263149,36,87053,True,11,12,5,1,coin_overflow
smart,20263150,54,141574,True,7,8,9,2,coin_overflow
smart,20263151,46,122257,True,8,10,8,0,coin_overflow
smart,20263152,35,82616,True,10,11,5,0,coin_overflow
smart,20263153,43,110542,True,7,9,6,1,coin_overflow
smart,20263154,39,110631,True,8,10,5,1,coin_overflow
smart,20263155,64,171111,True,10,13,14,1,coin_overflow
smart,20263156,38,98106,True,10,13,6,0,coin_overflow
smart,20263157,20,51502,True,12,13,0,1,coin_overflow
smart,20263158,24,67063,True,10,11,0,2,coin_overflow
smart,20263159,55,140555,True,7,9,10,1,coin_overflow
smart,20263160,41,109555,True,7,9,4,3,coin_overflow
smart,20263161,42,111102,True,10,13,6,2,coin_overflow
smart,20263162,30,78623,True,8,9,2,1,coin_overflow
smart,20263163,65,171556,True,10,12,15,0,coin_overflow
smart,20263164,22,61201,True,12,13,0,2,coin_overflow
smart,20263165,36,92551,True,8,13,4,1,coin_overflow
smart,20263166,27,66062,True,8,12,1,1,coin_overflow
smart,20263167,27,67203,True,10,11,1,2,coin_overflow
smart,20263168,56,148561,True,10,12,10,3,coin_overflow
smart,20263169,60,152461,True,8,9,12,1,coin_overflow
smart,20263170,21,53102,True,11,13,0,1,coin_overflow
smart,20263171,76,198512,True,10,12,18,1,coin_overflow
smart,20263172,62,153421,True,8,9,12,2,coin_overflow
smart,20263173,35,90062,True,10,12,5,0,coin_overflow
smart,20263174,35,93213,True,9,10,4,1,coin_overflow
smart,20263175,59,143316,True,8,10,11,2,coin_overflow
smart,20263176,24,63007,True,12,13,2,0,coin_overflow
smart,20263177,41,110003,True,12,13,7,1,coin_overflow
smart,20263178,38,97128,True,8,9,4,2,coin_overflow
smart,20263179,43,108621,True,10,11,7,1,coin_overflow
smart,20263180,41,106133,True,7,9,6,0,coin_overflow
smart,20263181,27,63706,True,10,11,1,2,coin_overflow
smart,20263182,41,110002,True,10,14,7,0,coin_overflow
smart,20263183,34,90159,True,7,9,3,1,coin_overflow
smart,20263184,34,89118,True,9,10,3,2,coin_overflow
smart,20263185,39,101003,True,9,13,6,0,coin_overflow
smart,20263186,58,143554,True,9,10,11,2,coin_overflow
smart,20263187,30,79075,True,6,8,2,0,coin_overflow
smart,20263188,31,79751,True,8,11,3,0,coin_overflow
smart,20263189,32,89661,True,9,11,3,1,coin_overflow
smart,20263190,41,98071,True,10,12,5,3,coin_overflow
smart,20263191,38,105741,True,6,8,4,1,coin_overflow
smart,20263192,43,113063,True,9,11,6,2,coin_overflow
smart,20263193,39,107066,True,6,12,5,0,coin_overflow
smart,20263194,29,73001,True,12,15,3,1,coin_overflow
smart,20263195,58,154766,True,8,9,10,3,coin_overflow
smart,20263196,36,97056,True,12,13,6,0,coin_overflow
smart,20263197,43,107026,True,10,12,7,1,coin_overflow
smart,20263198,38,94707,True,7,10,5,0,coin_overflow
smart,20263199,44,120253,True,7,10,7,0,coin_overflow
smart,20263200,49,124152,True,11,12,8,3,coin_overflow
smart,20263201,45,119023,True,6,11,7,0,coin_overflow
smart,20263202,45,110267,True,8,9,7,1,coin_overflow
smart,20263203,30,75202,True,9,12,3,0,coin_overflow
smart,20263204,36,95110,True,8,9,4,1,coin_overflow
smart,20263205,27,73322,True,7,9,0,2,coin_overflow
smart,20263206,27,68261,True,10,11,1,2,coin_overflow
smart,20263207,46,113037,True,9,10,7,2,coin_overflow
smart,20263208,28,75505,True,9,10,1,2,coin_overflow
smart,20263209,40,98558,True,8,10,4,3,coin_overflow
smart,20263210,32,81511,True,8,13,2,2,coin_overflow
smart,20263211,29,80071,True,11,12,2,2,coin_overflow
smart,20263212,45,117582,True,8,9,7,1,coin_overflow
smart,20263213,58,147158,True,9,10,11,2,coin_overflow
smart,20263214,41,109061,True,8,13,5,2,coin_overflow
smart,20263215,28,75208,True,8,10,2,0,coin_overflow
smart,20263216,51,130921,True,6,8,9,0,coin_overflow
smart,20263217,29,79116,True,10,12,3,0,coin_overflow
smart,20263218,30,79015,True,9,10,3,0,coin_overflow
smart,20263219,35,88622,True,8,10,3,2,coin_overflow
smart,20263220,34,83538,True,7,8,3,1,coin_overflow
smart,20263221,64,166191,True,8,9,14,0,coin_overflow
smart,20263222,22,53221,True,10,11,0,1,coin_overflow
smart,20263223,28,76311,True,10,11,2,1,coin_overflow
smart,20263224,51,137524,True,5,9,6,4,coin_overflow
smart,20263225,43,109007,True,12,13,7,2,coin_overflow
smart,20263226,20,52051,True,13,14,1,0,coin_overflow
smart,20263227,49,125651,True,9,12,8,2,coin_overflow
smart,20263228,38,97103,True,11,12,5,2,coin_overflow
smart,20263229,30,82103,True,9,12,3,0,coin_overflow
smart,20263230,75,192252,True,9,11,18,0,coin_overflow
smart,20263231,36,92567,True,7,10,3,2,coin_overflow
smart,20263232,44,109092,True,7,9,7,0,coin_overflow
smart,20263233,38,91326,True,6,9,4,1,coin_overflow
smart,20263234,35,91221,True,10,11,5,0,coin_overflow
smart,20263235,31,78301,True,10,12,3,1,coin_overflow
smart,20263236,35,91556,True,9,12,4,1,coin_overflow
smart,20263237,49,123014,True,9,11,8,2,coin_overflow
smart,20263238,27,77066,True,11,12,2,1,coin_overflow
smart,20263239,48,125166,True,9,11,9,0,coin_overflow
smart,20263240,28,75022,True,11,12,3,0,coin_overflow
smart,20263241,48,129056,True,10,13,8,2,coin_overflow
smart,20263242,35,89002,True,10,14,5,0,coin_overflow
smart,20263243,29,67114,True,8,10,1,2,coin_overflow
smart,20263244,33,89817,True,5,8,2,1,coin_overflow
smart,20263245,30,78256,True,10,11,2,2,coin_overflow
smart,20263246,42,108453,True,7,8,5,2,coin_overflow
smart,20263247,33,89207,True,8,11,3,1,coin_overflow
smart,20263248,28,65066,True,11,12,3,0,coin_overflow
smart,20263249,45,120701,True,9,12,6,3,coin_overflow
smart,20263250,34,91219,True,6,8,2,2,coin_overflow
smart,20263251,45,113159,True,6,9,7,0,coin_overflow
smart,20263252,41,106251,True,10,12,7,0,coin_overflow
smart,20263253,31,80751,True,10,11,3,1,coin_overflow
smart,20263254,39,96752,True,9,10,6,0,coin_overflow
smart,20263255,34,79221,True,9,11,3,2,coin_overflow
smart,20263256,38,96256,True,10,11,6,0,coin_overflow
smart,20263257,27,67651,True,11,12,2,1,coin_overflow
smart,20263258,45,114166,True,7,11,6,2,coin_overflow
smart,20263259,39,99755,True,4,7,3,2,coin_overflow
smart,20263260,39,93567,True,8,10,5,1,coin_overflow
smart,20263261,41,100616,True,7,11,4,3,coin_overflow
smart,20263262,30,81266,True,9,10,3,0,coin_overflow
smart,20263263,24,62252,True,10,11,0,2,coin_overflow
smart,20263264,37,94321,True,7,10,4,1,coin_overflow
smart,20263265,33,80510,True,7,9,2,2,coin_overflow
smart,20263266,33,77501,True,12,14,5,0,coin_overflow
smart,20263267,28,76208,True,9,10,1,2,coin_overflow
smart,20263268,64,167041,True,10,11,14,1,coin_overflow
smart,20263269,31,81104,True,6,11,1,2,coin_overflow
smart,20263270,28,74411,True,7,10,1,1,coin_overflow
smart,20263271,48,128282,True,7,8,7,2,coin_overflow
smart,20263272,38,97082,True,9,10,5,1,coin_overflow
smart,20263273,36,92511,True,8,13,4,1,coin_overflow
smart,20263274,42,109577,True,8,9,6,1,coin_overflow
smart,20263275,31,80361,True,9,10,2,2,coin_overflow
smart,20263276,37,98014,True,9,11,4,2,coin_overflow
smart,20263277,30,77009,True,10,11,2,2,coin_overflow
smart,20263278,53,139664,True,6,8,9,1,coin_overflow
smart,20263279,38,92025,True,7,9,5,0,coin_overflow
smart,20263280,31,79161,True,10,12,3,1,coin_overflow
smart,20263281,33,90003,True,11,13,4,1,coin_overflow
smart,20263282,34,89301,True,11,12,5,0,coin_overflow
smart,20263283,27,73203,True,10,11,1,2,coin_overflow
smart,20263284,54,142056,True,12,13,12,0,coin_overflow
smart,20263285,31,82067,True,9,11,2,2,coin_overflow
smart,20263286,37,97008,True,10,12,5,1,coin_overflow
smart,20263287,28,66001,True,12,15,2,2,coin_overflow
smart,20263288,39,106026,True,10,12,5,2,coin_overflow
smart,20263289,57,146467,True,6,7,11,0,coin_overflow
smart,20263290,39,106307,True,7,10,4,2,coin_overflow
smart,20263291,25,67001,True,7,15,0,1,coin_overflow
smart,20263292,43,109015,True,9,10,6,2,coin_overflow
smart,20263293,44,116706,True,10,11,8,0,coin_overflow
smart,20263294,40,97023,True,9,11,5,2,coin_overflow
smart,20263295,31,76103,True,7,12,2,1,coin_overflow
smart,20263296,30,78703,True,8,10,2,1,coin_overflow
smart,20263297,42,109672,True,7,9,5,2,coin_overflow
smart,20263298,33,80627,True,8,9,3,1,coin_overflow
smart,20263299,31,81531,True,10,11,3,1,coin_overflow
smart,20263300,27,69401,True,10,11,1,2,coin_overflow
smart,20263301,40,97651,True,10,12,6,1,coin_overflow
smart,20263302,58,152309,True,7,8,11,1,coin_overflow
smart,20263303,36,86107,True,8,12,4,1,coin_overflow
smart,20263304,32,89004,True,9,12,3,1,coin_overflow
smart,20263305,44,111361,True,9,10,7,1,coin_overflow
smart,20263306,34,90079,True,7,8,3,1,coin_overflow
smart,20263307,37,96802,True,8,10,3,3,coin_overflow
smart,20263308,23,62402,True,9,10,0,1,coin_overflow
smart,20263309,27,66512,True,10,12,1,2,coin_overflow
smart,20263310,27,67062,True,9,12,2,0,coin_overflow
smart,20263311,34,91303,True,9,10,3,2,coin_overflow
smart,20263312,50,125511,True,9,13,9,1,coin_overflow
smart,20263313,31,80521,True,10,12,3,1,coin_overflow
smart,20263314,54,141671,True,7,10,9,2,coin_overflow
smart,20263315,28,73376,True,7,8,1,1,coin_overflow
smart,20263316,39,100111,True,10,13,5,2,coin_overflow
smart,20263317,39,97511,True,7,13,4,2,coin_overflow
smart,20263318,27,72752,True,8,10,1,1,coin_overflow
smart,20263319,30,79521,True,8,12,2,1,coin_overflow
smart,20263320,52,129021,True,11,13,9,3,coin_overflow
smart,20263321,29,77063,True,10,11,1,3,coin_overflow
smart,20263322,37,98071,True,10,12,5,1,coin_overflow
smart,20263323,37,96503,True,10,12,5,1,coin_overflow
smart,20263324,39,96611,True,11,12,6,1,coin_overflow
smart,20263325,33,80151,True,9,13,4,0,coin_overflow
smart,20263326,30,79706,True,10,11,2,2,coin_overflow
smart,20263327,30,66558,True,8,10,2,1,coin_overflow
smart,20263328,31,78077,True,7,10,2,1,coin_overflow
smart,20263329,28,80571,True,9,11,1,2,coin_overflow
smart,20263330,28,78068,True,7,10,1,1,coin_overflow
smart,20263331,37,95621,True,9,11,4,2,coin_overflow
smart,20263332,27,62766,True,8,9,1,1,coin_overflow
smart,20263333,31,79803,True,6,9,1,2,coin_overflow
smart,20263334,43,111202,True,9,12,6,2,coin_overflow
smart,20263335,35,96353,True,8,9,3,2,coin_overflow
smart,20263336,25,66601,True,12,13,1,2,coin_overflow
smart,20263337,27,77007,True,12,13,3,0,coin_overflow
smart,20263338,42,108671,True,6,10,6,0,coin_overflow
smart,20263339,30,75216,True,10,11,2,2,coin_overflow
smart,20263340,43,110602,True,9,12,6,2,coin_overflow
smart,20263341,40,104009,True,10,11,6,1,coin_overflow
smart,20263342,32,90211,True,8,12,2,2,coin_overflow
smart,20263343,32,84026,True,11,12,3,2,coin_overflow
smart,20263344,30,79171,True,10,11,2,2,coin_overflow
smart,20263345,41,105164,True,7,9,4,3,coin_overflow
smart,20263346,42,100003,True,9,13,7,0,coin_overflow
smart,20263347,28,68006,True,11,14,3,0,coin_overflow
smart,20263348,49,127807,True,7,9,8,1,coin_overflow
smart,20263349,26,65155,True,8,9,0,2,coin_overflow
smart,20263350,38,95241,True,6,9,4,1,coin_overflow
smart,20263351,32,82037,True,9,10,3,1,coin_overflow
smart,20263352,33,82078,True,8,9,3,1,coin_overflow
smart,20263353,43,112121,True,10,12,7,1,coin_overflow
smart,20263354,32,82653,True,9,10,3,1,coin_overflow
smart,20263355,56,140272,True,6,9,10,1,coin_overflow
smart,20263356,54,136265,True,6,7,10,0,coin_overflow
smart,20263357,48,115103,True,10,12,8,2,coin_overflow
smart,20263358,44,112711,True,10,11,8,0,coin_overflow
smart,20263359,25,64112,True,9,12,0,2,coin_overflow
smart,20263360,49,127007,True,8,13,9,0,coin_overflow
smart,20263361,22,59512,True,11,12,1,0,coin_overflow
smart,20263362,34,84093,True,6,8,2,2,coin_overflow
smart,20263363,28,77601,True,10,13,2,1,coin_overflow
smart,20263364,60,158281,True,8,9,12,1,coin_overflow
smart,20263365,46,116512,True,9,12,7,2,coin_overflow
smart,20263366,42,106703,True,8,10,6,1,coin_overflow
smart,20263367,32,90062,True,11,12,3,2,coin_overflow
smart,20263368,42,109556,True,9,12,7,0,coin_overflow
smart,20263369,38,94257,True,9,10,5,1,coin_overflow
smart,20263370,36,93316,True,8,10,4,1,coin_overflow
smart,20263371,32,82504,True,10,11,2,3,coin_overflow
smart,20263372,33,82521,True,11,12,4,1,coin_overflow
smart,20263373,48,124211,True,11,12,9,1,coin_overflow
smart,20263374,44,113656,True,10,11,8,0,coin_overflow
smart,20263375,31,80011,True,13,14,4,1,coin_overflow
smart,20263376,20,49011,True,12,14,0,1,coin_overflow
smart,20263377,33,89013,True,9,12,2,3,coin_overflow
smart,20263378,35,92016,True,8,13,3,2,coin_overflow
smart,20263379,38,98077,True,6,10,4,1,coin_overflow
smart,20263380,28,66031,True,10,12,2,1,coin_overflow
smart,20263381,58,149041,True,8,11,10,3,coin_overflow
smart,20263382,56,139122,True,9,11,11,1,coin_overflow
smart,20263383,32,79217,True,9,10,3,1,coin_overflow
smart,20263384,37,97158,True,6,10,3,2,coin_overflow
smart,20263385,57,147181,True,7,10,10,2,coin_overflow
smart,20263386,46,126507,True,10,12,8,1,coin_overflow
smart,20263387,23,55002,True,13,14,2,0,coin_overflow
smart,20263388,24,60512,True,10,12,0,2,coin_overflow
smart,20263389,26,63603,True,8,11,0,2,coin_overflow
smart,20263390,40,103602,True,11,12,7,0,coin_overflow
smart,20263391,34,94811,True,9,10,3,2,coin_overflow
smart,20263392,34,84543,True,6,8,2,2,coin_overflow
smart,20263393,35,91556,True,11,12,4,2,coin_overflow
smart,20263394,36,93112,True,11,12,5,1,coin_overflow
smart,20263395,59,153702,True,8,11,11,2,coin_overflow
smart,20263396,31,78303,True,9,10,2,2,coin_overflow
smart,20263397,37,95621,True,7,11,4,1,coin_overflow
smart,20263398,66,175065,True,8,9,14,1,coin_overflow
smart,20263399,55,140851,True,8,10,11,0,coin_overflow
smart,20263400,40,105432,True,6,7,4,2,coin_overflow
smart,20263401,38,90001,True,14,15,6,2,coin_overflow
smart,20263402,58,156013,True,10,12,12,1,coin_overflow
smart,20263403,29,80061,True,11,13,2,2,coin_overflow
smart,20263404,31,81351,True,9,11,2,2,coin_overflow
smart,20263405,26,69104,True,9,11,1,1,coin_overflow
smart,20263406,28,66521,True,9,12,1,2,coin_overflow
smart,20263407,31,78062,True,11,12,4,0,coin_overflow
smart,20263408,49,124653,True,9,10,8,2,coin_overflow
smart,20263409,32,80312,True,8,10,2,2,coin_overflow
smart,20263410,44,118207,True,9,11,7,1,coin_overflow
smart,20263411,41,103211,True,11,12,6,2,coin_overflow
smart,20263412,40,109516,True,10,12,6,1,coin_overflow
smart,20263413,36,91571,True,7,11,3,2,coin_overflow
smart,20263414,38,94091,True,9,10,5,1,coin_overflow
smart,20263415,69,171126,True,8,11,15,1,coin_overflow
smart,20263416,23,62501,True,11,14,0,2,coin_overflow
smart,20263417,34,83061,True,8,13,4,0,coin_overflow
smart,20263418,35,91516,True,9,12,4,1,coin_overflow
smart,20263419,22,62002,True,13,14,1,1,coin_overflow
smart,20263420,30,78161,True,10,12,2,2,coin_overflow
smart,20263421,47,125504,True,8,11,7,2,coin_overflow
smart,20263422,50,129127,True,9,10,9,1,coin_overflow
smart,20263423,43,111136,True,9,10,6,2,coin_overflow
smart,20263424,28,75201,True,11,13,3,0,coin_overflow
smart,20263425,51,132167,True,7,10,8,2,coin_overflow
smart,20263426,39,94616,True,8,11,5,1,coin_overflow
smart,20263427,39,96536,True,8,10,5,1,coin_overflow
smart,20263428,29,75117,True,8,11,1,2,coin_overflow
smart,20263429,33,91022,True,11,12,4,1,coin_overflow
smart,20263430,51,129594,True,5,6,8,1,coin_overflow
smart,20263431,32,80154,True,8,10,2,2,coin_overflow
smart,20263432,44,113816,True,6,9,6,1,coin_overflow
smart,20263433,36,94702,True,10,11,4,2,coin_overflow
smart,20263434,42,107305,True,6,8,6,0,coin_overflow
smart,20263435,33,76521,True,10,12,3,2,coin_overflow
smart,20263436,28,76718,True,7,8,1,1,coin_overflow
smart,20263437,49,127537,True,7,9,8,1,coin_overflow
smart,20263438,28,66058,True,9,11,1,2,coin_overflow
smart,20263439,30,71911,True,8,9,2,1,coin_overflow
smart,20263440,34,93626,True,9,10,3,2,coin_overflow
smart,20263441,28,76030,True,7,8,1,1,coin_overflow
smart,20263442,50,137030,True,7,8,9,0,coin_overflow
smart,20263443,26,68613,True,9,10,1,1,coin_overflow
smart,20263444,31,79002,True,11,14,2,3,coin_overflow
smart,20263445,32,81716,True,8,10,2,2,coin_overflow
smart,20263446,39,104088,True,6,8,5,0,coin_overflow
smart,20263447,40,107162,True,9,11,5,2,coin_overflow
smart,20263448,38,94007,True,11,13,5,2,coin_overflow
smart,20263449,45,124132,True,9,10,8,0,coin_overflow
smart,20263450,26,68052,True,12,13,2,1,coin_overflow
smart,20263451,44,114654,True,5,9,5,2,coin_overflow
smart,20263452,27,66407,True,8,9,1,1,coin_overflow
smart,20263453,54,143117,True,4,11,8,2,coin_overflow
smart,20263454,25,64031,True,10,12,1,1,coin_overflow
smart,20263455,29,78102,True,12,13,3,1,coin_overflow
smart,20263456,25,65526,True,9,11,0,2,coin_overflow
smart,20263457,51,130446,True,5,6,8,1,coin_overflow
smart,20263458,34,94143,True,7,8,3,1,coin_overflow
smart,20263459,30,76153,True,8,11,2,1,coin_overflow
smart,20263460,49,123678,True,5,7,8,0,coin_overflow
smart,20263461,30,76672,True,7,9,1,2,coin_overflow
smart,20263462,63,160001,True,12,15,13,3,coin_overflow
smart,20263463,39,100016,True,8,13,5,1,coin_overflow
smart,20263464,50,123803,True,8,9,8,2,coin_overflow
smart,20263465,64,170207,True,10,11,14,1,coin_overflow
smart,20263466,37,96508,True,10,11,5,1,coin_overflow
smart,20263467,36,93658,True,7,9,3,2,coin_overflow
smart,20263468,36,94352,True,9,10,5,0,coin_overflow
smart,20263469,37,93040,True,6,7,3,2,coin_overflow
smart,20263470,36,93211,True,11,12,5,1,coin_overflow
smart,20263471,30,77524,True,8,9,2,1,coin_overflow
smart,20263472,49,123557,True,9,11,8,2,coin_overflow
smart,20263473,53,140353,True,7,9,8,3,coin_overflow
smart,20263474,28,74506,True,10,13,2,1,coin_overflow
smart,20263475,30,81582,True,7,9,1,2,coin_overflow
smart,20263476,53,139703,True,8,10,9,2,coin_overflow
smart,20263477,55,143127,True,7,10,10,1,coin_overflow
smart,20263478,29,69801,True,9,11,2,1,coin_overflow
smart,20263479,44,112646,True,6,8,4,4,coin_overflow
smart,20263480,29,78017,True,8,12,1,2,coin_overflow
smart,20263481,26,65111,True,12,13,2,1,coin_overflow
smart,20263482,50,137126,True,10,11,8,3,coin_overflow
smart,20263483,51,136851,True,8,10,9,1,coin_overflow
smart,20263484,31,81221,True,10,11,3,1,coin_overflow
smart,20263485,58,153432,True,6,7,10,2,coin_overflow
smart,20263486,32,80015,True,9,10,3,1,coin_overflow
smart,20263487,50,128083,True,5,9,7,2,coin_overflow
smart,20263488,36,91503,True,10,12,4,2,coin_overflow
smart,20263489,74,187013,True,8,12,16,2,coin_overflow
smart,20263490,25,63802,True,7,10,0,1,coin_overflow
smart,20263491,27,77066,True,9,12,2,0,coin_overflow
smart,20263492,41,96026,True,11,12,6,2,coin_overflow
smart,20263493,51,136721,True,8,10,9,1,coin_overflow
smart,20263494,40,94262,True,6,10,4,2,coin_overflow
smart,20263495,34,94363,True,6,8,2,2,coin_overflow
smart,20263496,48,124051,True,11,14,9,1,coin_overflow
smart,20263497,39,100106,True,9,13,4,3,coin_overflow
smart,20263498,35,92666,True,8,10,3,2,coin_overflow
smart,20263499,33,86222,True,7,10,2,2,coin_overflow
smart,20263500,47,124342,True,4,7,7,0,coin_overflow
smart,20263501,34,82507,True,11,12,3,3,coin_overflow
smart,20263502,48,125108,True,9,11,7,3,coin_overflow
smart,20263503,26,67021,True,12,13,2,1,coin_overflow
smart,20263504,57,146053,True,8,12,11,1,coin_overflow
smart,20263505,38,102308,True,4,9,4,0,coin_overflow
smart,20263506,41,106610,True,7,8,6,0,coin_overflow
smart,20263507,25,66203,True,10,11,1,1,coin_overflow
smart,20263508,33,82531,True,10,11,3,2,coin_overflow
smart,20263509,29,75601,True,11,13,2,2,coin_overflow
smart,20263510,29,81762,True,8,9,1,2,coin_overflow
smart,20263511,72,184546,True,6,9,14,3,coin_overflow
smart,20263512,29,79052,True,12,13,3,1,coin_overflow
smart,20263513,46,120851,True,8,10,8,0,coin_overflow
smart,20263514,32,81121,True,9,12,3,1,coin_overflow
smart,20263515,38,97044,True,7,8,5,0,coin_overflow
smart,20263516,31,78901,True,9,10,2,2,coin_overflow
smart,20263517,45,115109,True,9,10,8,0,coin_overflow
smart,20263518,36,91160,True,7,8,3,2,coin_overflow
smart,20263519,31,78507,True,11,12,2,3,coin_overflow
smart,20263520,35,86127,True,9,10,4,1,coin_overflow
smart,20263521,32,89761,True,9,10,3,1,coin_overflow
smart,20263522,29,77019,True,9,10,2,1,coin_overflow
smart,20263523,33,91504,True,10,11,3,2,coin_overflow
smart,20263524,39,99012,True,12,13,7,0,coin_overflow
smart,20263525,36,94036,True,8,11,4,1,coin_overflow
smart,20263526,26,68082,True,9,10,1,1,coin_overflow
smart,20263527,39,97616,True,10,11,5,2,coin_overflow
smart,20263528,35,92507,True,10,12,5,0,coin_overflow
smart,20263529,34,91031,True,9,12,3,2,coin_overflow
smart,20263530,39,98205,True,8,9,5,1,coin_overflow
smart,20263531,36,97517,True,10,11,4,2,coin_overflow
smart,20263532,45,111516,True,10,12,7,2,coin_overflow
smart,20263533,27,75056,True,10,13,1,2,coin_overflow
smart,20263534,23,53106,True,12,13,1,1,coin_overflow
smart,20263535,40,106806,True,8,10,4,3,coin_overflow
smart,20263536,35,94054,True,8,11,3,2,coin_overflow
smart,20263537,34,91421,True,8,9,2,3,coin_overflow
smart,20263538,34,85251,True,9,12,3,2,coin_overflow
smart,20263539,38,96016,True,12,13,6,1,coin_overflow
smart,20263540,36,96103,True,10,12,4,2,coin_overflow
smart,20263541,44,120028,True,9,10,7,1,coin_overflow
smart,20263542,45,115601,True,11,13,8,1,coin_overflow
smart,20263543,56,147251,True,10,12,10,3,coin_overflow
smart,20263544,56,147461,True,8,9,10,2,coin_overflow
smart,20263545,28,76102,True,11,13,3,0,coin_overflow
smart,20263546,28,76613,True,9,10,1,2,coin_overflow
smart,20263547,24,62026,True,11,12,1,1,coin_overflow
smart,20263548,51,134564,True,6,9,9,0,coin_overflow
smart,20263549,29,80062,True,9,12,2,1,coin_overflow
smart,20263550,26,79011,True,11,14,1,2,coin_overflow
smart,20263551,47,125118,True,6,10,7,1,coin_overflow
smart,20263552,21,52002,True,13,14,0,2,coin_overflow
smart,20263553,55,141161,True,11,12,10,3,coin_overflow
smart,20263554,51,136012,True,9,13,8,3,coin_overflow
smart,20263555,30,78003,True,11,13,3,1,coin_overflow
smart,20263556,48,127208,True,8,10,8,1,coin_overflow
smart,20263557,29,79961,True,6,8,1,1,coin_overflow
smart,20263558,46,113004,True,10,12,8,1,coin_overflow
smart,20263559,29,78151,True,9,13,2,1,coin_overflow
smart,20263560,38,96666,True,6,10,4,1,coin_overflow
smart,20263561,32,88701,True,7,12,3,0,coin_overflow
smart,20263562,36,96115,True,8,9,4,1,coin_overflow
smart,20263563,42,108035,True,7,8,5,2,coin_overflow
smart,20263564,37,94406,True,9,10,4,2,coin_overflow
smart,20263565,35,92067,True,10,11,5,0,coin_overflow
smart,20263566,34,86262,True,9,10,3,2,coin_overflow
smart,20263567,78,204311,True,5,11,17,1,coin_overflow
smart,20263568,36,97322,True,7,9,3,2,coin_overflow
smart,20263569,27,68054,True,10,11,1,2,coin_overflow
smart,20263570,39,103088,True,5,8,4,1,coin_overflow
smart,20263571,37,94651,True,10,12,5,1,coin_overflow
smart,20263572,32,80116,True,11,12,3,2,coin_overflow
smart,20263573,35,84711,True,10,11,5,0,coin_overflow
smart,20263574,35,95061,True,12,13,5,1,coin_overflow
smart,20263575,33,92416,True,8,9,3,1,coin_overflow
smart,20263576,40,108321,True,8,10,4,3,coin_overflow
smart,20263577,43,108057,True,10,12,7,1,coin_overflow
smart,20263578,29,83161,True,11,12,2,2,coin_overflow
smart,20263579,29,78116,True,11,12,2,2,coin_overflow
smart,20263580,28,77601,True,9,13,1,2,coin_overflow
smart,20263581,34,92301,True,10,12,4,1,coin_overflow
smart,20263582,37,94002,True,9,14,4,2,coin_overflow
smart,20263583,38,98153,True,8,11,4,2,coin_overflow
smart,20263584,30,76646,True,7,8,1,2,coin_overflow
smart,20263585,32,82306,True,9,11,3,1,coin_overflow
smart,20263586,37,93037,True,9,10,4,2,coin_overflow
smart,20263587,29,68411,True,8,10,1,2,coin_overflow
smart,20263588,37,94471,True,6,8,3,2,coin_overflow
smart,20263589,32,79213,True,9,10,3,1,coin_overflow
smart,20263590,31,77552,True,10,12,3,1,coin_overflow
smart,20263591,49,124511,True,10,13,9,1,coin_overflow
smart,20263592,28,77717,True,7,9,1,1,coin_overflow
smart,20263593,22,53011,True,12,14,0,2,coin_overflow
smart,20263594,45,121013,True,10,12,7,2,coin_overflow
smart,20263595,30,79658,True,8,9,2,1,coin_overflow
smart,20263596,36,94612,True,8,11,4,1,coin_overflow
smart,20263597,24,63551,True,11,13,1,1,coin_overflow
smart,20263598,49,124121,True,11,12,10,0,coin_overflow
smart,20263599,45,121063,True,10,11,7,2,coin_overflow
smart,20263600,37,95536,True,7,10,4,1,coin_overflow
smart,20263601,55,139107,True,11,12,12,0,coin_overflow
smart,20263602,46,123515,True,8,9,8,0,coin_overflow
smart,20263603,55,139006,True,11,14,10,3,coin_overflow
smart,20263604,34,84052,True,11,13,5,0,coin_overflow
smart,20263605,29,77001,True,11,15,2,2,coin_overflow
smart,20263606,34,84251,True,7,12,3,1,coin_overflow
smart,20263607,40,109201,True,9,13,5,2,coin_overflow
smart,20263608,35,88014,True,9,11,4,1,coin_overflow
smart,20263609,24,62053,True,11,12,1,1,coin_overflow
smart,20263610,28,69157,True,10,11,2,1,coin_overflow
smart,20263611,27,77031,True,11,12,2,1,coin_overflow
smart,20263612,33,81401,True,10,11,3,2,coin_overflow
smart,20263613,50,125601,True,10,13,10,0,coin_overflow
smart,20263614,41,107572,True,7,10,6,0,coin_overflow
smart,20263615,45,116756,True,8,10,7,1,coin_overflow
smart,20263616,37,96707,True,9,10,4,2,coin_overflow
smart,20263617,34,89452,True,7,9,3,1,coin_overflow
smart,20263618,33,84615,True,7,8,2,2,coin_overflow
smart,20263619,30,80006,True,12,14,4,0,coin_overflow
smart,20263620,34,92091,True,7,10,3,1,coin_overflow
smart,20263621,40,102169,True,7,8,5,1,coin_overflow
smart,20263622,49,128236,True,8,9,9,0,coin_overflow
smart,20263623,27,77502,True,10,13,1,2,coin_overflow
smart,20263624,51,127101,True,8,14,9,1,coin_overflow
smart,20263625,30,78802,True,9,10,3,0,coin_overflow
smart,20263626,38,103021,True,10,13,6,0,coin_overflow
smart,20263627,26,66206,True,10,12,2,0,coin_overflow
smart,20263628,35,96573,True,7,9,2,3,coin_overflow
smart,20263629,26,66567,True,9,10,1,1,coin_overflow
smart,20263630,55,138036,True,7,11,10,1,coin_overflow
smart,20263631,36,95014,True,10,11,4,2,coin_overflow
smart,20263632,26,67152,True,11,12,1,2,coin_overflow
smart,20263633,28,66046,True,8,10,2,0,coin_overflow
smart,20263634,52,138023,True,6,11,8,2,coin_overflow
smart,20263635,47,123006,True,12,14,9,1,coin_overflow
smart,20263636,37,98048,True,6,8,3,2,coin_overflow
smart,20263637,34,91513,True,9,11,3,2,coin_overflow
smart,20263638,50,127103,True,10,12,10,0,coin_overflow
smart,20263639,35,92712,True,8,10,3,2,coin_overflow
smart,20263640,35,94061,True,11,13,4,2,coin_overflow
smart,20263641,26,64118,True,9,10,1,1,coin_overflow
smart,20263642,45,111031,True,7,12,6,2,coin_overflow
smart,20263643,31,78501,True,11,14,4,0,coin_overflow
smart,20263644,29,78021,True,10,13,1,3,coin_overflow
smart,20263645,32,89127,True,9,10,3,1,coin_overflow
smart,20263646,26,67054,True,9,11,1,1,coin_overflow
smart,20263647,32,80041,True,8,11,2,2,coin_overflow
smart,20263648,29,77206,True,11,12,2,2,coin_overflow
smart,20263649,29,81011,True,13,14,4,0,coin_overflow
smart,20263650,38,94552,True,9,12,5,1,coin_overflow
smart,20263651,29,82151,True,8,13,1,2,coin_overflow
smart,20263652,31,80009,True,9,11,2,2,coin_overflow
smart,20263653,42,112606,True,8,12,6,1,coin_overflow
smart,20263654,36,96133,True,8,9,4,1,coin_overflow
smart,20263655,41,108167,True,9,10,6,1,coin_overflow
smart,20263656,32,80066,True,7,12,3,0,coin_overflow
smart,20263657,30,77511,True,8,13,2,1,coin_overflow
smart,20263658,41,108352,True,7,10,6,0,coin_overflow
smart,20263659,47,125511,True,11,13,8,2,coin_overflow
smart,20263660,50,130506,True,9,13,9,1,coin_overflow
smart,20263661,42,99183,True,7,8,5,2,coin_overflow
smart,20263662,43,111511,True,10,13,7,1,coin_overflow
smart,20263663,36,93512,True,7,12,3,2,coin_overflow
smart,20263664,25,64606,True,9,12,0,2,coin_overflow
smart,20263665,30,78806,True,8,10,2,1,coin_overflow
smart,20263666,44,112151,True,12,13,8,1,coin_overflow
smart,20263667,36,94571,True,10,11,4,2,coin_overflow
smart,20263668,31,77121,True,9,12,2,2,coin_overflow
smart,20263669,51,135252,True,10,11,9,2,coin_overflow
smart,20263670,62,156516,True,9,12,13,1,coin_overflow
smart,20263671,39,108701,True,11,12,6,1,coin_overflow
smart,20263672,48,126652,True,9,11,7,3,coin_overflow
smart,20263673,35,94253,True,9,10,4,1,coin_overflow
smart,20263674,33,91166,True,10,11,3,2,coin_overflow
smart,20263675,32,91305,True,7,8,3,0,coin_overflow
smart,20263676,50,131669,True,6,7,8,1,coin_overflow
smart,20263677,61,160126,True,10,11,13,1,coin_overflow
smart,20263678,54,130256,True,9,11,11,0,coin_overflow
smart,20263679,25,63351,True,10,11,1,1,coin_overflow
smart,20263680,45,113505,True,8,10,7,1,coin_overflow
smart,20263681,25,63011,True,9,14,0,2,coin_overflow
smart,20263682,57,141561,True,9,12,12,0,coin_overflow
smart,20263683,32,91613,True,9,10,3,1,coin_overflow
smart,20263684,80,202802,True,6,10,18,1,coin_overflow
smart,20263685,36,92522,True,10,11,4,2,coin_overflow
smart,20263686,34,94803,True,8,9,4,0,coin_overflow
smart,20263687,32,78051,True,11,14,3,2,coin_overflow
smart,20263688,37,95036,True,10,11,5,1,coin_overflow
smart,20263689,52,135603,True,10,11,10,1,coin_overflow
smart,20263690,71,180551,True,12,13,17,1,coin_overflow
smart,20263691,33,91536,True,9,10,2,3,coin_overflow
smart,20263692,35,92171,True,10,11,3,3,coin_overflow
smart,20263693,41,112002,True,6,14,5,1,coin_overflow
smart,20263694,30,77153,True,10,11,2,2,coin_overflow
smart,20263695,46,122538,True,6,8,6,2,coin_overflow
smart,20263696,37,93708,True,8,9,5,0,coin_overflow
smart,20263697,36,84004,True,9,12,5,0,coin_overflow
smart,20263698,38,96621,True,8,11,4,2,coin_overflow
smart,20263699,27,76226,True,9,10,2,0,coin_overflow
smart,20263700,41,112031,True,9,12,6,1,coin_overflow
smart,20263701,26,68501,True,13,14,3,0,coin_overflow
smart,20263702,38,96096,True,7,9,3,3,coin_overflow
smart,20263703,32,78553,True,10,11,4,0,coin_overflow
smart,20263704,31,81651,True,10,12,3,1,coin_overflow
smart,20263705,33,89407,True,8,9,3,1,coin_overflow
smart,20263706,31,80303,True,8,10,1,3,coin_overflow
smart,20263707,32,81033,True,7,10,3,0,coin_overflow
smart,20263708,38,105013,True,6,12,4,1,coin_overflow
smart,20263709,40,104654,True,8,9,6,0,coin_overflow
smart,20263710,34,88226,True,9,10,3,2,coin_overflow
smart,20263711,32,88051,True,12,14,4,1,coin_overflow
smart,20263712,62,157771,True,8,9,12,2,coin_overflow
smart,20263713,34,84101,True,13,14,5,1,coin_overflow
smart,20263714,36,94066,True,11,12,5,1,coin_overflow
smart,20263715,35,94101,True,11,14,4,2,coin_overflow
smart,20263716,26,74701,True,11,12,1,2,coin_overflow
smart,20263717,38,97555,True,8,9,4,2,coin_overflow
smart,20263718,29,80203,True,9,11,2,1,coin_overflow
smart,20263719,47,112062,True,11,12,8,2,coin_overflow
smart,20263720,35,90512,True,9,12,4,1,coin_overflow
smart,20263721,43,115506,True,8,13,5,3,coin_overflow
smart,20263722,35,92051,True,13,14,6,0,coin_overflow
smart,20263723,39,97128,True,7,9,4,2,coin_overflow
smart,20263724,37,96311,True,10,11,5,1,coin_overflow
smart,20263725,31,78541,True,9,10,2,2,coin_overflow
smart,20263726,33,80517,True,9,11,4,0,coin_overflow
smart,20263727,37,94529,True,7,8,4,1,coin_overflow
smart,20263728,36,85206,True,10,12,4,2,coin_overflow
smart,20263729,44,110564,True,8,9,6,2,coin_overflow
smart,20263730,27,66511,True,8,13,1,1,coin_overflow
smart,20263731,45,108146,True,5,9,6,1,coin_overflow
smart,20263732,36,95001,True,11,15,5,1,coin_overflow
smart,20263733,37,94722,True,7,9,4,1,coin_overflow
smart,20263734,50,126066,True,11,12,9,2,coin_overflow
smart,20263735,29,80002,True,8,14,1,2,coin_overflow
smart,20263736,29,78604,True,9,10,2,1,coin_overflow
smart,20263737,38,98102,True,9,13,5,1,coin_overflow
smart,20263738,53,140531,True,8,11,9,2,coin_overflow
smart,20263739,27,75521,True,11,12,2,1,coin_overflow
smart,20263740,29,79328,True,6,7,1,1,coin_overflow
smart,20263741,51,133004,True,11,12,10,1,coin_overflow
smart,20263742,41,108105,True,6,10,5,1,coin_overflow
smart,20263743,38,91352,True,8,10,4,2,coin_overflow
smart,20263744,39,104012,True,9,13,6,0,coin_overflow
smart,20263745,31,83011,True,9,14,2,2,coin_overflow
smart,20263746,38,94608,True,9,10,5,1,coin_overflow
smart,20263747,36,97030,True,6,8,4,0,coin_overflow
smart,20263748,37,94526,True,7,11,4,1,coin_overflow
smart,20263749,35,85759,True,6,7,3,1,coin_overflow
smart,20263750,53,139007,True,12,13,11,1,coin_overflow
smart,20263751,36,87065,True,7,9,3,2,coin_overflow
smart,20263752,40,97253,True,9,10,5,2,coin_overflow
smart,20263753,48,125502,True,8,13,8,1,coin_overflow
smart,20263754,43,109211,True,8,12,5,3,coin_overflow
smart,20263755,27,64361,True,9,10,2,0,coin_overflow
smart,20263756,26,63103,True,9,12,1,1,coin_overflow
smart,20263757,30,78902,True,7,9,1,2,coin_overflow
smart,20263758,35,91525,True,6,8,3,1,coin_overflow
smart,20263759,29,80401,True,8,11,1,2,coin_overflow
smart,20263760,33,81201,True,11,13,4,1,coin_overflow
smart,20263761,39,99154,True,8,10,5,1,coin_overflow
smart,20263762,39,95701,True,10,12,5,2,coin_overflow
smart,20263763,42,106033,True,9,10,7,0,coin_overflow
smart,20263764,32,83026,True,11,12,3,2,coin_overflow
smart,20263765,40,109039,True,7,8,5,1,coin_overflow
smart,20263766,43,111551,True,12,13,7,2,coin_overflow
smart,20263767,62,150153,True,6,11,12,1,coin_overflow
smart,20263768,34,86607,True,10,11,4,1,coin_overflow
smart,20263769,30,80191,True,8,9,2,1,coin_overflow
smart,20263770,43,112509,True,9,10,6,2,coin_overflow
smart,20263771,28,65041,True,9,11,1,2,coin_overflow
smart,20263772,41,109141,True,9,10,4,4,coin_overflow
smart,20263773,35,93416,True,5,9,2,2,coin_overflow
smart,20263774,39,100007,True,11,13,6,1,coin_overflow
smart,20263775,33,92074,True,8,9,3,1,coin_overflow
smart,20263776,39,97711,True,9,11,6,0,coin_overflow
smart,20263777,56,143007,True,9,13,11,1,coin_overflow
smart,20263778,26,68051,True,11,14,1,2,coin_overflow
smart,20263779,29,79126,True,7,11,2,0,coin_overflow
smart,20263780,38,105058,True,8,11,4,2,coin_overflow
smart,20263781,34,91356,True,9,10,3,2,coin_overflow
smart,20263782,40,108044,True,7,8,5,1,coin_overflow
smart,20263783,30,80708,True,7,9,1,2,coin_overflow
smart,20263784,29,74021,True,10,13,3,0,coin_overflow
smart,20263785,23,60662,True,9,10,0,1,coin_overflow
smart,20263786,37,95105,True,7,10,4,1,coin_overflow
smart,20263787,40,101501,True,10,14,6,1,coin_overflow
smart,20263788,36,94251,True,11,12,5,1,coin_overflow
smart,20263789,51,132076,True,10,11,9,2,coin_overflow
smart,20263790,29,72126,True,8,11,1,2,coin_overflow
smart,20263791,57,143252,True,8,11,11,1,coin_overflow
smart,20263792,35,96071,True,8,12,3,2,coin_overflow
smart,20263793,52,140112,True,10,12,10,1,coin_overflow
smart,20263794,29,77010,True,6,10,1,1,coin_overflow
smart,20263795,56,141042,True,9,10,11,1,coin_overflow
smart,20263796,75,188403,True,7,9,16,2,coin_overflow
smart,20263797,31,80131,True,10,11,3,1,coin_overflow
smart,20263798,32,82322,True,7,9,3,0,coin_overflow
smart,20263799,29,79202,True,11,12,2,2,coin_overflow
smart,20263800,50,132256,True,8,11,8,2,coin_overflow
smart,20263801,36,98168,True,7,9,3,2,coin_overflow
smart,20263802,57,146586,True,8,9,9,4,coin_overflow
smart,20263803,31,82461,True,7,9,2,1,coin_overflow
smart,20263804,33,93011,True,10,14,3,2,coin_overflow
smart,20263805,42,99208,True,8,10,6,1,coin_overflow
smart,20263806,48,125231,True,8,10,8,1,coin_overflow
smart,20263807,32,80523,True,8,10,2,2,coin_overflow
smart,20263808,28,72061,True,7,13,1,1,coin_overflow
smart,20263809,31,78538,True,7,8,2,1,coin_overflow
smart,20263810,34,82601,True,12,13,4,2,coin_overflow
smart,20263811,33,89702,True,9,11,4,0,coin_overflow
smart,20263812,26,67504,True,10,11,2,0,coin_overflow
smart,20263813,27,78001,True,14,15,3,1,coin_overflow
smart,20263814,27,70656,True,8,11,1,1,coin_overflow
smart,20263815,42,108094,True,6,7,4,3,coin_overflow
smart,20263816,47,125906,True,8,9,7,2,coin_overflow
smart,20263817,49,126252,True,8,11,7,3,coin_overflow
smart,20263818,37,97301,True,10,12,5,1,coin_overflow
smart,20263819,29,78004,True,11,12,2,2,coin_overflow
smart,20263820,42,105305,True,6,8,4,3,coin_overflow
smart,20263821,37,93202,True,9,12,4,2,coin_overflow
smart,20263822,32,80301,True,11,12,3,2,coin_overflow
smart,20263823,31,80157,True,10,11,3,1,coin_overflow
smart,20263824,30,66059,True,8,10,2,1,coin_overflow
smart,20263825,33,88616,True,10,11,3,2,coin_overflow
smart,20263826,36,86040,True,5,7,3,1,coin_overflow
smart,20263827,38,94112,True,9,12,5,1,coin_overflow
smart,20263828,31,79552,True,9,12,2,2,coin_overflow
smart,20263829,34,89513,True,10,11,4,1,coin_overflow
smart,20263830,33,92060,True,8,9,3,1,coin_overflow
smart,20263831,27,65106,True,10,13,1,2,coin_overflow
smart,20263832,34,85358,True,7,8,3,1,coin_overflow
smart,20263833,73,188311,True,10,11,17,1,coin_overflow
smart,20263834,35,82157,True,10,11,5,0,coin_overflow
smart,20263835,50,126503,True,11,12,9,2,coin_overflow
smart,20263836,29,77091,True,9,10,2,1,coin_overflow
smart,20263837,36,94123,True,8,10,4,1,coin_overflow
smart,20263838,27,74267,True,8,9,1,1,coin_overflow
smart,20263839,28,70024,True,9,10,1,2,coin_overflow
smart,20263840,25,62104,True,10,11,1,1,coin_overflow
smart,20263841,29,79082,True,9,10,2,1,coin_overflow
smart,20263842,34,91036,True,8,11,4,0,coin_overflow
smart,20263843,36,92576,True,9,10,5,0,coin_overflow
smart,20263844,26,63007,True,12,13,2,1,coin_overflow
smart,20263845,46,121406,True,9,10,7,2,coin_overflow
smart,20263846,33,82505,True,9,10,4,0,coin_overflow
smart,20263847,34,84612,True,10,11,4,1,coin_overflow
smart,20263848,39,101528,True,7,9,4,2,coin_overflow
smart,20263849,28,78105,True,7,10,1,1,coin_overflow
smart,20263850,36,85557,True,9,11,3,3,coin_overflow
smart,20263851,42,110527,True,9,10,7,0,coin_overflow
smart,20263852,29,80167,True,8,10,1,2,coin_overflow
smart,20263853,32,80556,True,8,12,2,2,coin_overflow
smart,20263854,37,94202,True,6,12,3,2,coin_overflow
smart,20263855,88,229553,True,6,11,20,2,coin_overflow
smart,20263856,30,78107,True,10,12,2,2,coin_overflow
smart,20263857,32,80561,True,11,12,3,2,coin_overflow
smart,20263858,30,78906,True,8,9,2,1,coin_overflow
smart,20263859,27,67716,True,8,10,1,1,coin_overflow
smart,20263860,42,110167,True,9,10,7,0,coin_overflow
smart,20263861,46,114586,True,7,9,7,1,coin_overflow
smart,20263862,55,140311,True,7,11,10,1,coin_overflow
smart,20263863,78,202021,True,11,13,19,1,coin_overflow
smart,20263864,35,93406,True,8,10,3,2,coin_overflow
smart,20263865,31,81721,True,4,10,1,1,coin_overflow
smart,20263866,26,64601,True,12,13,2,1,coin_overflow
smart,20263867,33,81207,True,8,11,3,1,coin_overflow
smart,20263868,32,83206,True,11,12,3,2,coin_overflow
smart,20263869,26,68407,True,8,9,0,2,coin_overflow
smart,20263870,42,107512,True,11,12,7,1,coin_overflow
smart,20263871,31,76705,True,7,8,2,1,coin_overflow
smart,20263872,25,63211,True,11,12,2,0,coin_overflow
smart,20263873,27,63753,True,8,9,1,1,coin_overflow
smart,20263874,36,93013,True,10,12,4,2,coin_overflow
smart,20263875,40,106191,True,6,9,4,2,coin_overflow
smart,20263876,31,78002,True,13,14,4,1,coin_overflow
smart,20263877,42,110154,True,8,10,6,1,coin_overflow
smart,20263878,50,134006,True,8,14,8,2,coin_overflow
smart,20263879,64,165156,True,9,12,13,2,coin_overflow
smart,20263880,34,86641,True,7,9,3,1,coin_overflow
smart,20263881,51,140201,True,10,13,9,2,coin_overflow
smart,20263882,38,94013,True,11,12,5,2,coin_overflow
smart,20263883,31,79451,True,8,10,3,0,coin_overflow
smart,20263884,31,80522,True,8,11,3,0,coin_overflow
smart,20263885,44,110587,True,6,8,6,1,coin_overflow
smart,20263886,28,75662,True,8,10,0,3,coin_overflow
smart,20263887,46,124113,True,10,11,8,1,coin_overflow
smart,20263888,39,106757,True,7,9,4,2,coin_overflow
smart,20263889,31,78012,True,12,13,3,2,coin_overflow
smart,20263890,58,152451,True,9,10,11,2,coin_overflow
smart,20263891,27,74321,True,8,10,1,1,coin_overflow
smart,20263892,36,94109,True,8,10,4,1,coin_overflow
smart,20263893,32,79258,True,8,9,2,2,coin_overflow
smart,20263894,34,90206,True,10,12,4,1,coin_overflow
smart,20263895,33,93662,True,9,10,2,3,coin_overflow
smart,20263896,34,83161,True,10,12,4,1,coin_overflow
smart,20263897,43,109002,True,11,14,6,3,coin_overflow
smart,20263898,33,94752,True,7,10,2,2,coin_overflow
smart,20263899,29,79231,True,9,10,2,1,coin_overflow
smart,20263900,32,81206,True,9,12,3,1,coin_overflow
smart,20263901,42,106557,True,8,11,6,1,coin_overflow
smart,20263902,25,66716,True,9,10,0,2,coin_overflow
smart,20263903,32,89037,True,8,10,2,2,coin_overflow
smart,20263904,31,79526,True,10,11,3,1,coin_overflow
smart,20263905,38,102018,True,10,11,6,0,coin_overflow
smart,20263906,30,79066,True,9,12,1,3,coin_overflow
smart,20263907,58,150682,True,5,8,11,0,coin_overflow
smart,20263908,45,116232,True,8,9,7,1,coin_overflow
smart,20263909,42,97256,True,7,11,5,2,coin_overflow
smart,20263910,44,112022,True,8,12,6,2,coin_overflow
smart,20263911,58,155008,True,9,12,11,2,coin_overflow
smart,20263912,37,92556,True,10,12,5,1,coin_overflow
smart,20263913,25,64008,True,10,12,1,1,coin_overflow
smart,20263914,62,159704,True,6,9,12,1,coin_overflow
smart,20263915,39,96041,True,9,11,4,3,coin_overflow
smart,20263916,60,154096,True,8,9,12,1,coin_overflow
smart,20263917,28,76262,True,9,10,1,2,coin_overflow
smart,20263918,37,97214,True,8,9,5,0,coin_overflow
smart,20263919,26,72105,True,9,10,1,1,coin_overflow
smart,20263920,48,129147,True,7,8,7,2,coin_overflow
smart,20263921,33,92666,True,8,10,3,1,coin_overflow
smart,20263922,26,65251,True,9,12,1,1,coin_overflow
smart,20263923,50,127156,True,10,12,8,3,coin_overflow
smart,20263924,41,108201,True,9,13,6,1,coin_overflow
smart,20263925,38,93011,True,11,14,5,2,coin_overflow
smart,20263926,30,80603,True,9,11,3,0,coin_overflow
smart,20263927,45,111551,True,9,13,6,3,coin_overflow
smart,20263928,44,119286,True,5,8,5,2,coin_overflow
smart,20263929,54,139256,True,7,11,9,2,coin_overflow
smart,20263930,25,66017,True,11,12,2,0,coin_overflow
smart,20263931,30,77053,True,9,12,1,3,coin_overflow
smart,20263932,56,145162,True,8,11,10,2,coin_overflow
smart,20263933,44,112593,True,6,7,6,1,coin_overflow
smart,20263934,32,81057,True,8,12,2,2,coin_overflow
smart,20263935,48,123512,True,11,12,9,1,coin_overflow
smart,20263936,26,65701,True,8,12,0,2,coin_overflow
smart,20263937,52,137662,True,8,10,10,0,coin_overflow
smart,20263938,35,93077,True,8,10,3,2,coin_overflow
smart,20263939,28,74352,True,8,10,0,3,coin_overflow
smart,20263940,37,95806,True,8,10,5,0,coin_overflow
smart,20263941,26,70012,True,11,13,1,2,coin_overflow
smart,20263942,49,123003,True,5,13,8,0,coin_overflow
smart,20263943,34,83626,True,9,10,3,2,coin_overflow
smart,20263944,31,81120,True,6,8,1,2,coin_overflow
smart,20263945,36,91162,True,8,11,4,1,coin_overflow
smart,20263946,52,139731,True,8,9,8,3,coin_overflow
smart,20263947,45,123151,True,11,13,8,1,coin_overflow
smart,20263948,31,82132,True,9,10,2,2,coin_overflow
smart,20263949,39,98157,True,9,11,6,0,coin_overflow
smart,20263950,37,95157,True,10,11,5,1,coin_overflow
smart,20263951,43,111402,True,9,10,6,2,coin_overflow
smart,20263952,26,64008,True,9,12,1,1,coin_overflow
smart,20263953,43,108863,True,6,7,5,2,coin_overflow
smart,20263954,36,94666,True,8,10,4,1,coin_overflow
smart,20263955,43,108267,True,7,9,6,1,coin_overflow
smart,20263956,34,83161,True,9,12,3,2,coin_overflow
smart,20263957,31,79152,True,9,12,2,2,coin_overflow
smart,20263958,39,97026,True,11,12,6,1,coin_overflow
smart,20263959,40,96553,True,10,11,6,1,coin_overflow
smart,20263960,37,94751,True,8,11,5,0,coin_overflow
smart,20263961,31,81081,True,10,11,3,1,coin_overflow
smart,20263962,26,66051,True,13,14,3,0,coin_overflow
smart,20263963,33,82213,True,8,10,3,1,coin_overflow
smart,20263964,42,109603,True,10,11,6,2,coin_overflow
smart,20263965,36,93013,True,10,12,4,2,coin_overflow
smart,20263966,28,75201,True,10,13,2,1,coin_overflow
smart,20263967,40,96871,True,6,8,4,2,coin_overflow
smart,20263968,36,94021,True,8,13,4,1,coin_overflow
smart,20263969,30,79201,True,6,13,2,0,coin_overflow
smart,20263970,33,79554,True,8,10,3,1,coin_overflow
smart,20263971,36,93039,True,6,8,4,0,coin_overflow
smart,20263972,33,81176,True,8,10,3,1,coin_overflow
smart,20263973,66,165108,True,8,11,14,1,coin_overflow
smart,20263974,37,96052,True,9,13,4,2,coin_overflow
smart,20263975,34,95431,True,7,8,3,1,coin_overflow
smart,20263976,36,95207,True,9,11,5,0,coin_overflow
smart,20263977,58,144706,True,9,11,11,2,coin_overflow
smart,20263978,41,106624,True,5,8,4,2,coin_overflow
smart,20263979,29,72766,True,6,9,1,1,coin_overflow
smart,20263980,26,66057,True,11,12,1,2,coin_overflow
smart,20263981,47,126556,True,11,12,8,2,coin_overflow
smart,20263982,34,90073,True,9,10,3,2,coin_overflow
smart,20263983,30,71027,True,9,11,3,0,coin_overflow
smart,20263984,51,126721,True,9,10,10,0,coin_overflow
smart,20263985,51,134226,True,9,10,10,0,coin_overflow
smart,20263986,28,63502,True,11,13,3,0,coin_overflow
smart,20263987,33,88607,True,10,11,3,2,coin_overflow
smart,20263988,36,96504,True,7,11,3,2,coin_overflow
smart,20263989,33,80202,True,11,12,4,1,coin_overflow
smart,20263990,26,66006,True,12,14,2,1,coin_overflow
smart,20263991,23,51511,True,10,13,1,0,coin_overflow
smart,20263992,39,98091,True,7,10,4,2,coin_overflow
smart,20263993,36,93031,True,11,12,5,1,coin_overflow
smart,20263994,41,110751,True,8,11,5,2,coin_overflow
smart,20263995,57,149072,True,10,11,11,2,coin_overflow
smart,20263996,40,106013,True,10,12,6,1,coin_overflow
smart,20263997,37,95706,True,6,11,3,2,coin_overflow
smart,20263998,37,95511,True,12,13,5,2,coin_overflow
smart,20263999,53,138872,True,6,7,9,1,coin_overflow
smart,20264000,46,121207,True,8,11,8,0,coin_overflow
smart,20264001,51,137202,True,11,12,10,1,coin_overflow
smart,20264002,43,109771,True,7,9,6,1,coin_overflow
smart,20264003,35,81516,True,11,12,4,2,coin_overflow
smart,20264004,37,96136,True,9,10,4,2,coin_overflow
smart,20264005,33,79054,True,8,11,3,1,coin_overflow
smart,20264006,29,68607,True,9,11,2,1,coin_overflow
smart,20264007,34,96017,True,6,12,2,2,coin_overflow
smart,20264008,59,148111,True,11,13,12,2,coin_overflow
smart,20264009,50,130554,True,9,10,9,1,coin_overflow
smart,20264010,34,86005,True,9,11,3,2,coin_overflow
smart,20264011,41,107069,True,6,9,5,1,coin_overflow
smart,20264012,40,99256,True,10,11,6,1,coin_overflow
smart,20264013,36,97126,True,6,11,2,3,coin_overflow
smart,20264014,26,70004,True,11,12,1,2,coin_overflow
smart,20264015,30,79252,True,9,11,3,0,coin_overflow
smart,20264016,35,89601,True,11,13,4,2,coin_overflow
smart,20264017,33,85311,True,6,11,1,3,coin_overflow
smart,20264018,36,91322,True,7,9,3,2,coin_overflow
smart,20264019,25,64561,True,10,12,1,1,coin_overflow
smart,20264020,36,94213,True,8,10,4,1,coin_overflow
smart,20264021,32,80013,True,11,12,3,2,coin_overflow
smart,20264022,25,65031,True,9,12,0,2,coin_overflow
smart,20264023,37,94826,True,7,8,4,1,coin_overflow
smart,20264024,24,62811,True,9,10,1,0,coin_overflow
smart,20264025,21,60003,True,12,13,1,0,coin_overflow
smart,20264026,46,123656,True,9,11,7,2,coin_overflow
smart,20264027,24,64001,True,14,15,2,1,coin_overflow
smart,20264028,31,78651,True,11,12,2,3,coin_overflow
smart,20264029,48,116571,True,8,11,8,1,coin_overflow
smart,20264030,24,65211,True,10,12,0,2,coin_overflow
smart,20264031,53,134902,True,8,9,9,2,coin_overflow
smart,20264032,27,65672,True,8,9,1,1,coin_overflow
smart,20264033,26,74066,True,11,12,1,2,coin_overflow
smart,20264034,32,81303,True,9,10,3,1,coin_overflow
smart,20264035,37,96651,True,10,12,5,1,coin_overflow
smart,20264036,41,109136,True,8,10,5,2,coin_overflow
smart,20264037,31,79554,True,9,10,2,2,coin_overflow
smart,20264038,52,132026,True,11,12,11,0,coin_overflow
smart,20264039,39,98656,True,7,11,4,2,coin_overflow
smart,20264040,36,95059,True,8,10,4,1,coin_overflow
smart,20264041,35,94106,True,8,13,3,2,coin_overflow
smart,20264042,37,95516,True,6,12,3,2,coin_overflow
smart,20264043,22,59002,True,13,14,1,1,coin_overflow
smart,20264044,28,75102,True,10,13,2,1,coin_overflow
smart,20264045,29,80001,True,10,15,3,0,coin_overflow
smart,20264046,39,109152,True,8,12,5,1,coin_overflow
smart,20264047,26,68021,True,12,13,2,1,coin_overflow
smart,20264048,52,135552,True,10,12,10,1,coin_overflow
smart,20264049,29,67021,True,10,13,3,0,coin_overflow
smart,20264050,50,127637,True,7,8,9,0,coin_overflow
smart,20264051,30,75031,True,11,12,3,1,coin_overflow
smart,20264052,29,73616,True,10,11,3,0,coin_overflow
smart,20264053,45,107106,True,11,13,8,1,coin_overflow
smart,20264054,48,125153,True,6,11,6,3,coin_overflow
smart,20264055,35,97517,True,9,11,4,1,coin_overflow
smart,20264056,30,76726,True,8,9,2,1,coin_overflow
smart,20264057,24,63516,True,11,12,1,1,coin_overflow
smart,20264058,34,91452,True,8,9,4,0,coin_overflow
smart,20264059,40,104137,True,8,9,6,0,coin_overflow
smart,20264060,70,183038,True,6,9,14,2,coin_overflow
smart,20264061,24,64518,True,8,10,0,1,coin_overflow
smart,20264062,26,64076,True,9,11,1,1,coin_overflow
smart,20264063,37,96502,True,10,13,5,1,coin_overflow
smart,20264064,41,104213,True,6,10,5,1,coin_overflow
smart,20264065,22,59306,True,10,11,0,1,coin_overflow
smart,20264066,27,65057,True,11,12,2,1,coin_overflow
smart,20264067,29,75040,True,5,7,0,2,coin_overflow
smart,20264068,35,87751,True,10,11,3,3,coin_overflow
smart,20264069,26,63156,True,9,12,1,1,coin_overflow
smart,20264070,43,112562,True,8,11,5,3,coin_overflow
smart,20264071,45,112032,True,7,11,6,2,coin_overflow
smart,20264072,39,107002,True,12,14,7,0,coin_overflow
smart,20264073,30,82007,True,11,13,3,1,coin_overflow
smart,20264074,34,90171,True,10,11,4,1,coin_overflow
smart,20264075,41,101053,True,10,12,7,0,coin_overflow
smart,20264076,32,81103,True,11,12,3,2,coin_overflow
smart,20264077,43,111106,True,7,13,6,1,coin_overflow
smart,20264078,35,97222,True,8,10,3,2,coin_overflow
smart,20264079,28,75603,True,9,11,1,2,coin_overflow
smart,20264080,40,103142,True,7,9,5,1,coin_overflow
smart,20264081,44,110802,True,7,10,7,0,coin_overflow
smart,20264082,62,154711,True,7,11,13,0,coin_overflow
smart,20264083,38,97068,True,9,10,5,1,coin_overflow
smart,20264084,30,81076,True,7,11,1,2,coin_overflow
smart,20264085,35,96451,True,9,10,4,1,coin_overflow
smart,20264086,40,96214,True,6,9,4,2,coin_overflow
smart,20264087,33,88202,True,11,12,4,1,coin_overflow
smart,20264088,47,125111,True,11,13,8,2,coin_overflow
smart,20264089,38,100151,True,11,13,5,2,coin_overflow
smart,20264090,25,65252,True,10,11,1,1,coin_overflow
smart,20264091,78,203062,True,11,12,17,4,coin_overflow
smart,20264092,34,93011,True,11,14,5,0,coin_overflow
smart,20264093,36,92117,True,8,11,4,1,coin_overflow
smart,20264094,41,106602,True,9,12,6,1,coin_overflow
smart,20264095,30,81031,True,10,12,2,2,coin_overflow
smart,20264096,31,80631,True,9,10,2,2,coin_overflow
smart,20264097,48,124811,True,7,10,7,2,coin_overflow
smart,20264098,25,66011,True,12,14,1,2,coin_overflow
smart,20264099,46,114251,True,9,12,7,2,coin_overflow
smart,20264100,33,83012,True,8,13,3,1,coin_overflow
smart,20264101,22,60562,True,10,11,0,1,coin_overflow
smart,20264102,44,113301,True,10,12,6,3,coin_overflow
smart,20264103,36,97563,True,8,10,4,1,coin_overflow
smart,20264104,31,78021,True,10,13,3,1,coin_overflow
smart,20264105,28,66009,True,10,11,2,1,coin_overflow
smart,20264106,45,113076,True,10,11,7,2,coin_overflow
smart,20264107,37,96521,True,7,12,4,1,coin_overflow
smart,20264108,26,66007,True,10,13,2,0,coin_overflow
smart,20264109,35,99010,True,8,10,3,2,coin_overflow
smart,20264110,38,93323,True,7,8,5,0,coin_overflow
smart,20264111,32,76302,True,10,11,4,0,coin_overflow
smart,20264112,37,94073,True,9,10,4,2,coin_overflow
smart,20264113,44,111561,True,10,12,6,3,coin_overflow
smart,20264114,34,80652,True,6,11,2,2,coin_overflow
smart,20264115,32,82506,True,11,13,3,2,coin_overflow
smart,20264116,39,109802,True,7,10,4,2,coin_overflow
smart,20264117,43,112152,True,10,12,7,1,coin_overflow
smart,20264118,33,84014,True,8,11,3,1,coin_overflow
smart,20264119,28,66221,True,10,11,2,1,coin_overflow
smart,20264120,50,127073,True,9,10,9,1,coin_overflow
smart,20264121,41,107605,True,7,9,4,3,coin_overflow
smart,20264122,52,132731,True,7,9,9,1,coin_overflow
smart,20264123,37,95012,True,11,13,6,0,coin_overflow
smart,20264124,27,76004,True,10,12,1,2,coin_overflow
smart,20264125,33,80112,True,9,12,4,0,coin_overflow
smart,20264126,29,69211,True,8,12,1,2,coin_overflow
smart,20264127,47,113431,True,6,8,7,1,coin_overflow
smart,20264128,31,80101,True,12,14,3,2,coin_overflow
smart,20264129,28,70151,True,9,13,1,2,coin_overflow
smart,20264130,26,69501,True,11,14,1,2,coin_overflow
smart,20264131,42,105707,True,8,10,6,1,coin_overflow
smart,20264132,36,94602,True,8,12,4,1,coin_overflow
smart,20264133,43,108001,True,11,15,8,0,coin_overflow
smart,20264134,40,102617,True,9,10,5,2,coin_overflow
smart,20264135,35,93213,True,8,10,3,2,coin_overflow
smart,20264136,81,210072,True,7,11,18,2,coin_overflow
smart,20264137,30,77121,True,8,12,2,1,coin_overflow
smart,20264138,43,111510,True,5,9,4,3,coin_overflow
smart,20264139,31,83621,True,9,11,2,2,coin_overflow
smart,20264140,44,121056,True,12,13,8,1,coin_overflow
smart,20264141,25,66006,True,12,14,1,2,coin_overflow
smart,20264142,41,105711,True,8,11,5,2,coin_overflow
smart,20264143,40,107024,True,7,10,5,1,coin_overflow
smart,20264144,29,69311,True,9,11,2,1,coin_overflow
smart,20264145,61,158457,True,5,8,10,3,coin_overflow
smart,20264146,39,106568,True,7,9,4,2,coin_overflow
smart,20264147,25,66302,True,10,11,1,1,coin_overflow
smart,20264148,37,96263,True,8,9,5,0,coin_overflow
smart,20264149,32,81257,True,8,10,2,2,coin_overflow
smart,20264150,39,106519,True,7,9,4,2,coin_overflow
smart,20264151,41,104132,True,8,10,5,2,coin_overflow
smart,20264152,32,82161,True,7,12,1,3,coin_overflow
smart,20264153,45,124556,True,8,12,7,1,coin_overflow
smart,20264154,51,137801,True,9,11,10,0,coin_overflow
smart,20264155,45,119712,True,8,10,7,1,coin_overflow
smart,20264156,35,94911,True,6,9,3,1,coin_overflow
smart,20264157,49,125119,True,8,9,9,0,coin_overflow
smart,20264158,36,95012,True,9,13,5,0,coin_overflow
smart,20264159,23,64156,True,11,12,0,2,coin_overflow
smart,20264160,41,110054,True,8,11,5,2,coin_overflow
smart,20264161,34,92122,True,7,11,3,1,coin_overflow
smart,20264162,33,92064,True,6,10,3,0,coin_overflow
smart,20264163,47,124272,True,7,9,6,3,coin_overflow
smart,20264164,34,84042,True,8,10,2,3,coin_overflow
smart,20264165,34,86302,True,8,11,4,0,coin_overflow
smart,20264166,30,79821,True,8,9,2,1,coin_overflow
smart,20264167,27,69213,True,7,10,0,2,coin_overflow
smart,20264168,43,109571,True,8,11,5,3,coin_overflow
smart,20264169,34,84506,True,10,13,4,1,coin_overflow
smart,20264170,56,139466,True,7,8,9,3,coin_overflow
smart,20264171,37,93316,True,7,10,4,1,coin_overflow
smart,20264172,50,128452,True,8,9,8,2,coin_overflow
smart,20264173,30,80017,True,11,12,3,1,coin_overflow
smart,20264174,19,50001,True,13,15,0,1,coin_overflow
smart,20264175,35,85172,True,7,10,4,0,coin_overflow
smart,20264176,28,75201,True,10,13,2,1,coin_overflow
smart,20264177,43,110705,True,7,8,6,1,coin_overflow
smart,20264178,38,98002,True,7,14,5,0,coin_overflow
smart,20264179,33,83253,True,4,10,1,2,coin_overflow
smart,20264180,29,79642,True,5,8,0,2,coin_overflow
smart,20264181,28,67621,True,10,11,2,1,coin_overflow
smart,20264182,29,78602,True,8,12,1,2,coin_overflow
smart,20264183,33,84512,True,10,12,3,2,coin_overflow
smart,20264184,41,106616,True,10,11,7,0,coin_overflow
smart,20264185,29,77552,True,11,12,2,2,coin_overflow
smart,20264186,35,94022,True,11,12,4,2,coin_overflow
smart,20264187,46,117651,True,7,12,7,1,coin_overflow
smart,20264188,28,74603,True,7,11,1,1,coin_overflow
smart,20264189,29,78011,True,13,14,2,3,coin_overflow
smart,20264190,27,70052,True,10,13,1,2,coin_overflow
smart,20264191,37,96035,True,6,8,3,2,coin_overflow
smart,20264192,37,94371,True,6,9,3,2,coin_overflow
smart,20264193,51,127186,True,7,9,8,2,coin_overflow
smart,20264194,30,79301,True,11,12,3,1,coin_overflow
smart,20264195,44,117017,True,8,12,6,2,coin_overflow
smart,20264196,40,98208,True,7,10,5,1,coin_overflow
smart,20264197,48,130606,True,11,12,9,1,coin_overflow
smart,20264198,33,85186,True,7,9,2,2,coin_overflow
smart,20264199,25,66016,True,11,13,2,0,coin_overflow
smart,20264200,39,98555,True,7,9,4,2,coin_overflow
smart,20264201,45,113101,True,9,14,8,0,coin_overflow
smart,20264202,43,108002,True,9,14,6,2,coin_overflow
smart,20264203,40,104007,True,7,13,5,1,coin_overflow
smart,20264204,39,101153,True,10,11,5,2,coin_overflow
smart,20264205,34,82156,True,9,12,3,2,coin_overflow
smart,20264206,21,61011,True,13,14,0,2,coin_overflow
smart,20264207,26,67161,True,10,12,2,0,coin_overflow
smart,20264208,32,77062,True,9,12,3,1,coin_overflow
smart,20264209,48,122819,True,5,6,7,1,coin_overflow
smart,20264210,34,88051,True,9,14,3,2,coin_overflow
smart,20264211,41,109042,True,9,10,6,1,coin_overflow
smart,20264212,29,79027,True,9,11,2,1,coin_overflow
smart,20264213,40,106141,True,9,10,5,2,coin_overflow
smart,20264214,29,78154,True,8,10,1,2,coin_overflow
smart,20264215,52,129317,True,7,9,9,1,coin_overflow
smart,20264216,31,81008,True,7,12,2,1,coin_overflow
smart,20264217,29,80107,True,8,12,1,2,coin_overflow
smart,20264218,34,84073,True,9,10,3,2,coin_overflow
smart,20264219,30,78906,True,8,9,2,1,coin_overflow
smart,20264220,31,78001,True,12,15,3,2,coin_overflow
smart,20264221,37,97056,True,10,13,5,1,coin_overflow
smart,20264222,35,92101,True,9,14,4,1,coin_overflow
smart,20264223,27,69086,True,8,10,1,1,coin_overflow
smart,20264224,33,90227,True,7,9,2,2,coin_overflow
smart,20264225,45,118466,True,7,8,6,2,coin_overflow
smart,20264226,38,104552,True,9,12,5,1,coin_overflow
smart,20264227,31,78502,True,12,13,3,2,coin_overflow
smart,20264228,47,114671,True,9,10,8,1,coin_overflow
smart,20264229,54,129566,True,8,11,10,1,coin_overflow
smart,20264230,43,109157,True,10,11,7,1,coin_overflow
smart,20264231,52,128227,True,8,9,8,3,coin_overflow
smart,20264232,38,93302,True,10,11,6,0,coin_overflow
smart,20264233,39,104151,True,9,13,4,3,coin_overflow
smart,20264234,43,108012,True,10,13,7,1,coin_overflow
smart,20264235,70,184551,True,11,13,15,3,coin_overflow
smart,20264236,28,75051,True,6,14,0,2,coin_overflow
smart,20264237,24,63271,True,9,10,1,0,coin_overflow
smart,20264238,39,96502,True,11,13,6,1,coin_overflow
smart,20264239,30,78066,True,7,12,1,2,coin_overflow
smart,20264240,45,120161,True,7,12,6,2,coin_overflow
smart,20264241,52,141616,True,9,11,9,2,coin_overflow
smart,20264242,23,59152,True,11,12,0,2,coin_overflow
smart,20264243,45,120222,True,7,10,6,2,coin_overflow
smart,20264244,27,66013,True,10,12,1,2,coin_overflow
smart,20264245,35,88011,True,12,14,5,1,coin_overflow
smart,20264246,39,105061,True,12,13,7,0,coin_overflow
smart,20264247,31,79302,True,10,11,3,1,coin_overflow
smart,20264248,32,79022,True,9,12,3,1,coin_overflow
smart,20264249,39,98666,True,8,10,5,1,coin_overflow
smart,20264250,26,68073,True,9,10,1,1,coin_overflow
smart,20264251,32,87204,True,8,10,2,2,coin_overflow
smart,20264252,48,126302,True,8,11,8,1,coin_overflow
smart,20264253,42,108751,True,10,11,6,2,coin_overflow
smart,20264254,45,109006,True,7,14,6,2,coin_overflow
smart,20264255,29,68952,True,6,8,1,1,coin_overflow
smart,20264256,69,174728,True,5,7,14,1,coin_overflow
smart,20264257,25,64101,True,7,14,0,1,coin_overflow
smart,20264258,37,91271,True,6,10,3,2,coin_overflow
smart,20264259,34,93204,True,9,10,3,2,coin_overflow
smart,20264260,42,111302,True,9,11,7,0,coin_overflow
smart,20264261,64,169026,True,9,12,13,2,coin_overflow
smart,20264262,30,77156,True,11,12,3,1,coin_overflow
smart,20264263,31,80573,True,8,9,3,0,coin_overflow
smart,20264264,35,93077,True,9,10,4,1,coin_overflow
smart,20264265,46,113702,True,8,11,8,0,coin_overflow
smart,20264266,28,76552,True,10,12,2,1,coin_overflow
smart,20264267,42,111242,True,7,8,5,2,coin_overflow
smart,20264268,28,76002,True,9,14,1,2,coin_overflow
smart,20264269,39,104766,True,8,9,5,1,coin_overflow
smart,20264270,48,128301,True,8,12,8,1,coin_overflow
smart,20264271,41,109363,True,7,8,6,0,coin_overflow
smart,20264272,35,94522,True,7,11,2,3,coin_overflow
smart,20264273,65,159717,True,8,9,13,2,coin_overflow
smart,20264274,55,137752,True,8,10,11,0,coin_overflow
smart,20264275,35,92066,True,10,12,5,0,coin_overflow
smart,20264276,32,83057,True,7,12,1,3,coin_overflow
smart,20264277,58,141521,True,11,12,13,0,coin_overflow
smart,20264278,39,99261,True,10,11,5,2,coin_overflow
smart,20264279,38,95051,True,9,14,5,1,coin_overflow
smart,20264280,34,91131,True,9,11,3,2,coin_overflow
smart,20264281,30,76857,True,7,8,1,2,coin_overflow
smart,20264282,30,79251,True,10,12,2,2,coin_overflow
smart,20264283,35,94101,True,10,14,5,0,coin_overflow
smart,20264284,35,95666,True,9,10,4,1,coin_overflow
smart,20264285,44,114184,True,6,7,6,1,coin_overflow
smart,20264286,54,140151,True,10,13,10,2,coin_overflow
smart,20264287,46,117059,True,9,10,7,2,coin_overflow
smart,20264288,30,71111,True,10,13,2,2,coin_overflow
smart,20264289,31,78116,True,11,12,4,0,coin_overflow
smart,20264290,42,109276,True,7,9,5,2,coin_overflow
smart,20264291,35,95034,True,8,9,3,2,coin_overflow
smart,20264292,40,112752,True,7,10,5,1,coin_overflow
smart,20264293,46,117821,True,7,9,7,1,coin_overflow
smart,20264294,33,85003,True,10,13,3,2,coin_overflow
smart,20264295,31,78101,True,12,14,3,2,coin_overflow
smart,20264296,22,50506,True,12,13,0,2,coin_overflow
smart,20264297,40,101555,True,7,9,5,1,coin_overflow
smart,20264298,32,80213,True,9,10,3,1,coin_overflow
smart,20264299,35,92518,True,9,10,4,1,coin_overflow
smart,20264300,50,124802,True,8,10,8,2,coin_overflow
smart,20264301,40,106611,True,10,12,6,1,coin_overflow
smart,20264302,34,80071,True,11,12,3,3,coin_overflow
smart,20264303,53,138031,True,9,12,10,1,coin_overflow
smart,20264304,32,81038,True,7,9,3,0,coin_overflow
smart,20264305,51,134613,True,8,10,9,1,coin_overflow
smart,20264306,50,126658,True,6,9,6,4,coin_overflow
smart,20264307,27,65807,True,8,9,1,1,coin_overflow
smart,20264308,32,82259,True,7,8,1,3,coin_overflow
smart,20264309,24,63006,True,10,14,0,2,coin_overflow
smart,20264310,49,124107,True,9,12,8,2,coin_overflow
smart,20264311,41,108102,True,10,13,5,3,coin_overflow
smart,20264312,27,76009,True,10,11,1,2,coin_overflow
smart,20264313,33,93022,True,10,12,3,2,coin_overflow
smart,20264314,41,110612,True,9,11,6,1,coin_overflow
smart,20264315,28,66551,True,10,13,2,1,coin_overflow
smart,20264316,35,94511,True,12,13,5,1,coin_overflow
smart,20264317,42,109111,True,11,13,7,1,coin_overflow
smart,20264318,30,78558,True,9,10,1,3,coin_overflow
smart,20264319,31,79086,True,9,10,2,2,coin_overflow
smart,20264320,43,109101,True,11,14,8,0,coin_overflow
smart,20264321,49,125523,True,7,10,8,1,coin_overflow
smart,20264322,37,92098,True,6,7,3,2,coin_overflow
smart,20264323,29,73261,True,7,11,2,0,coin_overflow
smart,20264324,50,130112,True,9,12,9,1,coin_overflow
smart,20264325,35,91058,True,9,11,4,1,coin_overflow
smart,20264326,38,98016,True,12,13,6,1,coin_overflow
smart,20264327,52,132082,True,9,10,9,2,coin_overflow
smart,20264328,31,78518,True,7,10,2,1,coin_overflow
smart,20264329,31,79631,True,9,10,2,2,coin_overflow
smart,20264330,43,109035,True,6,8,5,2,coin_overflow
smart,20264331,36,94312,True,8,10,4,1,coin_overflow
smart,20264332,53,140163,True,9,10,10,1,coin_overflow
smart,20264333,29,77033,True,9,10,2,1,coin_overflow
smart,20264334,30,71601,True,11,13,3,1,coin_overflow
smart,20264335,30,68181,True,9,10,3,0,coin_overflow
smart,20264336,39,97712,True,6,10,5,0,coin_overflow
smart,20264337,22,62002,True,13,14,1,1,coin_overflow
smart,20264338,33,82094,True,6,7,3,0,coin_overflow
smart,20264339,33,82719,True,5,7,0,4,coin_overflow
smart,20264340,21,48052,True,11,13,0,1,coin_overflow
smart,20264341,35,94361,True,8,10,3,2,coin_overflow
smart,20264342,50,130901,True,9,10,9,1,coin_overflow
smart,20264343,26,65006,True,11,14,1,2,coin_overflow
smart,20264344,38,94513,True,6,11,4,1,coin_overflow
smart,20264345,30,74057,True,11,12,3,1,coin_overflow
smart,20264346,25,64306,True,10,11,1,1,coin_overflow
smart,20264347,32,81086,True,9,10,3,1,coin_overflow
smart,20264348,30,80037,True,8,10,2,1,coin_overflow
smart,20264349,34,83702,True,10,11,4,1,coin_overflow
smart,20264350,37,95502,True,10,13,5,1,coin_overflow
smart,20264351,43,108536,True,8,10,7,0,coin_overflow
smart,20264352,40,107871,True,7,8,5,1,coin_overflow
smart,20264353,39,98518,True,9,10,4,3,coin_overflow
smart,20264354,23,64061,True,10,13,1,0,coin_overflow
smart,20264355,49,127005,True,9,11,8,2,coin_overflow
smart,20264356,32,82106,True,11,13,3,2,coin_overflow
smart,20264357,35,92002,True,11,14,4,2,coin_overflow
smart,20264358,38,98261,True,6,11,4,1,coin_overflow
smart,20264359,29,76807,True,8,9,1,2,coin_overflow
smart,20264360,46,126121,True,7,12,7,1,coin_overflow
smart,20264361,35,90132,True,8,10,3,2,coin_overflow
smart,20264362,28,72206,True,11,12,3,0,coin_overflow
smart,20264363,41,113346,True,6,7,5,1,coin_overflow
smart,20264364,35,93208,True,5,10,2,2,coin_overflow
smart,20264365,35,95001,True,7,15,4,0,coin_overflow
smart,20264366,36,91052,True,8,13,4,1,coin_overflow
smart,20264367,30,77211,True,10,12,2,2,coin_overflow
smart,20264368,37,95661,True,9,11,4,2,coin_overflow
smart,20264369,33,78106,True,9,13,4,0,coin_overflow
smart,20264370,35,95027,True,9,11,2,4,coin_overflow
smart,20264371,36,82801,True,10,11,4,2,coin_overflow
smart,20264372,38,102851,True,9,10,5,1,coin_overflow
smart,20264373,64,168501,True,11,14,15,0,coin_overflow
smart,20264374,38,98501,True,12,14,6,1,coin_overflow
smart,20264375,49,130016,True,12,13,9,2,coin_overflow
smart,20264376,26,68667,True,8,9,0,2,coin_overflow
smart,20264377,25,66032,True,7,11,0,1,coin_overflow
smart,20264378,21,52016,True,11,13,0,1,coin_overflow
smart,20264379,56,139101,True,9,14,11,1,coin_overflow
smart,20264380,34,87141,True,9,10,3,2,coin_overflow
smart,20264381,38,101013,True,8,12,4,2,coin_overflow
smart,20264382,49,124362,True,8,9,9,0,coin_overflow
smart,20264383,49,124526,True,8,11,9,0,coin_overflow
smart,20264384,32,82367,True,6,8,2,1,coin_overflow
smart,20264385,42,106901,True,8,10,6,1,coin_overflow
smart,20264386,28,74107,True,9,12,1,2,coin_overflow
smart,20264387,34,84271,True,7,10,3,1,coin_overflow
smart,20264388,30,81207,True,8,11,2,1,coin_overflow
smart,20264389,35,90523,True,8,10,3,2,coin_overflow
smart,20264390,54,126651,True,11,12,9,4,coin_overflow
smart,20264391,50,124301,True,7,12,9,0,coin_overflow
smart,20264392,42,98258,True,8,9,6,1,coin_overflow
smart,20264393,34,92282,True,6,8,2,2,coin_overflow
smart,20264394,33,87018,True,9,11,4,0,coin_overflow
smart,20264395,60,155082,True,8,10,12,1,coin_overflow
smart,20264396,31,80352,True,9,10,2,2,coin_overflow
smart,20264397,24,62507,True,10,12,0,2,coin_overflow
smart,20264398,25,64572,True,9,10,0,2,coin_overflow
smart,20264399,35,89319,True,6,7,3,1,coin_overflow
smart,20264400,27,77507,True,11,12,2,1,coin_overflow
smart,20264401,34,86316,True,9,10,3,2,coin_overflow
smart,20264402,36,86166,True,9,11,5,0,coin_overflow
smart,20264403,41,97657,True,9,10,6,1,coin_overflow
smart,20264404,31,80671,True,8,10,3,0,coin_overflow
smart,20264405,30,77621,True,10,11,2,2,coin_overflow
smart,20264406,38,100521,True,8,12,4,2,coin_overflow
smart,20264407,69,174582,True,8,9,15,1,coin_overflow
smart,20264408,44,110682,True,7,8,7,0,coin_overflow
smart,20264409,36,93107,True,5,12,3,1,coin_overflow
smart,20264410,62,155771,True,8,9,12,2,coin_overflow
smart,20264411,38,94001,True,11,15,5,2,coin_overflow
smart,20264412,42,112255,True,6,8,6,0,coin_overflow
smart,20264413,34,87731,True,8,9,2,3,coin_overflow
smart,20264414,44,118071,True,8,12,6,2,coin_overflow
smart,20264415,28,71052,True,12,13,2,2,coin_overflow
smart,20264416,35,93751,True,9,11,4,1,coin_overflow
smart,20264417,31,81054,True,9,11,2,2,coin_overflow
smart,20264418,28,70876,True,6,7,0,2,coin_overflow
smart,20264419,57,142572,True,8,10,11,1,coin_overflow
smart,20264420,35,97123,True,8,10,3,2,coin_overflow
smart,20264421,28,66026,True,9,12,1,2,coin_overflow
smart,20264422,50,125211,True,10,12,10,0,coin_overflow
smart,20264423,38,105004,True,11,12,5,2,coin_overflow
smart,20264424,34,82527,True,9,10,3,2,coin_overflow
smart,20264425,40,102010,True,7,10,5,1,coin_overflow
smart,20264426,30,76053,True,10,12,2,2,coin_overflow
smart,20264427,41,111162,True,10,11,5,3,coin_overflow
smart,20264428,41,105012,True,11,13,6,2,coin_overflow
smart,20264429,31,83272,True,6,9,1,2,coin_overflow
smart,20264430,28,64501,True,10,14,2,1,coin_overflow
smart,20264431,35,94123,True,9,10,4,1,coin_overflow
smart,20264432,21,51051,True,12,14,1,0,coin_overflow
smart,20264433,39,107002,True,11,14,6,1,coin_overflow
smart,20264434,40,105102,True,11,13,7,0,coin_overflow
smart,20264435,33,87502,True,12,13,5,0,coin_overflow
smart,20264436,32,81512,True,8,12,2,2,coin_overflow
smart,20264437,32,86071,True,11,12,3,2,coin_overflow
smart,20264438,37,96301,True,10,12,5,1,coin_overflow
smart,20264439,33,90056,True,11,13,4,1,coin_overflow
smart,20264440,30,77363,True,7,8,1,2,coin_overflow
smart,20264441,27,78071,True,11,12,2,1,coin_overflow
smart,20264442,29,75116,True,10,12,1,3,coin_overflow
smart,20264443,30,80062,True,11,12,3,1,coin_overflow
smart,20264444,33,84206,True,9,12,4,0,coin_overflow
smart,20264445,28,75111,True,12,13,2,2,coin_overflow
smart,20264446,28,71011,True,13,14,3,1,coin_overflow
smart,20264447,69,177155,True,8,9,15,1,coin_overflow
smart,20264448,24,61101,True,13,14,1,2,coin_overflow
smart,20264449,49,125622,True,8,10,9,0,coin_overflow
smart,20264450,49,126907,True,7,8,8,1,coin_overflow
smart,20264451,39,100521,True,10,12,5,2,coin_overflow
smart,20264452,28,74212,True,10,11,2,1,coin_overflow
smart,20264453,45,112112,True,11,12,8,1,coin_overflow
smart,20264454,29,68708,True,4,9,1,0,coin_overflow
smart,20264455,63,168527,True,9,10,14,0,coin_overflow
smart,20264456,46,126063,True,9,11,7,2,coin_overflow
smart,20264457,26,70056,True,12,13,2,1,coin_overflow
smart,20264458,27,66701,True,11,12,2,1,coin_overflow
smart,20264459,64,157519,True,6,9,12,2,coin_overflow
smart,20264460,31,81253,True,8,10,1,3,coin_overflow
smart,20264461,40,106252,True,9,11,5,2,coin_overflow
smart,20264462,33,90757,True,8,9,3,1,coin_overflow
smart,20264463,32,90616,True,8,11,2,2,coin_overflow
smart,20264464,33,92006,True,10,14,3,2,coin_overflow
smart,20264465,41,104406,True,9,10,6,1,coin_overflow
smart,20264466,55,141159,True,7,9,10,1,coin_overflow
smart,20264467,29,76656,True,9,11,2,1,coin_overflow
smart,20264468,67,171158,True,7,10,12,4,coin_overflow
smart,20264469,59,153010,True,9,10,12,1,coin_overflow
smart,20264470,34,83362,True,7,9,3,1,coin_overflow
smart,20264471,53,136019,True,9,10,10,1,coin_overflow
smart,20264472,47,126803,True,8,9,7,2,coin_overflow
smart,20264473,28,76668,True,7,8,1,1,coin_overflow
smart,20264474,41,105222,True,7,10,6,0,coin_overflow
smart,20264475,32,84001,True,12,15,4,1,coin_overflow
smart,20264476,32,81514,True,8,10,2,2,coin_overflow
smart,20264477,30,80741,True,7,8,1,2,coin_overflow
smart,20264478,47,126103,True,11,12,8,2,coin_overflow
smart,20264479,39,100609,True,8,9,5,1,coin_overflow
smart,20264480,26,65508,True,10,11,2,0,coin_overflow
smart,20264481,36,95005,True,7,11,3,2,coin_overflow
smart,20264482,26,66101,True,11,14,1,2,coin_overflow
smart,20264483,27,68022,True,9,12,0,3,coin_overflow
smart,20264484,46,123811,True,7,10,7,1,coin_overflow
smart,20264485,23,61016,True,12,13,1,1,coin_overflow
smart,20264486,38,94231,True,8,10,4,2,coin_overflow
smart,20264487,28,68502,True,10,13,2,1,coin_overflow
smart,20264488,41,111081,True,9,11,6,1,coin_overflow
smart,20264489,35,85712,True,8,10,3,2,coin_overflow
smart,20264490,27,66911,True,7,9,0,2,coin_overflow
smart,20264491,27,66602,True,8,12,1,1,coin_overflow
smart,20264492,31,80103,True,9,12,2,2,coin_overflow
smart,20264493,50,123007,True,9,13,9,1,coin_overflow
smart,20264494,29,69251,True,8,12,1,2,coin_overflow
smart,20264495,43,109116,True,11,12,8,0,coin_overflow
smart,20264496,31,80291,True,7,8,2,1,coin_overflow
smart,20264497,40,100152,True,9,12,5,2,coin_overflow
smart,20264498,35,91301,True,9,12,4,1,coin_overflow
smart,20264499,27,75713,True,8,9,1,1,coin_overflow
smart,20264500,38,97537,True,7,9,5,0,coin_overflow
smart,20264501,33,80037,True,8,10,3,1,coin_overflow
smart,20264502,37,95513,True,7,11,4,1,coin_overflow
smart,20264503,25,66103,True,10,12,1,1,coin_overflow
smart,20264504,40,104821,True,7,9,5,1,coin_overflow
smart,20264505,36,95117,True,10,11,4,2,coin_overflow
smart,20264506,38,98362,True,6,9,4,1,coin_overflow
smart,20264507,50,127016,True,7,13,9,0,coin_overflow
smart,20264508,23,62061,True,9,13,0,1,coin_overflow
smart,20264509,33,84066,True,9,12,4,0,coin_overflow
smart,20264510,64,157302,True,10,11,14,1,coin_overflow
smart,20264511,62,158452,True,8,9,12,2,coin_overflow
smart,20264512,31,79265,True,6,7,1,2,coin_overflow
smart,20264513,43,112751,True,10,11,7,1,coin_overflow
smart,20264514,41,108612,True,9,11,6,1,coin_overflow
smart,20264515,36,94302,True,8,11,4,1,coin_overflow
smart,20264516,42,111533,True,8,9,6,1,coin_overflow
smart,20264517,40,103552,True,9,12,5,2,coin_overflow
smart,20264518,25,65061,True,7,13,0,1,coin_overflow
smart,20264519,49,125151,True,8,13,7,3,coin_overflow
smart,20264520,33,77603,True,10,11,3,2,coin_overflow
smart,20264521,31,81625,True,6,7,1,2,coin_overflow
smart,20264522,44,109221,True,9,11,7,1,coin_overflow
smart,20264523,43,107612,True,10,11,7,1,coin_overflow
smart,20264524,30,78023,True,10,11,2,2,coin_overflow
smart,20264525,51,128187,True,7,8,8,2,coin_overflow
smart,20264526,31,78056,True,7,13,2,1,coin_overflow
smart,20264527,26,67066,True,11,12,1,2,coin_overflow
smart,20264528,30,78002,True,8,14,2,1,coin_overflow
smart,20264529,29,71103,True,11,12,2,2,coin_overflow
smart,20264530,30,81005,True,10,11,2,2,coin_overflow
smart,20264531,45,116452,True,8,9,7,1,coin_overflow
smart,20264532,63,156532,True,9,10,14,0,coin_overflow
smart,20264533,36,93152,True,11,12,5,1,coin_overflow
smart,20264534,26,72216,True,10,11,2,0,coin_overflow
smart,20264535,61,157213,True,9,10,12,2,coin_overflow
smart,20264536,34,83701,True,7,12,3,1,coin_overflow
smart,20264537,35,91103,True,9,12,4,1,coin_overflow
smart,20264538,49,128816,True,8,9,9,0,coin_overflow
smart,20264539,35,91622,True,9,10,4,1,coin_overflow
smart,20264540,34,80756,True,8,10,4,0,coin_overflow
smart,20264541,42,109357,True,5,9,5,1,coin_overflow
smart,20264542,42,109523,True,5,10,5,1,coin_overflow
smart,20264543,20,48001,True,14,15,0,2,coin_overflow
smart,20264544,42,108003,True,12,13,8,0,coin_overflow
smart,20264545,27,67202,True,11,12,2,1,coin_overflow
smart,20264546,32,82127,True,8,10,2,2,coin_overflow
smart,20264547,28,78002,True,13,14,3,1,coin_overflow
smart,20264548,25,64211,True,10,12,1,1,coin_overflow
smart,20264549,36,98676,True,8,9,4,1,coin_overflow
smart,20264550,30,80226,True,9,10,3,0,coin_overflow
smart,20264551,44,119666,True,9,10,7,1,coin_overflow
smart,20264552,41,106852,True,8,9,5,2,coin_overflow
smart,20264553,45,120151,True,8,13,7,1,coin_overflow
smart,20264554,27,65059,True,7,10,0,2,coin_overflow
smart,20264555,43,115211,True,8,12,7,0,coin_overflow
smart,20264556,35,96023,True,10,11,3,3,coin_overflow
smart,20264557,45,120867,True,5,7,6,1,coin_overflow
smart,20264558,30,77012,True,10,13,2,2,coin_overflow
smart,20264559,50,135053,True,9,12,9,1,coin_overflow
smart,20264560,29,77511,True,10,13,1,3,coin_overflow
smart,20264561,51,142569,True,7,8,8,2,coin_overflow
smart,20264562,38,97081,True,7,11,3,3,coin_overflow
smart,20264563,26,65102,True,12,13,2,1,coin_overflow
smart,20264564,50,127132,True,9,10,9,1,coin_overflow
smart,20264565,30,78002,True,13,14,3,2,coin_overflow
smart,20264566,27,65121,True,11,12,2,1,coin_overflow
smart,20264567,32,80254,True,7,9,1,3,coin_overflow
smart,20264568,32,82204,True,7,10,1,3,coin_overflow
smart,20264569,34,87502,True,10,13,4,1,coin_overflow
smart,20264570,40,105211,True,10,12,6,1,coin_overflow
smart,20264571,37,97812,True,8,9,5,0,coin_overflow
smart,20264572,34,91601,True,11,13,5,0,coin_overflow
smart,20264573,42,109052,True,10,13,6,2,coin_overflow
smart,20264574,52,135608,True,8,10,10,0,coin_overflow
smart,20264575,37,95007,True,12,13,5,2,coin_overflow
smart,20264576,38,105553,True,10,11,6,0,coin_overflow
smart,20264577,51,136076,True,6,11,9,0,coin_overflow
smart,20264578,25,62068,True,9,10,0,2,coin_overflow
smart,20264579,28,79071,True,9,12,1,2,coin_overflow
smart,20264580,48,123004,True,11,12,9,1,coin_overflow
smart,20264581,34,84051,True,12,14,4,2,coin_overflow
smart,20264582,36,95057,True,11,12,5,1,coin_overflow
smart,20264583,62,158706,True,10,11,12,3,coin_overflow
smart,20264584,31,77202,True,10,12,3,1,coin_overflow
smart,20264585,68,173412,True,6,9,14,1,coin_overflow
smart,20264586,24,64062,True,11,12,1,1,coin_overflow
smart,20264587,30,77136,True,9,10,3,0,coin_overflow
smart,20264588,40,104752,True,8,10,4,3,coin_overflow
smart,20264589,59,157761,True,9,10,12,1,coin_overflow
smart,20264590,31,78503,True,10,12,3,1,coin_overflow
smart,20264591,22,62053,True,10,12,0,1,coin_overflow
smart,20264592,32,78753,True,8,9,2,2,coin_overflow
smart,20264593,29,69502,True,9,13,2,1,coin_overflow
smart,20264594,39,105542,True,7,9,4,2,coin_overflow
smart,20264595,31,78203,True,10,11,3,1,coin_overflow
smart,20264596,30,78826,True,5,8,1,1,coin_overflow
smart,20264597,36,95906,True,7,9,3,2,coin_overflow
smart,20264598,36,97008,True,10,12,4,2,coin_overflow
smart,20264599,64,158212,True,10,11,14,1,coin_overflow
smart,20264600,25,63201,True,11,13,2,0,coin_overflow
smart,20264601,31,79216,True,8,11,3,0,coin_overflow
smart,20264602,32,84121,True,9,12,3,1,coin_overflow
smart,20264603,32,79752,True,9,10,3,1,coin_overflow
smart,20264604,42,112255,True,7,8,5,2,coin_overflow
smart,20264605,44,111702,True,7,11,7,0,coin_overflow
smart,20264606,22,52101,True,12,14,0,2,coin_overflow
smart,20264607,51,127009,True,9,11,10,0,coin_overflow
smart,20264608,49,126171,True,6,11,7,2,coin_overflow
smart,20264609,43,109376,True,7,8,6,1,coin_overflow
smart,20264610,59,144517,True,5,11,10,2,coin_overflow
smart,20264611,36,91331,True,8,9,4,1,coin_overflow
smart,20264612,37,93636,True,7,9,4,1,coin_overflow
smart,20264613,36,93151,True,11,13,5,1,coin_overflow
smart,20264614,33,82401,True,9,11,4,0,coin_overflow
smart,20264615,32,81561,True,8,12,2,2,coin_overflow
smart,20264616,49,127108,True,10,11,9,1,coin_overflow
smart,20264617,34,83551,True,8,13,4,0,coin_overflow
smart,20264618,70,181801,True,9,11,15,2,coin_overflow
smart,20264619,41,98806,True,8,10,5,2,coin_overflow
smart,20264620,19,50011,True,13,14,0,1,coin_overflow
smart,20264621,30,75001,True,11,15,3,1,coin_overflow
smart,20264622,33,82616,True,10,11,3,2,coin_overflow
smart,20264623,31,80132,True,6,10,1,2,coin_overflow
smart,20264624,48,125001,True,12,15,10,0,coin_overflow
smart,20264625,38,94296,True,6,7,4,1,coin_overflow
smart,20264626,29,77052,True,8,13,1,2,coin_overflow
smart,20264627,35,91206,True,11,12,4,2,coin_overflow
smart,20264628,53,132509,True,8,10,9,2,coin_overflow
smart,20264629,39,97515,True,8,9,5,1,coin_overflow
smart,20264630,38,100032,True,9,11,5,1,coin_overflow
smart,20264631,40,109116,True,11,12,7,0,coin_overflow
smart,20264632,37,97152,True,10,12,5,1,coin_overflow
smart,20264633,57,143554,True,6,10,11,0,coin_overflow
smart,20264634,46,119558,True,9,10,7,2,coin_overflow
smart,20264635,27,75666,True,7,10,0,2,coin_overflow
smart,20264636,32,79507,True,10,12,2,3,coin_overflow
smart,20264637,28,77521,True,9,12,1,2,coin_overflow
smart,20264638,52,132027,True,7,11,9,1,coin_overflow
smart,20264639,43,110663,True,8,9,7,0,coin_overflow
smart,20264640,34,84504,True,9,11,3,2,coin_overflow
smart,20264641,27,70606,True,10,12,1,2,coin_overflow
smart,20264642,72,185217,True,9,10,17,0,coin_overflow
smart,20264643,28,76616,True,9,11,1,2,coin_overflow
smart,20264644,32,76058,True,9,11,3,1,coin_overflow
smart,20264645,30,74001,True,11,15,3,1,coin_overflow
smart,20264646,40,100413,True,7,8,5,1,coin_overflow
smart,20264647,25,63006,True,10,14,1,1,coin_overflow
smart,20264648,25,67051,True,9,14,0,2,coin_overflow
smart,20264649,32,81368,True,6,7,2,1,coin_overflow
smart,20264650,38,95168,True,8,9,4,2,coin_overflow
smart,20264651,34,83708,True,8,9,4,0,coin_overflow
smart,20264652,37,94548,True,6,7,3,2,coin_overflow
smart,20264653,52,137561,True,9,12,9,2,coin_overflow
smart,20264654,35,95756,True,8,10,3,2,coin_overflow
smart,20264655,32,81046,True,9,10,3,1,coin_overflow
smart,20264656,58,144269,True,6,7,10,2,coin_overflow
smart,20264657,38,101109,True,8,10,4,2,coin_overflow
smart,20264658,29,65152,True,11,12,2,2,coin_overflow
smart,20264659,34,85317,True,7,9,3,1,coin_overflow
smart,20264660,41,111586,True,8,9,5,2,coin_overflow
smart,20264661,36,94011,True,12,14,6,0,coin_overflow
smart,20264662,36,85553,True,10,11,4,2,coin_overflow
smart,20264663,41,100111,True,11,13,6,2,coin_overflow
smart,20264664,48,123707,True,8,10,8,1,coin_overflow
smart,20264665,75,194319,True,5,7,16,1,coin_overflow
smart,20264666,42,108812,True,8,9,6,1,coin_overflow
smart,20264667,39,100505,True,8,10,5,1,coin_overflow
smart,20264668,40,106611,True,9,12,5,2,coin_overflow
smart,20264669,59,145503,True,9,12,12,1,coin_overflow
smart,20264670,32,78091,True,9,10,3,1,coin_overflow
smart,20264671,22,61551,True,12,13,0,2,coin_overflow
smart,20264672,27,68004,True,11,12,2,1,coin_overflow
smart,20264673,61,153175,True,6,7,11,2,coin_overflow
smart,20264674,26,65053,True,8,12,0,2,coin_overflow
smart,20264675,40,107211,True,8,12,6,0,coin_overflow
smart,20264676,41,107116,True,7,12,4,3,coin_overflow
smart,20264677,33,82551,True,8,13,3,1,coin_overflow
smart,20264678,62,155005,True,10,11,12,3,coin_overflow
smart,20264679,37,92041,True,10,11,5,1,coin_overflow
smart,20264680,33,94408,True,7,8,2,2,coin_overflow
smart,20264681,34,90621,True,10,11,4,1,coin_overflow
smart,20264682,34,89807,True,8,9,4,0,coin_overflow
smart,20264683,46,121119,True,8,9,8,0,coin_overflow
smart,20264684,48,118452,True,8,9,8,1,coin_overflow
smart,20264685,35,90106,True,11,13,4,2,coin_overflow
smart,20264686,37,95115,True,8,9,5,0,coin_overflow
smart,20264687,37,97021,True,7,13,4,1,coin_overflow
smart,20264688,32,81032,True,9,11,3,1,coin_overflow
smart,20264689,24,65553,True,10,11,0,2,coin_overflow
smart,20264690,50,125757,True,6,9,8,1,coin_overflow
smart,20264691,41,110012,True,11,13,4,5,coin_overflow
smart,20264692,35,87261,True,8,11,3,2,coin_overflow
smart,20264693,35,90414,True,6,7,3,1,coin_overflow
smart,20264694,43,111004,True,6,12,5,2,coin_overflow
smart,20264695,39,97001,True,13,15,6,2,coin_overflow
smart,20264696,35,85051,True,13,14,6,0,coin_overflow
smart,20264697,35,82096,True,7,9,4,0,coin_overflow
smart,20264698,44,109516,True,10,12,8,0,coin_overflow
smart,20264699,50,127154,True,9,10,9,1,coin_overflow
smart,20264700,29,74051,True,12,14,3,1,coin_overflow
smart,20264701,32,79217,True,9,10,3,1,coin_overflow
smart,20264702,33,77356,True,7,10,2,2,coin_overflow
smart,20264703,30,70062,True,11,12,3,1,coin_overflow
smart,20264704,49,126067,True,10,11,9,1,coin_overflow
smart,20264705,35,79105,True,9,10,4,1,coin_overflow
smart,20264706,42,104511,True,9,13,7,0,coin_overflow
smart,20264707,39,103020,True,8,9,5,1,coin_overflow
smart,20264708,33,92152,True,8,12,3,1,coin_overflow
smart,20264709,26,67086,True,9,10,1,1,coin_overflow
smart,20264710,29,80702,True,9,11,2,1,coin_overflow
smart,20264711,40,109406,True,8,10,6,0,coin_overflow
smart,20264712,34,85556,True,8,12,4,0,coin_overflow
smart,20264713,38,100601,True,11,13,5,2,coin_overflow
smart,20264714,44,113097,True,7,8,5,3,coin_overflow
smart,20264715,26,72546,True,8,9,0,2,coin_overflow
smart,20264716,41,106201,True,12,13,7,1,coin_overflow
smart,20264717,26,65003,True,12,13,2,1,coin_overflow
smart,20264718,31,80556,True,11,12,2,3,coin_overflow
smart,20264719,31,80118,True,9,10,2,2,coin_overflow
smart,20264720,36,96514,True,9,10,5,0,coin_overflow
smart,20264721,38,105504,True,6,11,4,1,coin_overflow
smart,20264722,35,82755,True,6,7,3,1,coin_overflow
smart,20264723,45,109647,True,4,7,5,2,coin_overflow
smart,20264724,32,78021,True,12,13,4,1,coin_overflow
smart,20264725,34,94296,True,6,7,2,2,coin_overflow
smart,20264726,53,141511,True,11,13,10,2,coin_overflow
smart,20264727,38,96009,True,8,11,4,2,coin_overflow
smart,20264728,34,92656,True,10,11,4,1,coin_overflow
smart,20264729,28,74016,True,8,13,2,0,coin_overflow
smart,20264730,46,109032,True,10,11,8,1,coin_overflow
smart,20264731,29,81017,True,9,12,2,1,coin_overflow
smart,20264732,61,156254,True,8,9,11,3,coin_overflow
smart,20264733,40,98010,True,9,10,5,2,coin_overflow
smart,20264734,26,72116,True,11,12,1,2,coin_overflow
smart,20264735,37,94531,True,8,11,5,0,coin_overflow
smart,20264736,36,92103,True,11,12,5,1,coin_overflow
smart,20264737,24,64153,True,10,11,0,2,coin_overflow
smart,20264738,31,81007,True,10,13,3,1,coin_overflow
smart,20264739,41,110513,True,10,11,5,3,coin_overflow
smart,20264740,33,82552,True,11,12,4,1,coin_overflow
smart,20264741,55,139142,True,8,9,11,0,coin_overflow
smart,20264742,29,67166,True,8,11,1,2,coin_overflow
smart,20264743,45,111071,True,10,12,7,2,coin_overflow
smart,20264744,40,105002,True,11,14,7,0,coin_overflow
smart,20264745,40,107156,True,8,12,6,0,coin_overflow
smart,20264746,24,62104,True,10,11,0,2,coin_overflow
smart,20264747,30,72302,True,9,11,3,0,coin_overflow
smart,20264748,35,86026,True,11,12,4,2,coin_overflow
smart,20264749,51,131124,True,7,9,8,2,coin_overflow
smart,20264750,45,110522,True,7,11,6,2,coin_overflow
smart,20264751,61,157254,True,8,9,11,3,coin_overflow
smart,20264752,46,127421,True,7,9,7,1,coin_overflow
smart,20264753,29,76601,True,10,13,1,3,coin_overflow
smart,20264754,38,96723,True,7,8,5,0,coin_overflow
smart,20264755,33,87961,True,7,8,2,2,coin_overflow
smart,20264756,46,119064,True,9,10,7,2,coin_overflow
smart,20264757,43,108302,True,10,11,7,1,coin_overflow
smart,20264758,31,81219,True,7,8,2,1,coin_overflow
smart,20264759,33,80502,True,11,13,4,1,coin_overflow
smart,20264760,25,66122,True,10,11,1,1,coin_overflow
smart,20264761,52,135601,True,12,13,10,2,coin_overflow
smart,20264762,34,95166,True,8,11,4,0,coin_overflow
smart,20264763,31,80511,True,11,13,4,0,coin_overflow
smart,20264764,38,104156,True,6,12,4,1,coin_overflow
smart,20264765,37,96007,True,12,13,5,2,coin_overflow
smart,20264766,33,84241,True,8,9,3,1,coin_overflow
smart,20264767,30,79028,True,7,10,1,2,coin_overflow
smart,20264768,60,152011,True,4,14,10,2,coin_overflow
smart,20264769,31,82002,True,12,14,3,2,coin_overflow
smart,20264770,32,79352,True,9,10,3,1,coin_overflow
smart,20264771,25,64002,True,12,14,1,2,coin_overflow
smart,20264772,38,97132,True,9,10,5,1,coin_overflow
smart,20264773,37,96251,True,10,12,5,1,coin_overflow
smart,20264774,60,153576,True,7,10,11,2,coin_overflow
smart,20264775,26,69131,True,10,11,2,0,coin_overflow
smart,20264776,46,115127,True,9,10,7,2,coin_overflow
smart,20264777,39,96524,True,8,9,5,1,coin_overflow
smart,20264778,46,117681,True,7,9,7,1,coin_overflow
smart,20264779,40,104732,True,7,8,5,1,coin_overflow
smart,20264780,65,170527,True,9,10,14,1,coin_overflow
smart,20264781,43,110517,True,10,11,7,1,coin_overflow
smart,20264782,32,80157,True,9,11,3,1,coin_overflow
smart,20264783,28,76081,True,10,11,2,1,coin_overflow
smart,20264784,62,160104,True,7,11,13,0,coin_overflow
smart,20264785,29,78102,True,12,13,3,1,coin_overflow
smart,20264786,31,81203,True,7,11,2,1,coin_overflow
smart,20264787,30,79157,True,10,11,2,2,coin_overflow
smart,20264788,67,170282,True,6,8,13,2,coin_overflow
smart,20264789,35,88506,True,9,13,4,1,coin_overflow
smart,20264790,35,93159,True,8,9,3,2,coin_overflow
smart,20264791,36,97026,True,11,12,5,1,coin_overflow
smart,20264792,35,87046,True,9,10,4,1,coin_overflow
smart,20264793,30,69861,True,8,9,2,1,coin_overflow
smart,20264794,27,75173,True,8,9,1,1,coin_overflow
smart,20264795,31,79009,True,9,11,2,2,coin_overflow
smart,20264796,43,109120,True,7,8,6,1,coin_overflow
smart,20264797,51,131567,True,9,10,8,3,coin_overflow
smart,20264798,51,123119,True,8,9,9,1,coin_overflow
smart,20264799,30,80752,True,8,10,2,1,coin_overflow
smart,20264800,35,95052,True,12,13,5,1,coin_overflow
smart,20264801,36,98102,True,10,13,4,2,coin_overflow
smart,20264802,29,69514,True,9,10,2,1,coin_overflow
smart,20264803,28,68623,True,6,9,0,2,coin_overflow
smart,20264804,50,126511,True,9,13,7,4,coin_overflow
smart,20264805,31,81512,True,11,12,2,3,coin_overflow
smart,20264806,37,94716,True,7,10,4,1,coin_overflow
smart,20264807,29,77361,True,9,10,2,1,coin_overflow
smart,20264808,35,93601,True,9,13,4,1,coin_overflow
smart,20264809,69,180020,True,8,9,15,1,coin_overflow
smart,20264810,36,95701,True,10,12,4,2,coin_overflow
smart,20264811,33,79901,True,8,10,3,1,coin_overflow
smart,20264812,40,107141,True,8,10,6,0,coin_overflow
smart,20264813,32,82146,True,8,9,2,2,coin_overflow
smart,20264814,43,111526,True,8,11,7,0,coin_overflow
smart,20264815,34,91218,True,8,9,2,3,coin_overflow
smart,20264816,31,77524,True,8,9,3,0,coin_overflow
smart,20264817,36,90911,True,8,9,4,1,coin_overflow
smart,20264818,52,137656,True,10,11,10,1,coin_overflow
smart,20264819,33,83356,True,9,10,4,0,coin_overflow
smart,20264820,39,96207,True,9,11,6,0,coin_overflow
smart,20264821,27,77078,True,8,9,1,1,coin_overflow
smart,20264822,31,81427,True,6,7,1,2,coin_overflow
smart,20264823,32,83654,True,6,9,2,1,coin_overflow
smart,20264824,55,141151,True,9,13,10,2,coin_overflow
smart,20264825,33,81911,True,8,9,3,1,coin_overflow
smart,20264826,37,93772,True,7,8,4,1,coin_overflow
smart,20264827,29,75267,True,6,9,1,1,coin_overflow
smart,20264828,25,64041,True,10,11,1,1,coin_overflow
smart,20264829,25,63107,True,10,12,1,1,coin_overflow
smart,20264830,33,79271,True,8,10,3,1,coin_overflow
smart,20264831,31,79032,True,10,11,3,1,coin_overflow
smart,20264832,45,119602,True,11,12,8,1,coin_overflow
smart,20264833,46,115006,True,10,14,8,1,coin_overflow
smart,20264834,32,83021,True,12,13,4,1,coin_overflow
smart,20264835,39,104852,True,8,9,5,1,coin_overflow
smart,20264836,32,84006,True,12,14,4,1,coin_overflow
smart,20264837,71,175010,True,9,10,16,1,coin_overflow
smart,20264838,33,80624,True,7,8,2,2,coin_overflow
smart,20264839,30,81622,True,8,10,2,1,coin_overflow
smart,20264840,38,99073,True,8,10,4,2,coin_overflow
smart,20264841,32,87537,True,8,9,2,2,coin_overflow
smart,20264842,32,79851,True,8,10,2,2,coin_overflow
smart,20264843,24,66508,True,9,11,1,0,coin_overflow
smart,20264844,42,110012,True,12,13,8,0,coin_overflow
smart,20264845,31,79506,True,7,13,2,1,coin_overflow
smart,20264846,32,79673,True,7,8,1,3,coin_overflow
smart,20264847,24,65016,True,12,13,2,0,coin_overflow
smart,20264848,23,65007,True,12,13,1,1,coin_overflow
smart,20264849,29,79056,True,10,13,3,0,coin_overflow
smart,20264850,20,50051,True,12,14,0,1,coin_overflow
smart,20264851,23,64001,True,10,15,1,0,coin_overflow
smart,20264852,55,141662,True,8,10,9,3,coin_overflow
smart,20264853,35,94117,True,5,11,2,2,coin_overflow
smart,20264854,28,73807,True,7,9,1,1,coin_overflow
smart,20264855,51,126157,True,10,11,9,2,coin_overflow
smart,20264856,35,93302,True,10,11,3,3,coin_overflow
smart,20264857,45,117226,True,6,10,7,0,coin_overflow
smart,20264858,22,61001,True,14,15,2,0,coin_overflow
smart,20264859,37,96672,True,7,9,4,1,coin_overflow
smart,20264860,31,80026,True,11,12,4,0,coin_overflow
smart,20264861,33,91701,True,11,12,4,1,coin_overflow
smart,20264862,29,75267,True,8,9,1,2,coin_overflow
smart,20264863,32,78075,True,7,8,3,0,coin_overflow
smart,20264864,30,81361,True,9,10,1,3,coin_overflow
smart,20264865,50,125065,True,7,9,9,0,coin_overflow
smart,20264866,37,95015,True,9,10,4,2,coin_overflow
smart,20264867,35,93816,True,6,9,3,1,coin_overflow
smart,20264868,36,93204,True,7,10,3,2,coin_overflow
smart,20264869,36,93019,True,9,10,5,0,coin_overflow
smart,20264870,46,114515,True,8,9,6,3,coin_overflow
smart,20264871,30,81102,True,11,13,3,1,coin_overflow
smart,20264872,47,127102,True,7,13,6,3,coin_overflow
smart,20264873,37,94004,True,10,12,5,1,coin_overflow
smart,20264874,33,82041,True,10,11,3,2,coin_overflow
smart,20264875,34,91526,True,8,11,4,0,coin_overflow
smart,20264876,35,88509,True,9,10,4,1,coin_overflow
smart,20264877,33,90210,True,7,8,2,2,coin_overflow
smart,20264878,30,81271,True,9,10,3,0,coin_overflow
smart,20264879,23,53002,True,12,14,1,1,coin_overflow
smart,20264880,29,78006,True,12,14,3,1,coin_overflow
smart,20264881,45,112011,True,8,14,7,1,coin_overflow
smart,20264882,31,77026,True,11,12,4,0,coin_overflow
smart,20264883,57,152111,True,11,13,12,1,coin_overflow
smart,20264884,56,147504,True,9,11,11,1,coin_overflow
smart,20264885,38,97717,True,7,9,5,0,coin_overflow
smart,20264886,50,128005,True,8,11,8,2,coin_overflow
smart,20264887,36,90602,True,9,12,5,0,coin_overflow
smart,20264888,35,83516,True,11,12,4,2,coin_overflow
smart,20264889,31,78551,True,12,13,3,2,coin_overflow
smart,20264890,40,99586,True,8,9,4,3,coin_overflow
smart,20264891,31,78551,True,10,13,3,1,coin_overflow
smart,20264892,38,96542,True,8,9,4,2,coin_overflow
smart,20264893,44,119018,True,8,11,6,2,coin_overflow
smart,20264894,37,94303,True,9,10,4,2,coin_overflow
smart,20264895,34,90015,True,8,10,4,0,coin_overflow
smart,20264896,34,82951,True,6,9,2,2,coin_overflow
smart,20264897,41,110151,True,10,13,7,0,coin_overflow
smart,20264898,29,74016,True,9,13,2,1,coin_overflow
smart,20264899,41,100201,True,11,13,6,2,coin_overflow
smart,20264900,36,95218,True,8,9,4,1,coin_overflow
smart,20264901,21,53071,True,11,12,0,1,coin_overflow
smart,20264902,52,133931,True,5,7,7,3,coin_overflow
smart,20264903,45,111302,True,7,11,6,2,coin_overflow
smart,20264904,44,113006,True,13,14,7,3,coin_overflow
smart,20264905,47,122604,True,9,10,8,1,coin_overflow
smart,20264906,25,65806,True,8,10,1,0,coin_overflow
smart,20264907,31,78156,True,10,12,3,1,coin_overflow
smart,20264908,26,74201,True,11,13,1,2,coin_overflow
smart,20264909,67,174013,True,9,12,14,2,coin_overflow
smart,20264910,51,127018,True,9,11,10,0,coin_overflow
smart,20264911,39,97061,True,7,13,4,2,coin_overflow
smart,20264912,34,91407,True,8,9,4,0,coin_overflow
smart,20264913,28,76014,True,10,11,2,1,coin_overflow
smart,20264914,38,94016,True,10,13,6,0,coin_overflow
smart,20264915,46,113004,True,10,12,8,1,coin_overflow
smart,20264916,61,157471,True,6,8,11,2,coin_overflow
smart,20264917,33,81111,True,11,13,4,1,coin_overflow
smart,20264918,49,125128,True,8,9,9,0,coin_overflow
smart,20264919,50,126711,True,10,11,8,3,coin_overflow
smart,20264920,35,91707,True,9,10,4,1,coin_overflow
smart,20264921,44,111258,True,8,9,6,2,coin_overflow
smart,20264922,43,111211,True,10,12,7,1,coin_overflow
smart,20264923,33,83606,True,8,12,3,1,coin_overflow
smart,20264924,29,75752,True,9,10,2,1,coin_overflow
smart,20264925,40,106016,True,12,13,6,2,coin_overflow
smart,20264926,28,76804,True,7,8,1,1,coin_overflow
smart,20264927,32,78901,True,6,10,2,1,coin_overflow
smart,20264928,39,96608,True,8,10,5,1,coin_overflow
smart,20264929,39,98741,True,7,8,4,2,coin_overflow
smart,20264930,44,108257,True,9,10,7,1,coin_overflow
smart,20264931,34,83066,True,9,12,3,2,coin_overflow
smart,20264932,34,93304,True,8,9,4,0,coin_overflow
smart,20264933,65,169047,True,7,9,12,3,coin_overflow
smart,20264934,31,80061,True,9,13,2,2,coin_overflow
smart,20264935,38,95035,True,7,8,3,3,coin_overflow
smart,20264936,44,118232,True,8,9,6,2,coin_overflow
smart,20264937,26,70122,True,10,11,2,0,coin_overflow
smart,20264938,36,97616,True,5,11,3,1,coin_overflow
smart,20264939,31,77306,True,10,11,3,1,coin_overflow
smart,20264940,49,124872,True,5,7,8,0,coin_overflow
smart,20264941,54,144551,True,10,13,10,2,coin_overflow
smart,20264942,77,203411,True,7,10,16,3,coin_overflow
smart,20264943,37,95203,True,10,11,5,1,coin_overflow
smart,20264944,38,100801,True,9,11,5,1,coin_overflow
smart,20264945,40,101502,True,10,13,6,1,coin_overflow
smart,20264946,27,71101,True,10,14,1,2,coin_overflow
smart,20264947,36,92256,True,9,11,5,0,coin_overflow
smart,20264948,28,77271,True,7,10,1,1,coin_overflow
smart,20264949,30,78051,True,11,14,3,1,coin_overflow
smart,20264950,43,111059,True,7,10,6,1,coin_overflow
smart,20264951,28,73256,True,9,11,1,2,coin_overflow
smart,20264952,48,124551,True,12,13,10,0,coin_overflow
smart,20264953,38,101616,True,9,11,5,1,coin_overflow
smart,20264954,41,109852,True,8,9,5,2,coin_overflow
smart,20264955,46,122062,True,10,12,8,1,coin_overflow
smart,20264956,25,64616,True,10,11,1,1,coin_overflow
smart,20264957,28,77026,True,11,12,1,3,coin_overflow
smart,20264958,38,99216,True,9,11,5,1,coin_overflow
smart,20264959,29,78067,True,8,11,1,2,coin_overflow
smart,20264960,25,63051,True,13,14,2,1,coin_overflow
smart,20264961,23,61201,True,12,13,1,1,coin_overflow
smart,20264962,42,100112,True,11,12,7,1,coin_overflow
smart,20264963,57,143008,True,10,12,11,2,coin_overflow
smart,20264964,29,81008,True,9,12,2,1,coin_overflow
smart,20264965,44,113112,True,8,12,6,2,coin_overflow
smart,20264966,47,127226,True,8,10,7,2,coin_overflow
smart,20264967,27,72721,True,9,10,2,0,coin_overflow
smart,20264968,38,97007,True,12,13,6,1,coin_overflow
smart,20264969,27,71108,True,10,11,1,2,coin_overflow
smart,20264970,24,65161,True,11,12,1,1,coin_overflow
smart,20264971,49,124171,True,8,11,9,0,coin_overflow
smart,20264972,33,90762,True,7,9,2,2,coin_overflow
smart,20264973,30,76106,True,11,13,3,1,coin_overflow
smart,20264974,37,91611,True,6,12,3,2,coin_overflow
smart,20264975,30,73062,True,11,12,3,1,coin_overflow
smart,20264976,43,109108,True,9,11,6,2,coin_overflow
smart,20264977,46,115556,True,9,12,7,2,coin_overflow
smart,20264978,23,62251,True,9,12,0,1,coin_overflow
smart,20264979,40,101075,True,6,8,4,2,coin_overflow
smart,20264980,34,83041,True,10,11,4,1,coin_overflow
smart,20264981,40,107163,True,9,10,5,2,coin_overflow
smart,20264982,30,79001,True,7,15,1,2,coin_overflow
smart,20264983,48,125707,True,9,10,9,0,coin_overflow
smart,20264984,28,81502,True,7,13,1,1,coin_overflow
smart,20264985,26,66371,True,8,9,0,2,coin_overflow
smart,20264986,37,92026,True,10,12,5,1,coin_overflow
smart,20264987,36,94021,True,12,13,6,0,coin_overflow
smart,20264988,29,78103,True,9,12,2,1,coin_overflow
smart,20264989,36,96114,True,9,10,5,0,coin_overflow
smart,20264990,38,95191,True,6,9,4,1,coin_overflow
smart,20264991,29,75707,True,9,10,2,1,coin_overflow
smart,20264992,31,82009,True,10,11,3,1,coin_overflow
smart,20264993,31,77102,True,9,13,2,2,coin_overflow
smart,20264994,36,92075,True,7,8,3,2,coin_overflow
smart,20264995,61,154578,True,7,8,12,1,coin_overflow
smart,20264996,61,155160,True,7,8,12,1,coin_overflow
smart,20264997,35,86557,True,6,11,3,1,coin_overflow
smart,20264998,34,80356,True,9,10,3,2,coin_overflow
smart,20264999,26,64532,True,9,10,1,1,coin_overflow
smart,20265000,22,54651,True,11,12,1,0,coin_overflow
smart,20265001,30,78241,True,8,9,2,1,coin_overflow
smart,20265002,30,79266,True,8,10,2,1,coin_overflow
smart,20265003,38,95141,True,8,10,4,2,coin_overflow
smart,20265004,72,186123,True,9,10,17,0,coin_overflow
smart,20265005,44,111191,True,7,9,5,3,coin_overflow
smart,20265006,36,85110,True,8,9,4,1,coin_overflow
smart,20265007,30,80161,True,11,12,3,1,coin_overflow
smart,20265008,22,59013,True,11,12,1,0,coin_overflow
smart,20265009,36,91052,True,5,13,3,1,coin_overflow
smart,20265010,50,137037,True,8,10,8,2,coin_overflow
smart,20265011,29,68118,True,9,10,2,1,coin_overflow
smart,20265012,53,134826,True,6,8,9,1,coin_overflow
smart,20265013,26,66316,True,6,10,0,1,coin_overflow
smart,20265014,30,75561,True,11,12,3,1,coin_overflow
smart,20265015,47,121706,True,8,11,7,2,coin_overflow
smart,20265016,42,109562,True,10,11,6,2,coin_overflow
smart,20265017,31,82214,True,6,9,1,2,coin_overflow
smart,20265018,52,136552,True,9,12,9,2,coin_overflow
smart,20265019,36,94121,True,8,12,4,1,coin_overflow
smart,20265020,33,81031,True,10,12,3,2,coin_overflow
smart,20265021,40,104065,True,8,9,4,3,coin_overflow
smart,20265022,35,96067,True,7,11,4,0,coin_overflow
smart,20265023,43,110501,True,13,14,8,1,coin_overflow
smart,20265024,26,68503,True,11,12,1,2,coin_overflow
smart,20265025,33,81007,True,11,13,4,1,coin_overflow
smart,20265026,32,82311,True,9,11,3,1,coin_overflow
smart,20265027,33,84341,True,7,8,2,2,coin_overflow
smart,20265028,38,96031,True,11,12,5,2,coin_overflow
smart,20265029,34,89511,True,10,13,4,1,coin_overflow
smart,20265030,27,79004,True,10,12,1,2,coin_overflow
smart,20265031,32,83402,True,9,10,3,1,coin_overflow
smart,20265032,37,98072,True,8,11,5,0,coin_overflow
smart,20265033,34,84196,True,6,8,2,2,coin_overflow
smart,20265034,37,95228,True,7,8,4,1,coin_overflow
smart,20265035,59,151021,True,10,13,13,0,coin_overflow
smart,20265036,46,127161,True,5,12,5,3,coin_overflow
smart,20265037,26,66513,True,9,11,1,1,coin_overflow
smart,20265038,36,94025,True,7,9,3,2,coin_overflow
smart,20265039,47,122071,True,9,12,8,1,coin_overflow
smart,20265040,25,66121,True,9,12,0,2,coin_overflow
smart,20265041,31,82401,True,9,11,2,2,coin_overflow
smart,20265042,30,80019,True,9,10,3,0,coin_overflow
smart,20265043,32,88506,True,11,13,3,2,coin_overflow
smart,20265044,36,95856,True,7,9,3,2,coin_overflow
smart,20265045,30,80202,True,5,12,1,1,coin_overflow
smart,20265046,48,124155,True,8,9,8,1,coin_overflow
smart,20265047,34,82153,True,9,11,3,2,coin_overflow
smart,20265048,33,82126,True,10,11,3,2,coin_overflow
smart,20265049,31,79131,True,10,11,3,1,coin_overflow
smart,20265050,38,95692,True,6,7,4,1,coin_overflow
smart,20265051,37,92707,True,8,10,5,0,coin_overflow
smart,20265052,41,105076,True,10,11,7,0,coin_overflow
smart,20265053,36,94621,True,10,11,4,2,coin_overflow
smart,20265054,28,76005,True,10,11,2,1,coin_overflow
smart,20265055,43,109357,True,7,9,6,1,coin_overflow
smart,20265056,24,64116,True,11,12,1,1,coin_overflow
smart,20265057,48,125731,True,8,9,8,1,coin_overflow
smart,20265058,40,104638,True,5,7,3,3,coin_overflow
smart,20265059,68,176083,True,6,9,14,1,coin_overflow
smart,20265060,80,212074,True,8,9,18,2,coin_overflow
smart,20265061,32,80051,True,10,14,4,0,coin_overflow
smart,20265062,22,58531,True,10,11,0,1,coin_overflow
smart,20265063,51,138215,True,7,8,8,2,coin_overflow
smart,20265064,52,136101,True,10,14,10,1,coin_overflow
smart,20265065,45,118011,True,8,14,7,1,coin_overflow
smart,20265066,24,61656,True,10,11,0,2,coin_overflow
smart,20265067,29,71156,True,11,12,2,2,coin_overflow
smart,20265068,25,62306,True,9,11,0,2,coin_overflow
smart,20265069,33,80311,True,10,11,3,2,coin_overflow
smart,20265070,58,142658,True,8,9,10,3,coin_overflow
smart,20265071,61,156731,True,8,9,11,3,coin_overflow
smart,20265072,36,96148,True,5,7,3,1,coin_overflow
smart,20265073,61,158641,True,8,9,13,0,coin_overflow
smart,20265074,34,88013,True,9,12,3,2,coin_overflow
smart,20265075,47,117546,True,7,9,6,3,coin_overflow
smart,20265076,56,139303,True,9,10,11,1,coin_overflow
smart,20265077,29,79157,True,10,11,3,0,coin_overflow
smart,20265078,51,126766,True,8,9,9,1,coin_overflow
smart,20265079,30,76253,True,9,10,3,0,coin_overflow
smart,20265080,42,110514,True,8,10,6,1,coin_overflow
smart,20265081,35,83411,True,9,10,4,1,coin_overflow
smart,20265082,61,156651,True,8,12,13,0,coin_overflow
smart,20265083,24,64151,True,11,13,1,1,coin_overflow
smart,20265084,69,171034,True,8,9,15,1,coin_overflow
smart,20265085,25,64008,True,9,12,0,2,coin_overflow
smart,20265086,34,92466,True,7,8,3,1,coin_overflow
smart,20265087,54,137002,True,10,14,10,2,coin_overflow
smart,20265088,31,82021,True,10,13,3,1,coin_overflow
smart,20265089,42,107407,True,8,9,6,1,coin_overflow
smart,20265090,31,78723,True,7,8,2,1,coin_overflow
smart,20265091,35,90007,True,9,13,4,1,coin_overflow
smart,20265092,42,108023,True,9,11,5,3,coin_overflow
smart,20265093,40,101801,True,8,11,4,3,coin_overflow
smart,20265094,26,67702,True,9,11,1,1,coin_overflow
smart,20265095,28,69501,True,12,14,2,2,coin_overflow
smart,20265096,54,137527,True,8,10,10,1,coin_overflow
smart,20265097,38,97201,True,12,13,6,1,coin_overflow
smart,20265098,27,67513,True,10,11,1,2,coin_overflow
smart,20265099,33,83632,True,8,9,3,1,coin_overflow
smart,20265100,42,110304,True,8,9,6,1,coin_overflow
smart,20265101,38,95356,True,9,10,5,1,coin_overflow
smart,20265102,38,99071,True,9,12,5,1,coin_overflow
smart,20265103,79,202351,True,6,11,17,2,coin_overflow
smart,20265104,29,81801,True,8,11,1,2,coin_overflow
smart,20265105,42,106352,True,8,10,6,1,coin_overflow
smart,20265106,39,94122,True,6,11,3,3,coin_overflow
smart,20265107,28,75356,True,8,10,2,0,coin_overflow
smart,20265108,30,79371,True,8,9,2,1,coin_overflow
smart,20265109,49,127031,True,10,12,9,1,coin_overflow
smart,20265110,41,108153,True,9,11,6,1,coin_overflow
smart,20265111,31,78552,True,10,12,3,1,coin_overflow
smart,20265112,35,90621,True,10,11,5,0,coin_overflow
smart,20265113,29,80036,True,9,11,2,1,coin_overflow
smart,20265114,39,107507,True,11,12,6,1,coin_overflow
smart,20265115,46,117241,True,8,9,8,0,coin_overflow
smart,20265116,45,116913,True,6,7,7,0,coin_overflow
smart,20265117,35,91054,True,10,11,5,0,coin_overflow
smart,20265118,47,126266,True,9,10,8,1,coin_overflow
smart,20265119,29,69021,True,11,13,2,2,coin_overflow
smart,20265120,44,119333,True,6,7,6,1,coin_overflow
smart,20265121,44,111906,True,6,9,6,1,coin_overflow
smart,20265122,34,85547,True,7,8,3,1,coin_overflow
smart,20265123,25,62321,True,9,10,0,2,coin_overflow
smart,20265124,54,129166,True,9,11,9,3,coin_overflow
smart,20265125,28,69603,True,10,11,2,1,coin_overflow
smart,20265126,61,156172,True,8,10,13,0,coin_overflow
smart,20265127,52,127663,True,8,9,10,0,coin_overflow
smart,20265128,34,94003,True,9,13,3,2,coin_overflow
smart,20265129,51,129501,True,12,14,9,3,coin_overflow
smart,20265130,35,93033,True,9,10,4,1,coin_overflow
smart,20265131,37,95132,True,6,10,3,2,coin_overflow
smart,20265132,27,69041,True,9,11,0,3,coin_overflow
smart,20265133,56,146546,True,8,9,10,2,coin_overflow
smart,20265134,35,95712,True,6,10,3,1,coin_overflow
smart,20265135,31,82117,True,9,11,2,2,coin_overflow
smart,20265136,40,106137,True,7,9,5,1,coin_overflow
smart,20265137,26,65752,True,9,10,1,1,coin_overflow
smart,20265138,36,93006,True,9,14,3,3,coin_overflow
smart,20265139,44,108102,True,11,13,7,2,coin_overflow
smart,20265140,41,107617,True,9,10,6,1,coin_overflow
smart,20265141,31,76608,True,7,10,2,1,coin_overflow
smart,20265142,42,106128,True,8,9,6,1,coin_overflow
smart,20265143,24,65603,True,9,11,1,0,coin_overflow
smart,20265144,53,134751,True,6,11,9,1,coin_overflow
smart,20265145,35,95073,True,8,10,3,2,coin_overflow
smart,20265146,42,109677,True,7,8,5,2,coin_overflow
smart,20265147,55,139078,True,8,9,11,0,coin_overflow
smart,20265148,56,146001,True,11,15,11,2,coin_overflow
smart,20265149,49,127061,True,10,13,9,1,coin_overflow
smart,20265150,44,111015,True,9,10,7,1,coin_overflow
smart,20265151,40,108658,True,6,9,4,2,coin_overflow
smart,20265152,27,67027,True,8,11,1,1,coin_overflow
smart,20265153,32,86061,True,12,13,4,1,coin_overflow
smart,20265154,43,109732,True,7,8,6,1,coin_overflow
smart,20265155,39,102062,True,11,12,6,1,coin_overflow
smart,20265156,26,63204,True,9,10,1,1,coin_overflow
smart,20265157,21,54001,True,14,15,1,1,coin_overflow
smart,20265158,29,70808,True,6,8,1,1,coin_overflow
smart,20265159,38,94956,True,6,8,4,1,coin_overflow
smart,20265160,36,94006,True,12,14,6,0,coin_overflow
smart,20265161,32,87612,True,10,11,4,0,coin_overflow
smart,20265162,45,117436,True,6,7,7,0,coin_overflow
smart,20265163,41,107001,True,11,15,6,2,coin_overflow
smart,20265164,35,92607,True,9,11,4,1,coin_overflow
smart,20265165,24,62061,True,10,13,0,2,coin_overflow
smart,20265166,62,155037,True,9,10,13,1,coin_overflow
smart,20265167,29,76021,True,9,13,2,1,coin_overflow
smart,20265168,42,99156,True,11,12,7,1,coin_overflow
smart,20265169,48,125066,True,5,12,7,1,coin_overflow
smart,20265170,33,83501,True,13,14,4,2,coin_overflow
smart,20265171,32,81686,True,7,8,1,3,coin_overflow
smart,20265172,47,121217,True,6,10,7,1,coin_overflow
smart,20265173,46,122028,True,8,10,8,0,coin_overflow
smart,20265174,46,127767,True,7,8,7,1,coin_overflow
smart,20265175,33,90051,True,11,14,4,1,coin_overflow
smart,20265176,58,152506,True,9,13,11,2,coin_overflow
smart,20265177,52,130534,True,7,8,9,1,coin_overflow
smart,20265178,49,126125,True,7,8,8,1,coin_overflow
smart,20265179,49,127757,True,7,9,8,1,coin_overflow
smart,20265180,36,94507,True,9,12,5,0,coin_overflow
smart,20265181,39,105801,True,9,11,4,3,coin_overflow
smart,20265182,45,113111,True,9,13,6,3,coin_overflow
smart,20265183,31,79152,True,10,12,3,1,coin_overflow
smart,20265184,26,66126,True,9,11,1,1,coin_overflow
smart,20265185,35,94652,True,9,11,4,1,coin_overflow
smart,20265186,28,70257,True,9,10,1,2,coin_overflow
smart,20265187,33,81006,True,10,14,3,2,coin_overflow
smart,20265188,33,81032,True,7,11,2,2,coin_overflow
smart,20265189,38,103661,True,9,11,5,1,coin_overflow
smart,20265190,53,130706,True,10,11,9,3,coin_overflow
smart,20265191,36,96544,True,5,7,3,1,coin_overflow
smart,20265192,38,105422,True,6,8,4,1,coin_overflow
smart,20265193,36,89716,True,9,10,5,0,coin_overflow
smart,20265194,36,95651,True,8,12,4,1,coin_overflow
smart,20265195,34,88236,True,7,9,3,1,coin_overflow
smart,20265196,54,139056,True,12,13,12,0,coin_overflow
smart,20265197,52,127267,True,8,9,10,0,coin_overflow
smart,20265198,45,112624,True,6,8,7,0,coin_overflow
smart,20265199,28,76016,True,10,13,2,1,coin_overflow
smart,20265200,25,65556,True,10,12,1,1,coin_overflow
smart,20265201,54,129304,True,8,9,10,1,coin_overflow
smart,20265202,33,85551,True,11,13,4,1,coin_overflow
smart,20265203,34,83102,True,12,13,4,2,coin_overflow
smart,20265204,30,78004,True,11,12,3,1,coin_overflow
smart,20265205,31,79509,True,7,10,2,1,coin_overflow
smart,20265206,31,80016,True,11,13,4,0,coin_overflow
smart,20265207,45,117007,True,11,13,8,1,coin_overflow
smart,20265208,53,133574,True,6,8,9,1,coin_overflow
smart,20265209,31,81466,True,6,8,1,2,coin_overflow
smart,20265210,55,140581,True,9,10,10,2,coin_overflow
smart,20265211,40,99091,True,9,10,5,2,coin_overflow
smart,20265212,37,94103,True,8,12,5,0,coin_overflow
smart,20265213,31,78059,True,7,10,2,1,coin_overflow
smart,20265214,29,80612,True,9,11,2,1,coin_overflow
smart,20265215,38,101276,True,7,9,3,3,coin_overflow
smart,20265216,23,64102,True,12,13,1,1,coin_overflow
smart,20265217,27,63762,True,8,9,1,1,coin_overflow
smart,20265218,38,99166,True,7,11,5,0,coin_overflow
smart,20265219,52,139408,True,7,8,9,1,coin_overflow
smart,20265220,26,66212,True,6,11,0,1,coin_overflow
smart,20265221,56,140566,True,10,11,10,3,coin_overflow
smart,20265222,36,94613,True,8,10,4,1,coin_overflow
smart,20265223,34,83609,True,7,9,3,1,coin_overflow
smart,20265224,29,66206,True,9,12,2,1,coin_overflow
smart,20265225,29,65632,True,8,9,1,2,coin_overflow
smart,20265226,37,96271,True,8,10,5,0,coin_overflow
smart,20265227,26,65171,True,10,11,2,0,coin_overflow
smart,20265228,31,78027,True,10,11,3,1,coin_overflow
smart,20265229,41,110054,True,9,11,6,1,coin_overflow
smart,20265230,42,99656,True,9,11,7,0,coin_overflow
smart,20265231,34,84351,True,9,11,3,2,coin_overflow
smart,20265232,50,139206,True,11,12,9,2,coin_overflow
smart,20265233,31,79578,True,7,8,2,1,coin_overflow
smart,20265234,42,111624,True,6,8,4,3,coin_overflow
smart,20265235,36,91157,True,10,11,4,2,coin_overflow
smart,20265236,53,133061,True,11,13,10,2,coin_overflow
smart,20265237,39,104781,True,4,8,3,2,coin_overflow
smart,20265238,31,78162,True,10,11,3,1,coin_overflow
smart,20265239,36,94269,True,6,7,2,3,coin_overflow
smart,20265240,27,73131,True,10,11,1,2,coin_overflow
smart,20265241,21,57003,True,11,13,0,1,coin_overflow
smart,20265242,26,64117,True,10,11,2,0,coin_overflow
smart,20265243,50,130018,True,9,11,9,1,coin_overflow
smart,20265244,29,79516,True,11,12,2,2,coin_overflow
smart,20265245,32,82101,True,12,14,4,1,coin_overflow
smart,20265246,36,94117,True,6,11,4,0,coin_overflow
smart,20265247,23,54051,True,12,14,1,1,coin_overflow
smart,20265248,54,140134,True,7,8,9,2,coin_overflow
smart,20265249,41,100017,True,9,12,6,1,coin_overflow
smart,20265250,26,65541,True,9,10,1,1,coin_overflow
smart,20265251,57,147042,True,9,10,10,3,coin_overflow
smart,20265252,30,83117,True,10,11,2,2,coin_overflow
smart,20265253,40,99701,True,9,12,5,2,coin_overflow
smart,20265254,27,72601,True,12,13,3,0,coin_overflow
smart,20265255,49,122510,True,8,9,9,0,coin_overflow
smart,20265256,34,84131,True,8,11,2,3,coin_overflow
smart,20265257,28,77056,True,10,13,2,1,coin_overflow
smart,20265258,45,114902,True,8,9,7,1,coin_overflow
smart,20265259,33,81906,True,8,9,3,1,coin_overflow
smart,20265260,29,71508,True,8,11,1,2,coin_overflow
smart,20265261,29,78571,True,9,11,2,1,coin_overflow
smart,20265262,50,128627,True,5,9,7,2,coin_overflow
smart,20265263,49,127074,True,7,9,6,4,coin_overflow
smart,20265264,42,108004,True,7,12,5,2,coin_overflow
smart,20265265,30,69231,True,8,10,2,1,coin_overflow
smart,20265266,24,62301,True,10,12,0,2,coin_overflow
smart,20265267,42,111073,True,7,10,5,2,coin_overflow
smart,20265268,29,78146,True,6,9,1,1,coin_overflow
smart,20265269,50,125606,True,11,12,9,2,coin_overflow
smart,20265270,31,77516,True,11,12,4,0,coin_overflow
smart,20265271,38,99005,True,10,11,4,3,coin_overflow
smart,20265272,25,65506,True,11,13,2,0,coin_overflow
smart,20265273,35,97058,True,10,11,5,0,coin_overflow
smart,20265274,35,92641,True,8,9,3,2,coin_overflow
smart,20265275,38,94761,True,9,10,5,1,coin_overflow
smart,20265276,32,87656,True,8,11,2,2,coin_overflow
smart,20265277,45,123008,True,11,12,8,1,coin_overflow
smart,20265278,31,81031,True,11,12,4,0,coin_overflow
smart,20265279,48,128151,True,11,13,9,1,coin_overflow
smart,20265280,44,114323,True,6,8,6,1,coin_overflow
smart,20265281,40,105636,True,6,9,4,2,coin_overflow
smart,20265282,32,80252,True,9,11,3,1,coin_overflow
smart,20265283,34,89033,True,7,10,3,1,coin_overflow
smart,20265284,48,126104,True,9,11,7,3,coin_overflow
smart,20265285,27,70115,True,8,9,1,1,coin_overflow
smart,20265286,29,76261,True,10,11,3,0,coin_overflow
smart,20265287,33,92582,True,8,9,1,4,coin_overflow
smart,20265288,42,107510,True,7,9,5,2,coin_overflow
smart,20265289,45,122043,True,8,9,7,1,coin_overflow
smart,20265290,51,127361,True,9,10,10,0,coin_overflow
smart,20265291,35,93196,True,7,8,4,0,coin_overflow
smart,20265292,29,77152,True,7,12,2,0,coin_overflow
smart,20265293,58,139512,True,10,12,12,1,coin_overflow
smart,20265294,23,50111,True,12,13,1,1,coin_overflow
smart,20265295,37,94108,True,7,11,4,1,coin_overflow
smart,20265296,29,76506,True,12,13,3,1,coin_overflow
smart,20265297,31,78101,True,12,14,3,2,coin_overflow
smart,20265298,48,124457,True,5,8,7,1,coin_overflow
smart,20265299,31,77063,True,7,11,2,1,coin_overflow
smart,20265300,31,81022,True,9,12,2,2,coin_overflow
smart,20265301,38,107656,True,9,11,5,1,coin_overflow
smart,20265302,58,152103,True,7,12,11,1,coin_overflow
smart,20265303,30,78911,True,8,9,2,1,coin_overflow
smart,20265304,35,94011,True,10,14,5,0,coin_overflow
smart,20265305,24,65251,True,11,12,1,1,coin_overflow
smart,20265306,24,64551,True,12,13,2,0,coin_overflow
smart,20265307,29,65153,True,8,11,1,2,coin_overflow
smart,20265308,41,109273,True,7,8,4,3,coin_overflow
smart,20265309,39,97036,True,10,11,5,2,coin_overflow
smart,20265310,36,95212,True,9,11,5,0,coin_overflow
smart,20265311,46,125451,True,8,10,8,0,coin_overflow
smart,20265312,32,86206,True,8,12,2,2,coin_overflow
smart,20265313,31,84131,True,9,11,2,2,coin_overflow
smart,20265314,44,120019,True,9,10,7,1,coin_overflow
smart,20265315,33,87366,True,8,9,3,1,coin_overflow
smart,20265316,34,93162,True,9,11,3,2,coin_overflow
smart,20265317,44,112216,True,6,11,6,1,coin_overflow
smart,20265318,27,68622,True,8,10,1,1,coin_overflow
smart,20265319,34,93613,True,7,10,3,1,coin_overflow
smart,20265320,39,107572,True,9,10,4,3,coin_overflow
smart,20265321,46,115555,True,6,9,6,2,coin_overflow
smart,20265322,37,92311,True,7,11,4,1,coin_overflow
smart,20265323,29,79513,True,7,11,0,3,coin_overflow
smart,20265324,38,104178,True,6,8,4,1,coin_overflow
smart,20265325,31,80071,True,10,12,3,1,coin_overflow
smart,20265326,62,158037,True,8,10,12,2,coin_overflow
smart,20265327,34,89536,True,9,10,3,2,coin_overflow
smart,20265328,32,80861,True,8,9,2,2,coin_overflow
smart,20265329,35,84226,True,9,10,4,1,coin_overflow
smart,20265330,35,93557,True,9,11,4,1,coin_overflow
smart,20265331,43,109851,True,9,10,6,2,coin_overflow
smart,20265332,26,71202,True,9,12,1,1,coin_overflow
smart,20265333,51,131062,True,10,12,9,2,coin_overflow
smart,20265334,38,104041,True,8,11,4,2,coin_overflow
smart,20265335,34,93007,True,11,13,5,0,coin_overflow
smart,20265336,41,107522,True,7,11,4,3,coin_overflow
smart,20265337,27,74705,True,7,8,0,2,coin_overflow
smart,20265338,40,106171,True,10,11,6,1,coin_overflow
smart,20265339,38,103776,True,6,8,4,1,coin_overflow
smart,20265340,36,96154,True,8,10,4,1,coin_overflow
smart,20265341,41,108521,True,9,12,6,1,coin_overflow
smart,20265342,43,108508,True,8,11,7,0,coin_overflow
smart,20265343,25,63522,True,9,11,0,2,coin_overflow
smart,20265344,46,115207,True,6,11,6,2,coin_overflow
smart,20265345,32,82081,True,10,11,4,0,coin_overflow
smart,20265346,54,140007,True,8,13,10,1,coin_overflow
smart,20265347,51,127112,True,11,12,10,1,coin_overflow
smart,20265348,30,78182,True,8,9,2,1,coin_overflow
smart,20265349,31,78603,True,7,11,2,1,coin_overflow
smart,20265350,32,81606,True,10,12,4,0,coin_overflow
smart,20265351,31,79004,True,11,12,4,0,coin_overflow
smart,20265352,36,98152,True,11,12,5,1,coin_overflow
smart,20265353,33,81521,True,10,12,3,2,coin_overflow
smart,20265354,30,75516,True,11,12,3,1,coin_overflow
smart,20265355,42,109047,True,8,9,6,1,coin_overflow
smart,20265356,35,95807,True,6,9,3,1,coin_overflow
smart,20265357,31,78782,True,6,7,1,2,coin_overflow
smart,20265358,27,74101,True,7,14,0,2,coin_overflow
smart,20265359,29,78076,True,9,11,2,1,coin_overflow
smart,20265360,29,77751,True,8,11,1,2,coin_overflow
smart,20265361,36,90101,True,12,14,6,0,coin_overflow
smart,20265362,35,90601,True,8,13,3,2,coin_overflow
smart,20265363,33,85223,True,8,9,3,1,coin_overflow
smart,20265364,32,88231,True,9,10,3,1,coin_overflow
smart,20265365,37,95112,True,10,12,5,1,coin_overflow
smart,20265366,39,96721,True,8,10,5,1,coin_overflow
smart,20265367,35,94071,True,11,12,4,2,coin_overflow
smart,20265368,22,50512,True,11,12,1,0,coin_overflow
smart,20265369,26,72501,True,12,14,2,1,coin_overflow
smart,20265370,36,94553,True,6,11,2,3,coin_overflow
smart,20265371,24,61506,True,11,13,1,1,coin_overflow
smart,20265372,56,141043,True,8,9,10,2,coin_overflow
smart,20265373,37,96031,True,11,12,6,0,coin_overflow
smart,20265374,32,81103,True,9,12,3,1,coin_overflow
smart,20265375,38,96512,True,10,12,4,3,coin_overflow
smart,20265376,34,91511,True,10,13,4,1,coin_overflow
smart,20265377,61,159059,True,9,10,12,2,coin_overflow
smart,20265378,42,107104,True,8,11,6,1,coin_overflow
smart,20265379,33,88302,True,10,11,3,2,coin_overflow
smart,20265380,38,97007,True,7,13,3,3,coin_overflow
smart,20265381,39,96414,True,6,7,3,3,coin_overflow
smart,20265382,28,78119,True,8,9,2,0,coin_overflow
smart,20265383,39,97303,True,6,10,3,3,coin_overflow
smart,20265384,30,81286,True,7,8,1,2,coin_overflow
smart,20265385,33,88003,True,11,13,4,1,coin_overflow
smart,20265386,40,98536,True,7,10,5,1,coin_overflow
smart,20265387,35,97101,True,11,14,4,2,coin_overflow
smart,20265388,25,63123,True,9,10,0,2,coin_overflow
smart,20265389,46,114221,True,9,11,7,2,coin_overflow
smart,20265390,41,108192,True,6,8,5,1,coin_overflow
smart,20265391,51,129421,True,8,9,9,1,coin_overflow
smart,20265392,38,96961,True,5,8,3,2,coin_overflow
smart,20265393,37,96008,True,10,12,5,1,coin_overflow
smart,20265394,32,80086,True,6,10,2,1,coin_overflow
smart,20265395,29,70152,True,9,12,2,1,coin_overflow
smart,20265396,67,172051,True,12,14,15,2,coin_overflow
smart,20265397,54,135503,True,8,12,10,1,coin_overflow
smart,20265398,27,75206,True,11,12,2,1,coin_overflow
smart,20265399,30,68161,True,11,12,3,1,coin_overflow
smart,20265400,33,79601,True,11,13,4,1,coin_overflow
smart,20265401,53,138118,True,9,10,10,1,coin_overflow
smart,20265402,35,95019,True,8,10,3,2,coin_overflow
smart,20265403,44,112808,True,7,8,5,3,coin_overflow
smart,20265404,59,140226,True,9,10,12,1,coin_overflow
smart,20265405,39,110679,True,5,6,4,1,coin_overflow
smart,20265406,48,125623,True,8,9,8,1,coin_overflow
smart,20265407,30,77366,True,8,9,2,1,coin_overflow
smart,20265408,49,123010,True,9,10,8,2,coin_overflow
smart,20265409,25,62211,True,11,12,2,0,coin_overflow
smart,20265410,39,95907,True,7,8,4,2,coin_overflow
smart,20265411,34,86032,True,6,11,2,2,coin_overflow
smart,20265412,41,106401,True,9,11,6,1,coin_overflow
smart,20265413,31,79616,True,10,11,3,1,coin_overflow
smart,20265414,48,126137,True,8,9,8,1,coin_overflow
smart,20265415,28,76013,True,10,12,2,1,coin_overflow
smart,20265416,40,97458,True,6,7,4,2,coin_overflow
smart,20265417,48,126265,True,5,7,7,1,coin_overflow
smart,20265418,46,121041,True,7,11,7,1,coin_overflow
smart,20265419,32,78658,True,7,9,3,0,coin_overflow
smart,20265420,60,158561,True,10,12,12,2,coin_overflow
smart,20265421,35,94521,True,9,12,4,1,coin_overflow
smart,20265422,34,94111,True,10,13,4,1,coin_overflow
smart,20265423,42,110561,True,8,12,6,1,coin_overflow
smart,20265424,24,62151,True,12,13,2,0,coin_overflow
smart,20265425,52,134506,True,11,13,11,0,coin_overflow
smart,20265426,33,84252,True,8,11,3,1,coin_overflow
smart,20265427,42,112606,True,8,12,6,1,coin_overflow
smart,20265428,42,108132,True,8,10,6,1,coin_overflow
smart,20265429,28,66527,True,9,10,1,2,coin_overflow
smart,20265430,27,74531,True,10,11,1,2,coin_overflow
smart,20265431,37,94417,True,5,8,4,0,coin_overflow
smart,20265432,49,125104,True,10,11,9,1,coin_overflow
smart,20265433,34,94661,True,10,11,4,1,coin_overflow
smart,20265434,33,90018,True,10,11,3,2,coin_overflow
smart,20265435,41,111517,True,9,11,6,1,coin_overflow
smart,20265436,28,75003,True,9,13,1,2,coin_overflow
smart,20265437,49,126026,True,10,12,9,1,coin_overflow
smart,20265438,34,90711,True,10,11,4,1,coin_overflow
smart,20265439,29,81122,True,9,11,2,1,coin_overflow
smart,20265440,41,106007,True,12,13,7,1,coin_overflow
smart,20265441,37,97881,True,6,7,3,2,coin_overflow
smart,20265442,49,124703,True,7,10,8,1,coin_overflow
smart,20265443,35,93409,True,6,7,3,1,coin_overflow
smart,20265444,49,126035,True,6,8,7,2,coin_overflow
smart,20265445,27,74506,True,11,13,2,1,coin_overflow
smart,20265446,34,92456,True,7,9,3,1,coin_overflow
smart,20265447,35,93128,True,8,9,3,2,coin_overflow
smart,20265448,30,78001,True,14,15,4,1,coin_overflow
smart,20265449,28,76522,True,10,11,2,1,coin_overflow
smart,20265450,34,87157,True,8,11,2,3,coin_overflow
smart,20265451,33,83321,True,6,10,3,0,coin_overflow
smart,20265452,37,92024,True,9,10,4,2,coin_overflow
smart,20265453,38,94672,True,8,9,4,2,coin_overflow
smart,20265454,32,80518,True,8,10,2,2,coin_overflow
smart,20265455,29,79656,True,9,11,2,1,coin_overflow
smart,20265456,31,80521,True,9,12,2,2,coin_overflow
smart,20265457,38,95256,True,9,11,5,1,coin_overflow
smart,20265458,47,123352,True,9,10,8,1,coin_overflow
smart,20265459,29,71051,True,12,14,3,1,coin_overflow
smart,20265460,36,96611,True,9,12,5,0,coin_overflow
smart,20265461,25,65203,True,9,11,0,2,coin_overflow
smart,20265462,27,64511,True,11,13,2,1,coin_overflow
smart,20265463,42,107302,True,10,11,6,2,coin_overflow
smart,20265464,29,76656,True,10,11,3,0,coin_overflow
smart,20265465,29,78551,True,12,13,3,1,coin_overflow
smart,20265466,25,64051,True,13,14,2,1,coin_overflow
smart,20265467,41,99061,True,9,13,6,1,coin_overflow
smart,20265468,45,122226,True,9,10,8,0,coin_overflow
smart,20265469,50,124616,True,10,11,8,3,coin_overflow
smart,20265470,53,135704,True,8,9,9,2,coin_overflow
smart,20265471,32,79351,True,10,11,2,3,coin_overflow
smart,20265472,38,99317,True,8,9,4,2,coin_overflow
smart,20265473,51,127256,True,8,11,9,1,coin_overflow
smart,20265474,36,97152,True,8,12,4,1,coin_overflow
smart,20265475,48,115159,True,8,9,8,1,coin_overflow
smart,20265476,22,63202,True,10,12,0,1,coin_overflow
smart,20265477,36,90211,True,9,12,5,0,coin_overflow
smart,20265478,54,142067,True,8,11,10,1,coin_overflow
smart,20265479,43,110032,True,9,11,6,2,coin_overflow
smart,20265480,24,53502,True,11,13,1,1,coin_overflow
smart,20265481,38,104791,True,6,7,4,1,coin_overflow
smart,20265482,40,98027,True,9,11,5,2,coin_overflow
smart,20265483,32,81567,True,9,10,3,1,coin_overflow
smart,20265484,36,93667,True,7,9,3,2,coin_overflow
smart,20265485,21,50251,True,11,12,0,1,coin_overflow
smart,20265486,34,90801,True,6,11,2,2,coin_overflow
smart,20265487,33,84111,True,8,13,3,1,coin_overflow
smart,20265488,33,89851,True,8,10,3,1,coin_overflow
smart,20265489,29,79626,True,9,10,2,1,coin_overflow
smart,20265490,60,154131,True,8,11,12,1,coin_overflow
smart,20265491,34,81706,True,10,11,4,1,coin_overflow
smart,20265492,28,73162,True,10,11,2,1,coin_overflow
smart,20265493,39,106321,True,9,10,6,0,coin_overflow
smart,20265494,36,97215,True,7,8,3,2,coin_overflow
smart,20265495,34,91268,True,7,8,3,1,coin_overflow
smart,20265496,32,81005,True,8,11,2,2,coin_overflow
smart,20265497,31,79171,True,10,11,3,1,coin_overflow
smart,20265498,36,90562,True,10,11,4,2,coin_overflow
smart,20265499,40,108756,True,9,10,5,2,coin_overflow
smart,20265500,46,124156,True,7,12,5,4,coin_overflow
smart,20265501,36,94201,True,10,13,4,2,coin_overflow
smart,20265502,36,94716,True,9,10,5,0,coin_overflow
smart,20265503,46,121661,True,10,11,8,1,coin_overflow
smart,20265504,47,121065,True,7,9,6,3,coin_overflow
smart,20265505,46,115072,True,10,11,8,1,coin_overflow
smart,20265506,29,70201,True,12,13,3,1,coin_overflow
smart,20265507,33,93101,True,11,14,4,1,coin_overflow
smart,20265508,38,93509,True,8,10,4,2,coin_overflow
smart,20265509,37,93207,True,9,11,4,2,coin_overflow
smart,20265510,61,158004,True,9,12,12,2,coin_overflow
smart,20265511,37,94803,True,7,9,4,1,coin_overflow
smart,20265512,35,90611,True,7,12,4,0,coin_overflow
smart,20265513,42,108656,True,9,11,5,3,coin_overflow
smart,20265514,49,127201,True,10,13,9,1,coin_overflow
smart,20265515,54,142161,True,11,12,11,1,coin_overflow
smart,20265516,31,83206,True,9,12,2,2,coin_overflow
smart,20265517,42,111071,True,7,12,5,2,coin_overflow
smart,20265518,30,79601,True,11,13,3,1,coin_overflow
smart,20265519,41,98606,True,10,12,7,0,coin_overflow
smart,20265520,51,127062,True,10,12,9,2,coin_overflow
smart,20265521,33,90124,True,7,9,2,2,coin_overflow
smart,20265522,38,100188,True,4,7,2,3,coin_overflow
smart,20265523,30,81352,True,8,10,2,1,coin_overflow
smart,20265524,38,99456,True,8,9,4,2,coin_overflow
smart,20265525,49,127532,True,9,10,8,2,coin_overflow
smart,20265526,30,72004,True,10,12,2,2,coin_overflow
smart,20265527,24,62016,True,11,13,1,1,coin_overflow
smart,20265528,36,91076,True,9,11,5,0,coin_overflow
smart,20265529,39,102560,True,7,8,4,2,coin_overflow
smart,20265530,30,82541,True,9,10,1,3,coin_overflow
smart,20265531,44,114706,True,10,11,8,0,coin_overflow
smart,20265532,31,80307,True,9,10,2,2,coin_overflow
smart,20265533,40,107022,True,10,12,6,1,coin_overflow
smart,20265534,60,155522,True,8,11,12,1,coin_overflow
smart,20265535,38,96116,True,9,12,5,1,coin_overflow
smart,20265536,27,69062,True,10,12,1,2,coin_overflow
smart,20265537,47,121039,True,7,8,8,0,coin_overflow
smart,20265538,38,97254,True,8,9,4,2,coin_overflow
smart,20265539,29,75163,True,9,10,2,1,coin_overflow
smart,20265540,38,101066,True,10,12,6,0,coin_overflow
smart,20265541,31,80033,True,9,10,2,2,coin_overflow
smart,20265542,39,98003,True,5,13,4,1,coin_overflow
smart,20265543,54,141152,True,8,12,10,1,coin_overflow
smart,20265544,30,77836,True,6,7,2,0,coin_overflow
smart,20265545,30,76526,True,7,11,1,2,coin_overflow
smart,20265546,47,125509,True,8,10,7,2,coin_overflow
smart,20265547,43,110308,True,8,9,7,0,coin_overflow
smart,20265548,41,99501,True,6,14,5,1,coin_overflow
smart,20265549,27,67312,True,8,10,1,1,coin_overflow
smart,20265550,22,62711,True,10,11,0,1,coin_overflow
smart,20265551,34,94171,True,9,11,3,2,coin_overflow
smart,20265552,47,122089,True,6,7,7,1,coin_overflow
smart,20265553,49,126573,True,7,9,8,1,coin_overflow
smart,20265554,46,122008,True,8,12,6,3,coin_overflow
smart,20265555,32,81406,True,6,10,2,1,coin_overflow
smart,20265556,41,107536,True,9,10,6,1,coin_overflow
smart,20265557,32,83032,True,8,11,2,2,coin_overflow
smart,20265558,37,97517,True,10,11,5,1,coin_overflow
smart,20265559,34,88207,True,10,11,4,1,coin_overflow
smart,20265560,23,65001,True,12,15,1,1,coin_overflow
smart,20265561,37,98001,True,9,15,4,2,coin_overflow
smart,20265562,51,129055,True,8,10,9,1,coin_overflow
smart,20265563,40,101711,True,7,11,5,1,coin_overflow
smart,20265564,25,63311,True,9,11,0,2,coin_overflow
smart,20265565,25,63562,True,10,11,1,1,coin_overflow
smart,20265566,62,158921,True,7,8,11,3,coin_overflow
smart,20265567,37,95571,True,8,11,5,0,coin_overflow
smart,20265568,27,66603,True,10,11,1,2,coin_overflow
smart,20265569,28,76033,True,9,10,1,2,coin_overflow
smart,20265570,33,86636,True,7,9,2,2,coin_overflow
smart,20265571,29,76168,True,8,9,1,2,coin_overflow
smart,20265572,33,80102,True,11,13,4,1,coin_overflow
smart,20265573,44,111091,True,6,10,6,1,coin_overflow
smart,20265574,27,66803,True,7,9,0,2,coin_overflow
smart,20265575,34,92247,True,5,7,3,0,coin_overflow
smart,20265576,37,98101,True,8,14,3,3,coin_overflow
smart,20265577,35,94431,True,7,8,4,0,coin_overflow
smart,20265578,34,88120,True,6,8,2,2,coin_overflow
smart,20265579,41,106522,True,9,11,6,1,coin_overflow
smart,20265580,42,108566,True,8,11,6,1,coin_overflow
smart,20265581,40,101613,True,6,10,4,2,coin_overflow
smart,20265582,36,95401,True,8,11,4,1,coin_overflow
smart,20265583,41,106201,True,9,13,6,1,coin_overflow
smart,20265584,34,82511,True,12,13,4,2,coin_overflow
smart,20265585,35,90108,True,8,11,3,2,coin_overflow
smart,20265586,28,67111,True,12,13,2,2,coin_overflow
smart,20265587,49,124571,True,8,11,9,0,coin_overflow
smart,20265588,32,79652,True,8,11,2,2,coin_overflow
smart,20265589,35,94206,True,8,12,3,2,coin_overflow
smart,20265590,33,92806,True,9,10,4,0,coin_overflow
smart,20265591,26,65056,True,12,13,2,1,coin_overflow
smart,20265592,57,139003,True,9,13,12,0,coin_overflow
smart,20265593,55,143537,True,7,9,10,1,coin_overflow
smart,20265594,29,76004,True,7,12,0,3,coin_overflow
smart,20265595,56,143306,True,7,11,11,0,coin_overflow
smart,20265596,52,137501,True,11,14,9,3,coin_overflow
smart,20265597,34,91067,True,10,11,4,1,coin_overflow
smart,20265598,43,110353,True,7,9,6,1,coin_overflow
smart,20265599,32,89056,True,8,13,2,2,coin_overflow
smart,20265600,39,105002,True,10,14,5,2,coin_overflow
smart,20265601,34,89712,True,7,10,3,1,coin_overflow
smart,20265602,31,79021,True,7,13,2,1,coin_overflow
smart,20265603,31,75911,True,6,9,1,2,coin_overflow
smart,20265604,44,109806,True,8,10,6,2,coin_overflow
smart,20265605,26,69167,True,8,10,0,2,coin_overflow
smart,20265606,39,97181,True,5,10,4,1,coin_overflow
smart,20265607,40,105107,True,7,12,5,1,coin_overflow
smart,20265608,33,85508,True,10,11,3,2,coin_overflow
smart,20265609,67,172038,True,8,9,13,3,coin_overflow
smart,20265610,33,83127,True,8,10,3,1,coin_overflow
smart,20265611,40,107505,True,8,10,6,0,coin_overflow
smart,20265612,36,93611,True,11,12,5,1,coin_overflow
smart,20265613,38,107133,True,6,9,4,1,coin_overflow
smart,20265614,54,144611,True,6,12,8,3,coin_overflow
smart,20265615,39,97207,True,9,11,6,0,coin_overflow
smart,20265616,37,94227,True,8,9,5,0,coin_overflow
smart,20265617,44,110216,True,10,11,6,3,coin_overflow
smart,20265618,26,65202,True,11,12,1,2,coin_overflow
smart,20265619,51,132203,True,10,11,9,2,coin_overflow
smart,20265620,52,129553,True,10,11,10,1,coin_overflow
smart,20265621,47,113002,True,10,14,9,0,coin_overflow
smart,20265622,42,112037,True,9,10,7,0,coin_overflow
smart,20265623,35,91746,True,5,7,2,2,coin_overflow
smart,20265624,33,93204,True,9,10,4,0,coin_overflow
smart,20265625,36,92662,True,9,10,5,0,coin_overflow
smart,20265626,33,91656,True,9,11,2,3,coin_overflow
smart,20265627,25,63553,True,10,11,1,1,coin_overflow
smart,20265628,36,93031,True,11,12,5,1,coin_overflow
smart,20265629,37,95625,True,6,7,3,2,coin_overflow
smart,20265630,42,108566,True,8,11,6,1,coin_overflow
smart,20265631,28,66712,True,9,10,1,2,coin_overflow
smart,20265632,34,85660,True,6,7,2,2,coin_overflow
smart,20265633,23,53067,True,9,11,0,1,coin_overflow
smart,20265634,35,91539,True,6,7,3,1,coin_overflow
smart,20265635,28,69303,True,9,10,1,2,coin_overflow
smart,20265636,32,79261,True,8,11,2,2,coin_overflow
smart,20265637,37,94191,True,8,9,5,0,coin_overflow
smart,20265638,54,140061,True,9,13,9,3,coin_overflow
smart,20265639,21,52111,True,12,13,1,0,coin_overflow
smart,20265640,34,90509,True,8,10,4,0,coin_overflow
smart,20265641,45,122111,True,9,13,6,3,coin_overflow
smart,20265642,40,106107,True,11,12,7,0,coin_overflow
smart,20265643,38,105136,True,9,10,5,1,coin_overflow
smart,20265644,29,75201,True,10,13,3,0,coin_overflow
smart,20265645,40,107261,True,6,11,4,2,coin_overflow
smart,20265646,32,90526,True,9,11,3,1,coin_overflow
smart,20265647,35,89005,True,9,11,4,1,coin_overflow
smart,20265648,43,111357,True,8,9,7,0,coin_overflow
smart,20265649,36,92411,True,7,10,3,2,coin_overflow
smart,20265650,41,108078,True,6,9,5,1,coin_overflow
smart,20265651,51,134406,True,8,10,9,1,coin_overflow
smart,20265652,33,81301,True,11,12,4,1,coin_overflow
smart,20265653,53,141204,True,8,10,9,2,coin_overflow
smart,20265654,40,103237,True,7,8,5,1,coin_overflow
smart,20265655,22,61501,True,13,14,1,1,coin_overflow
smart,20265656,55,139554,True,8,10,9,3,coin_overflow
smart,20265657,50,127022,True,9,12,9,1,coin_overflow
smart,20265658,31,79066,True,9,12,2,2,coin_overflow
smart,20265659,49,128512,True,10,12,7,4,coin_overflow
smart,20265660,35,92106,True,9,13,4,1,coin_overflow
smart,20265661,34,90231,True,8,10,4,0,coin_overflow
smart,20265662,53,136205,True,8,9,9,2,coin_overflow
smart,20265663,31,80055,True,6,10,1,2,coin_overflow
smart,20265664,42,99654,True,7,9,5,2,coin_overflow
smart,20265665,47,124042,True,8,10,7,2,coin_overflow
smart,20265666,42,100205,True,6,9,6,0,coin_overflow
smart,20265667,32,78064,True,9,10,3,1,coin_overflow
smart,20265668,39,97012,True,10,13,5,2,coin_overflow
smart,20265669,28,78203,True,9,11,1,2,coin_overflow
smart,20265670,38,99356,True,8,10,4,2,coin_overflow
smart,20265671,28,77066,True,9,12,1,2,coin_overflow
smart,20265672,45,114556,True,8,12,7,1,coin_overflow
smart,20265673,47,121155,True,7,9,6,3,coin_overflow
smart,20265674,48,123407,True,7,9,7,2,coin_overflow
smart,20265675,34,91166,True,7,11,3,1,coin_overflow
smart,20265676,38,96556,True,11,12,5,2,coin_overflow
smart,20265677,31,80201,True,10,13,3,1,coin_overflow
smart,20265678,36,95006,True,13,14,5,2,coin_overflow
smart,20265679,42,110511,True,7,13,5,2,coin_overflow
smart,20265680,27,66031,True,11,12,2,1,coin_overflow
smart,20265681,43,111063,True,9,11,6,2,coin_overflow
smart,20265682,51,128321,True,7,10,8,2,coin_overflow
smart,20265683,46,122067,True,10,11,8,1,coin_overflow
smart,20265684,24,62031,True,11,12,1,1,coin_overflow
smart,20265685,35,94073,True,8,10,3,2,coin_overflow
smart,20265686,22,64157,True,10,11,0,1,coin_overflow
smart,20265687,33,90811,True,8,10,3,1,coin_overflow
smart,20265688,38,105037,True,8,10,4,2,coin_overflow
smart,20265689,38,97821,True,6,9,2,4,coin_overflow
smart,20265690,33,80663,True,7,9,2,2,coin_overflow
smart,20265691,45,110257,True,8,10,7,1,coin_overflow
smart,20265692,31,79553,True,9,11,2,2,coin_overflow
smart,20265693,39,95117,True,10,11,5,2,coin_overflow
smart,20265694,30,82106,True,10,13,2,2,coin_overflow
smart,20265695,35,94703,True,9,10,4,1,coin_overflow
smart,20265696,39,106018,True,8,11,5,1,coin_overflow
smart,20265697,43,111028,True,9,10,6,2,coin_overflow
smart,20265698,31,81256,True,7,11,2,1,coin_overflow
smart,20265699,50,136957,True,6,7,8,1,coin_overflow
smart,20265700,33,80209,True,8,9,3,1,coin_overflow
smart,20265701,32,80221,True,8,11,2,2,coin_overflow
smart,20265702,31,77046,True,6,10,1,2,coin_overflow
smart,20265703,37,91411,True,9,10,4,2,coin_overflow
smart,20265704,25,63027,True,9,11,0,2,coin_overflow
smart,20265705,38,95421,True,8,9,4,2,coin_overflow
smart,20265706,32,81401,True,9,11,3,1,coin_overflow
smart,20265707,44,118006,True,13,14,9,0,coin_overflow
smart,20265708,35,93071,True,6,12,3,1,coin_overflow
smart,20265709,34,86612,True,9,11,3,2,coin_overflow
smart,20265710,36,96631,True,8,10,4,1,coin_overflow
smart,20265711,34,90036,True,10,11,4,1,coin_overflow
smart,20265712,51,133806,True,8,10,9,1,coin_overflow
smart,20265713,43,109263,True,8,9,5,3,coin_overflow
smart,20265714,32,82004,True,9,12,3,1,coin_overflow
smart,20265715,38,106312,True,9,10,5,1,coin_overflow
smart,20265716,34,93108,True,10,11,4,1,coin_overflow
smart,20265717,38,94562,True,8,11,4,2,coin_overflow
smart,20265718,34,79052,True,11,13,5,0,coin_overflow
smart,20265719,64,165601,True,10,13,14,1,coin_overflow
smart,20265720,33,92515,True,7,9,2,2,coin_overflow
smart,20265721,52,137168,True,8,9,8,3,coin_overflow
smart,20265722,60,146013,True,8,12,12,1,coin_overflow
smart,20265723,53,136097,True,7,8,10,0,coin_overflow
smart,20265724,39,104812,True,8,9,5,1,coin_overflow
smart,20265725,34,86311,True,10,11,4,1,coin_overflow
smart,20265726,39,95505,True,9,10,6,0,coin_overflow
smart,20265727,31,78306,True,10,11,3,1,coin_overflow
smart,20265728,36,94151,True,12,13,6,0,coin_overflow
smart,20265729,26,72312,True,9,10,1,1,coin_overflow
smart,20265730,31,77266,True,7,10,2,1,coin_overflow
smart,20265731,44,113104,True,10,11,8,0,coin_overflow
smart,20265732,32,82087,True,8,9,2,2,coin_overflow
smart,20265733,24,65702,True,10,11,0,2,coin_overflow
smart,20265734,34,88356,True,8,10,4,0,coin_overflow
smart,20265735,39,99206,True,11,12,6,1,coin_overflow
smart,20265736,24,63561,True,11,12,1,1,coin_overflow
smart,20265737,55,139631,True,8,10,11,0,coin_overflow
smart,20265738,44,111077,True,8,10,6,2,coin_overflow
smart,20265739,27,69407,True,8,9,1,1,coin_overflow
smart,20265740,38,100311,True,9,11,5,1,coin_overflow
smart,20265741,51,129553,True,8,11,9,1,coin_overflow
smart,20265742,69,169002,True,12,14,15,3,coin_overflow
smart,20265743,37,93916,True,6,8,3,2,coin_overflow
smart,20265744,51,131604,True,8,10,9,1,coin_overflow
smart,20265745,50,127682,True,7,8,9,0,coin_overflow
smart,20265746,53,139164,True,7,9,10,0,coin_overflow
smart,20265747,38,99052,True,8,13,4,2,coin_overflow
smart,20265748,24,61603,True,10,11,0,2,coin_overflow
smart,20265749,25,63152,True,11,12,2,0,coin_overflow
smart,20265750,31,79396,True,5,6,2,0,coin_overflow
smart,20265751,72,184726,True,6,9,16,0,coin_overflow
smart,20265752,30,76561,True,11,12,3,1,coin_overflow
smart,20265753,27,76662,True,8,10,1,1,coin_overflow
smart,20265754,66,170758,True,7,8,13,2,coin_overflow
smart,20265755,30,82403,True,8,9,2,1,coin_overflow
smart,20265756,48,121307,True,9,10,9,0,coin_overflow
smart,20265757,36,96107,True,10,12,4,2,coin_overflow
smart,20265758,26,68051,True,11,14,1,2,coin_overflow
smart,20265759,25,64113,True,10,11,1,1,coin_overflow
smart,20265760,38,96611,True,7,12,5,0,coin_overflow
smart,20265761,31,79001,True,14,15,5,0,coin_overflow
smart,20265762,42,109271,True,8,10,6,1,coin_overflow
smart,20265763,51,138262,True,9,10,10,0,coin_overflow
smart,20265764,27,64517,True,10,11,1,2,coin_overflow
smart,20265765,33,81701,True,10,12,3,2,coin_overflow
smart,20265766,35,91501,True,9,14,4,1,coin_overflow
smart,20265767,38,102561,True,10,12,4,3,coin_overflow
smart,20265768,43,110912,True,7,8,6,1,coin_overflow
smart,20265769,56,150452,True,7,9,9,3,coin_overflow
smart,20265770,32,78001,True,8,15,2,2,coin_overflow
smart,20265771,50,130501,True,8,14,8,2,coin_overflow
smart,20265772,26,66168,True,8,9,0,2,coin_overflow
smart,20265773,36,89051,True,9,14,5,0,coin_overflow
smart,20265774,33,82208,True,9,10,2,3,coin_overflow
smart,20265775,22,53057,True,11,12,1,0,coin_overflow
smart,20265776,25,64707,True,9,10,0,2,coin_overflow
smart,20265777,38,94508,True,10,11,6,0,coin_overflow
smart,20265778,31,81116,True,7,12,2,1,coin_overflow
smart,20265779,49,127017,True,7,12,8,1,coin_overflow
smart,20265780,33,83103,True,9,12,2,3,coin_overflow
smart,20265781,46,127588,True,6,7,6,2,coin_overflow
smart,20265782,26,68126,True,7,11,1,0,coin_overflow
smart,20265783,32,84507,True,9,12,3,1,coin_overflow
smart,20265784,36,95051,True,10,14,4,2,coin_overflow
smart,20265785,38,95212,True,10,11,6,0,coin_overflow
smart,20265786,42,111031,True,11,12,7,1,coin_overflow
smart,20265787,31,77116,True,11,12,4,0,coin_overflow
smart,20265788,30,79702,True,7,11,1,2,coin_overflow
smart,20265789,26,66511,True,12,13,2,1,coin_overflow
smart,20265790,44,118614,True,8,9,6,2,coin_overflow
smart,20265791,28,74306,True,10,11,2,1,coin_overflow
smart,20265792,36,97166,True,8,11,4,1,coin_overflow
smart,20265793,44,114243,True,6,7,6,1,coin_overflow
smart,20265794,29,76556,True,8,12,1,2,coin_overflow
smart,20265795,36,93402,True,9,10,5,0,coin_overflow
smart,20265796,40,96707,True,8,10,4,3,coin_overflow
smart,20265797,26,68652,True,9,11,1,1,coin_overflow
smart,20265798,30,78509,True,8,10,2,1,coin_overflow
smart,20265799,37,94216,True,7,11,4,1,coin_overflow
smart,20265800,31,80107,True,9,12,2,2,coin_overflow
smart,20265801,49,128602,True,9,12,8,2,coin_overflow
smart,20265802,32,92056,True,9,13,3,1,coin_overflow
smart,20265803,92,234054,True,10,11,24,0,coin_overflow
smart,20265804,48,125408,True,6,8,8,0,coin_overflow
smart,20265805,39,107656,True,8,11,5,1,coin_overflow
smart,20265806,36,93051,True,10,14,4,2,coin_overflow
smart,20265807,40,107231,True,6,10,4,2,coin_overflow
smart,20265808,30,79756,True,9,10,3,0,coin_overflow
smart,20265809,38,98511,True,8,13,4,2,coin_overflow
smart,20265810,58,144066,True,10,12,12,1,coin_overflow
smart,20265811,46,114146,True,8,9,8,0,coin_overflow
smart,20265812,32,82552,True,10,12,4,0,coin_overflow
smart,20265813,25,64052,True,11,13,2,0,coin_overflow
smart,20265814,36,90254,True,8,9,4,1,coin_overflow
smart,20265815,31,80226,True,9,10,2,2,coin_overflow
smart,20265816,30,77147,True,5,8,1,1,coin_overflow
smart,20265817,41,106209,True,8,9,5,2,coin_overflow
smart,20265818,52,134661,True,10,11,10,1,coin_overflow
smart,20265819,33,83572,True,9,10,4,0,coin_overflow
smart,20265820,40,101011,True,9,14,5,2,coin_overflow
smart,20265821,28,68111,True,10,13,2,1,coin_overflow
smart,20265822,34,90018,True,10,11,4,1,coin_overflow
smart,20265823,49,123077,True,7,10,8,1,coin_overflow
smart,20265824,50,124556,True,9,12,9,1,coin_overflow
smart,20265825,37,96427,True,6,7,3,2,coin_overflow
smart,20265826,41,98502,True,9,13,6,1,coin_overflow
smart,20265827,28,77002,True,11,14,3,0,coin_overflow
smart,20265828,31,78452,True,8,9,1,3,coin_overflow
smart,20265829,23,61502,True,11,13,0,2,coin_overflow
smart,20265830,41,107301,True,9,12,6,1,coin_overflow
smart,20265831,44,110006,True,10,14,8,0,coin_overflow
smart,20265832,70,184601,True,11,13,15,3,coin_overflow
smart,20265833,46,115253,True,9,10,7,2,coin_overflow
smart,20265834,50,123111,True,11,13,9,2,coin_overflow
smart,20265835,30,81504,True,8,11,2,1,coin_overflow
smart,20265836,39,96218,True,6,9,3,3,coin_overflow
smart,20265837,59,156106,True,11,13,12,2,coin_overflow
smart,20265838,46,120175,True,6,7,6,2,coin_overflow
smart,20265839,44,111686,True,7,8,5,3,coin_overflow
smart,20265840,58,152136,True,9,10,11,2,coin_overflow
smart,20265841,32,89626,True,9,10,3,1,coin_overflow
smart,20265842,35,86446,True,4,6,1,3,coin_overflow
smart,20265843,37,96703,True,8,10,5,0,coin_overflow
smart,20265844,28,72612,True,9,11,1,2,coin_overflow
smart,20265845,34,83066,True,10,12,4,1,coin_overflow
smart,20265846,35,91757,True,7,9,2,3,coin_overflow
smart,20265847,37,93074,True,8,9,5,0,coin_overflow
smart,20265848,46,113507,True,7,12,7,1,coin_overflow
smart,20265849,37,93096,True,8,9,3,3,coin_overflow
smart,20265850,28,78216,True,8,11,2,0,coin_overflow
smart,20265851,26,63561,True,9,12,1,1,coin_overflow
smart,20265852,29,78507,True,11,12,2,2,coin_overflow
smart,20265853,54,142563,True,8,10,10,1,coin_overflow
smart,20265854,36,93008,True,11,12,5,1,coin_overflow
smart,20265855,39,107652,True,10,11,5,2,coin_overflow
smart,20265856,24,57076,True,10,11,0,2,coin_overflow
smart,20265857,31,78131,True,9,11,2,2,coin_overflow
smart,20265858,37,94652,True,9,11,4,2,coin_overflow
smart,20265859,33,79401,True,7,11,2,2,coin_overflow
smart,20265860,32,81801,True,7,11,3,0,coin_overflow
smart,20265861,24,63102,True,11,13,1,1,coin_overflow
smart,20265862,34,92156,True,10,12,4,1,coin_overflow
smart,20265863,41,110614,True,6,9,5,1,coin_overflow
smart,20265864,36,88118,True,9,10,5,0,coin_overflow
smart,20265865,43,109116,True,10,12,7,1,coin_overflow
smart,20265866,29,76206,True,11,12,2,2,coin_overflow
smart,20265867,35,92612,True,9,11,4,1,coin_overflow
smart,20265868,35,92953,True,6,7,3,1,coin_overflow
smart,20265869,34,87612,True,10,11,4,1,coin_overflow
smart,20265870,35,87113,True,6,11,3,1,coin_overflow
smart,20265871,33,83646,True,5,8,2,1,coin_overflow
smart,20265872,38,94052,True,9,13,5,1,coin_overflow
smart,20265873,26,67063,True,10,11,0,3,coin_overflow
smart,20265874,35,92509,True,9,10,4,1,coin_overflow
smart,20265875,32,83503,True,11,12,3,2,coin_overflow
smart,20265876,32,81052,True,9,13,3,1,coin_overflow
smart,20265877,40,109001,True,6,15,4,2,coin_overflow
smart,20265878,29,79561,True,11,12,2,2,coin_overflow
smart,20265879,33,84112,True,9,12,4,0,coin_overflow
smart,20265880,36,92054,True,10,11,4,2,coin_overflow
smart,20265881,41,112766,True,7,9,6,0,coin_overflow
smart,20265882,34,89505,True,9,10,3,2,coin_overflow
smart,20265883,59,155014,True,9,11,12,1,coin_overflow
smart,20265884,41,107181,True,6,10,5,1,coin_overflow
smart,20265885,57,148562,True,7,11,10,2,coin_overflow
smart,20265886,33,93155,True,7,9,2,2,coin_overflow
smart,20265887,42,110522,True,9,11,5,3,coin_overflow
smart,20265888,27,78581,True,9,10,0,3,coin_overflow
smart,20265889,61,156060,True,7,9,10,4,coin_overflow
smart,20265890,35,91532,True,9,10,4,1,coin_overflow
smart,20265891,38,98007,True,8,13,4,2,coin_overflow
smart,20265892,34,91014,True,7,11,3,1,coin_overflow
smart,20265893,39,93226,True,8,10,5,1,coin_overflow
smart,20265894,49,127081,True,9,11,8,2,coin_overflow
smart,20265895,36,91202,True,11,12,5,1,coin_overflow
smart,20265896,59,151173,True,8,9,11,2,coin_overflow
smart,20265897,31,77204,True,6,10,1,2,coin_overflow
smart,20265898,25,63504,True,10,11,1,1,coin_overflow
smart,20265899,48,121666,True,8,10,8,1,coin_overflow
smart,20265900,30,78026,True,9,12,3,0,coin_overflow
smart,20265901,42,108568,True,8,9,6,1,coin_overflow
smart,20265902,45,117191,True,7,9,6,2,coin_overflow
smart,20265903,29,78013,True,9,12,2,1,coin_overflow
smart,20265904,40,108153,True,10,11,6,1,coin_overflow
smart,20265905,32,80363,True,7,8,3,0,coin_overflow
smart,20265906,40,108502,True,9,13,5,2,coin_overflow
smart,20265907,47,119173,True,8,9,7,2,coin_overflow
smart,20265908,32,81082,True,9,10,3,1,coin_overflow
smart,20265909,31,82013,True,10,12,3,1,coin_overflow
smart,20265910,48,125706,True,8,11,8,1,coin_overflow
smart,20265911,41,108073,True,9,10,6,1,coin_overflow
smart,20265912,32,79127,True,8,10,2,2,coin_overflow
smart,20265913,53,128166,True,6,11,9,1,coin_overflow
smart,20265914,38,97113,True,9,11,5,1,coin_overflow
smart,20265915,33,78062,True,11,12,4,1,coin_overflow
smart,20265916,42,107072,True,9,11,7,0,coin_overflow
smart,20265917,33,79506,True,11,13,4,1,coin_overflow
smart,20265918,26,73201,True,12,13,2,1,coin_overflow
smart,20265919,36,93282,True,7,8,3,2,coin_overflow
smart,20265920,35,92131,True,7,11,4,0,coin_overflow
smart,20265921,35,93062,True,8,12,3,2,coin_overflow
smart,20265922,51,134501,True,11,14,10,1,coin_overflow
smart,20265923,36,93651,True,9,12,5,0,coin_overflow
smart,20265924,32,81876,True,5,7,1,2,coin_overflow
smart,20265925,42,110332,True,5,8,5,1,coin_overflow
smart,20265926,29,66116,True,9,12,2,1,coin_overflow
smart,20265927,31,82508,True,10,11,3,1,coin_overflow
smart,20265928,40,106009,True,7,11,5,1,coin_overflow
smart,20265929,33,84102,True,8,13,3,1,coin_overflow
smart,20265930,32,81656,True,10,11,4,0,coin_overflow
smart,20265931,24,64017,True,11,12,1,1,coin_overflow
smart,20265932,41,105016,True,10,13,7,0,coin_overflow
smart,20265933,32,79166,True,8,11,2,2,coin_overflow
smart,20265934,29,78616,True,9,11,2,1,coin_overflow
smart,20265935,32,83108,True,9,11,3,1,coin_overflow
smart,20265936,45,121717,True,8,9,7,1,coin_overflow
smart,20265937,35,93521,True,10,12,3,3,coin_overflow
smart,20265938,32,81102,True,9,13,3,1,coin_overflow
smart,20265939,38,96151,True,8,13,4,2,coin_overflow
smart,20265940,38,98902,True,8,9,4,2,coin_overflow
smart,20265941,31,79607,True,10,11,3,1,coin_overflow
smart,20265942,29,71092,True,7,9,2,0,coin_overflow
smart,20265943,55,138034,True,8,9,9,3,coin_overflow
smart,20265944,41,107121,True,11,12,6,2,coin_overflow
smart,20265945,34,85323,True,7,8,3,1,coin_overflow
smart,20265946,40,106426,True,7,8,5,1,coin_overflow
smart,20265947,61,158012,True,10,13,13,1,coin_overflow
smart,20265948,30,78061,True,12,13,2,3,coin_overflow
smart,20265949,51,127721,True,7,10,8,2,coin_overflow
smart,20265950,48,126053,True,11,12,9,1,coin_overflow
smart,20265951,36,91005,True,10,11,4,2,coin_overflow
smart,20265952,29,69142,True,8,9,1,2,coin_overflow
smart,20265953,36,95036,True,8,11,4,1,coin_overflow
smart,20265954,43,113571,True,9,11,6,2,coin_overflow
smart,20265955,53,137357,True,7,9,8,3,coin_overflow
smart,20265956,35,93536,True,9,10,4,1,coin_overflow
smart,20265957,32,82451,True,8,10,2,2,coin_overflow
smart,20265958,32,90607,True,10,11,4,0,coin_overflow
smart,20265959,70,186807,True,6,9,14,2,coin_overflow
smart,20265960,39,98094,True,5,7,4,1,coin_overflow
smart,20265961,28,76067,True,9,11,1,2,coin_overflow
smart,20265962,47,118092,True,5,9,6,2,coin_overflow
smart,20265963,32,78562,True,9,11,3,1,coin_overflow
smart,20265964,41,105526,True,10,11,7,0,coin_overflow
smart,20265965,26,70156,True,9,12,1,1,coin_overflow
smart,20265966,23,60216,True,10,11,1,0,coin_overflow
smart,20265967,42,105579,True,6,7,4,3,coin_overflow
smart,20265968,29,76806,True,7,10,0,3,coin_overflow
smart,20265969,21,60102,True,11,13,0,1,coin_overflow
smart,20265970,53,138552,True,10,12,11,0,coin_overflow
smart,20265971,52,132060,True,8,9,10,0,coin_overflow
smart,20265972,41,107568,True,7,9,6,0,coin_overflow
smart,20265973,47,129208,True,8,10,7,2,coin_overflow
smart,20265974,32,80123,True,9,10,3,1,coin_overflow
smart,20265975,40,106567,True,8,10,6,0,coin_overflow
smart,20265976,26,63504,True,10,11,2,0,coin_overflow
smart,20265977,42,108573,True,7,9,5,2,coin_overflow
smart,20265978,33,94102,True,11,13,4,1,coin_overflow
smart,20265979,24,61053,True,11,12,1,1,coin_overflow
smart,20265980,68,171204,True,9,10,15,1,coin_overflow
smart,20265981,35,90016,True,10,13,5,0,coin_overflow
smart,20265982,34,87256,True,10,11,4,1,coin_overflow
smart,20265983,31,80022,True,7,12,2,1,coin_overflow
smart,20265984,34,88062,True,11,12,3,3,coin_overflow
smart,20265985,42,104106,True,9,13,7,0,coin_overflow
smart,20265986,42,109123,True,7,10,5,2,coin_overflow
smart,20265987,34,82586,True,8,9,4,0,coin_overflow
smart,20265988,46,120219,True,7,8,7,1,coin_overflow
smart,20265989,40,100136,True,6,10,4,2,coin_overflow
smart,20265990,31,79002,True,10,14,3,1,coin_overflow
smart,20265991,29,71003,True,10,13,3,0,coin_overflow
smart,20265992,39,103576,True,8,10,5,1,coin_overflow
smart,20265993,38,97113,True,9,11,5,1,coin_overflow
smart,20265994,31,79127,True,9,10,2,2,coin_overflow
smart,20265995,35,96406,True,7,10,4,0,coin_overflow
smart,20265996,112,281001,True,13,15,29,4,coin_overflow
smart,20265997,29,81113,True,10,11,3,0,coin_overflow
smart,20265998,36,94126,True,8,11,4,1,coin_overflow
smart,20265999,33,91166,True,8,11,3,1,coin_overflow
smart,20266000,29,77111,True,11,13,2,2,coin_overflow
smart,20266001,50,130069,True,8,9,8,2,coin_overflow
smart,20266002,38,97173,True,8,9,4,2,coin_overflow
smart,20266003,28,67251,True,11,12,3,0,coin_overflow
smart,20266004,35,93704,True,6,9,3,1,coin_overflow
smart,20266005,36,94002,True,11,14,5,1,coin_overflow
smart,20266006,29,77617,True,9,10,2,1,coin_overflow
smart,20266007,34,89056,True,10,13,4,1,coin_overflow
smart,20266008,36,93361,True,8,10,2,4,coin_overflow
smart,20266009,40,97261,True,9,11,5,2,coin_overflow
smart,20266010,44,109161,True,11,12,7,2,coin_overflow
smart,20266011,34,84068,True,9,10,3,2,coin_overflow
smart,20266012,47,121104,True,10,11,9,0,coin_overflow
smart,20266013,26,65512,True,11,12,1,2,coin_overflow
smart,20266014,28,68516,True,6,12,0,2,coin_overflow
smart,20266015,32,83566,True,9,11,3,1,coin_overflow
smart,20266016,37,93292,True,6,7,3,2,coin_overflow
smart,20266017,37,94562,True,8,11,5,0,coin_overflow
smart,20266018,31,78003,True,11,13,4,0,coin_overflow
smart,20266019,34,92206,True,7,12,3,1,coin_overflow
smart,20266020,32,77501,True,11,14,3,2,coin_overflow
smart,20266021,49,125560,True,7,8,8,1,coin_overflow
smart,20266022,27,73517,True,10,11,1,2,coin_overflow
smart,20266023,36,96603,True,10,11,4,2,coin_overflow
smart,20266024,26,65301,True,9,12,1,1,coin_overflow
smart,20266025,35,86097,True,7,8,2,3,coin_overflow
smart,20266026,36,95301,True,11,12,5,1,coin_overflow
smart,20266027,34,85602,True,11,12,5,0,coin_overflow
smart,20266028,27,72581,True,8,10,1,1,coin_overflow
smart,20266029,30,77527,True,8,10,2,1,coin_overflow
smart,20266030,24,54557,True,10,11,0,2,coin_overflow
smart,20266031,24,63021,True,11,13,1,1,coin_overflow
smart,20266032,52,130721,True,8,10,8,3,coin_overflow
smart,20266033,30,74291,True,6,8,0,3,coin_overflow
smart,20266034,49,125018,True,8,11,9,0,coin_overflow
smart,20266035,64,165571,True,6,11,12,2,coin_overflow
smart,20266036,37,94707,True,9,10,4,2,coin_overflow
smart,20266037,28,78223,True,7,9,1,1,coin_overflow
smart,20266038,24,62111,True,12,13,0,3,coin_overflow
smart,20266039,30,76023,True,10,11,2,2,coin_overflow
smart,20266040,34,80103,True,10,12,4,1,coin_overflow
smart,20266041,57,147002,True,12,14,13,0,coin_overflow
smart,20266042,41,109756,True,8,10,5,2,coin_overflow
smart,20266043,25,63017,True,11,12,2,0,coin_overflow
smart,20266044,46,117061,True,12,13,8,2,coin_overflow
smart,20266045,42,107611,True,11,12,7,1,coin_overflow
smart,20266046,54,140267,True,8,9,10,1,coin_overflow
smart,20266047,41,108166,True,9,11,6,1,coin_overflow
smart,20266048,60,156107,True,9,12,11,3,coin_overflow
smart,20266049,42,101407,True,6,9,4,3,coin_overflow
smart,20266050,30,81221,True,8,11,2,1,coin_overflow
smart,20266051,30,78536,True,5,10,1,1,coin_overflow
smart,20266052,42,109061,True,12,13,6,3,coin_overflow
smart,20266053,43,111101,True,12,14,7,2,coin_overflow
smart,20266054,32,79011,True,13,14,5,0,coin_overflow
smart,20266055,34,86052,True,10,13,4,1,coin_overflow
smart,20266056,34,90617,True,9,10,3,2,coin_overflow
smart,20266057,34,90555,True,8,9,2,3,coin_overflow
smart,20266058,52,135016,True,11,13,11,0,coin_overflow
smart,20266059,40,103102,True,11,13,7,0,coin_overflow
smart,20266060,40,100205,True,8,9,4,3,coin_overflow
smart,20266061,46,119103,True,10,12,8,1,coin_overflow
smart,20266062,32,84587,True,6,8,2,1,coin_overflow
smart,20266063,57,142611,True,11,12,12,1,coin_overflow
smart,20266064,32,78681,True,7,9,3,0,coin_overflow
smart,20266065,51,137071,True,9,12,8,3,coin_overflow
smart,20266066,28,76632,True,8,9,2,0,coin_overflow
smart,20266067,37,98066,True,8,12,3,3,coin_overflow
smart,20266068,35,94532,True,9,10,4,1,coin_overflow
smart,20266069,37,94601,True,12,13,5,2,coin_overflow
smart,20266070,50,134001,True,11,15,9,2,coin_overflow
smart,20266071,71,191366,True,7,9,14,3,coin_overflow
smart,20266072,33,84042,True,8,10,3,1,coin_overflow
smart,20266073,41,111071,True,7,12,6,0,coin_overflow
smart,20266074,33,86122,True,10,11,3,2,coin_overflow
smart,20266075,47,126072,True,9,11,8,1,coin_overflow
smart,20266076,35,96262,True,9,10,4,1,coin_overflow
smart,20266077,44,108916,True,7,8,5,3,coin_overflow
smart,20266078,33,80186,True,8,9,3,1,coin_overflow
smart,20266079,35,85158,True,9,10,4,1,coin_overflow
smart,20266080,46,120054,True,6,11,6,2,coin_overflow
smart,20266081,29,69582,True,7,9,2,0,coin_overflow
smart,20266082,36,94206,True,7,12,3,2,coin_overflow
smart,20266083,49,127111,True,8,13,7,3,coin_overflow
smart,20266084,51,127251,True,8,12,9,1,coin_overflow
smart,20266085,36,89504,True,9,11,5,0,coin_overflow
smart,20266086,31,80302,True,9,11,2,2,coin_overflow
smart,20266087,29,78107,True,9,12,2,1,coin_overflow
smart,20266088,35,90225,True,6,7,3,1,coin_overflow
smart,20266089,47,123157,True,10,11,9,0,coin_overflow
smart,20266090,30,79107,True,6,12,0,3,coin_overflow
smart,20266091,39,100271,True,7,10,4,2,coin_overflow
smart,20266092,54,138032,True,8,11,10,1,coin_overflow
smart,20266093,45,114501,True,8,14,7,1,coin_overflow
smart,20266094,42,102762,True,6,9,6,0,coin_overflow
smart,20266095,28,71902,True,8,9,2,0,coin_overflow
smart,20266096,31,79122,True,10,11,3,1,coin_overflow
smart,20266097,35,93233,True,6,8,3,1,coin_overflow
smart,20266098,42,99001,True,11,15,7,1,coin_overflow
smart,20266099,36,94606,True,8,12,4,1,coin_overflow
smart,20266100,42,109142,True,7,9,5,2,coin_overflow
smart,20266101,47,125041,True,8,11,7,2,coin_overflow
smart,20266102,45,112021,True,11,13,8,1,coin_overflow
smart,20266103,32,80101,True,9,14,3,1,coin_overflow
smart,20266104,38,99513,True,9,11,5,1,coin_overflow
smart,20266105,25,63511,True,10,13,1,1,coin_overflow
smart,20266106,29,70502,True,6,13,1,1,coin_overflow
smart,20266107,31,79010,True,9,10,2,2,coin_overflow
smart,20266108,33,82003,True,12,13,5,0,coin_overflow
smart,20266109,36,91151,True,8,13,4,1,coin_overflow
smart,20266110,38,106112,True,9,12,5,1,coin_overflow
smart,20266111,38,95005,True,7,11,5,0,coin_overflow
smart,20266112,59,151856,True,6,9,11,1,coin_overflow
smart,20266113,27,66182,True,8,9,1,1,coin_overflow
smart,20266114,32,88751,True,9,11,3,1,coin_overflow
smart,20266115,31,77058,True,10,11,3,1,coin_overflow
smart,20266116,39,97502,True,10,13,5,2,coin_overflow
smart,20266117,43,107017,True,10,12,7,1,coin_overflow
smart,20266118,33,93111,True,12,13,3,3,coin_overflow
smart,20266119,37,98017,True,7,12,4,1,coin_overflow
smart,20266120,45,111086,True,8,10,7,1,coin_overflow
smart,20266121,39,97152,True,10,12,5,2,coin_overflow
smart,20266122,29,74172,True,6,10,1,1,coin_overflow
smart,20266123,28,76576,True,9,10,1,2,coin_overflow
smart,20266124,27,80021,True,8,13,1,1,coin_overflow
smart,20266125,27,75017,True,10,12,1,2,coin_overflow
smart,20266126,36,93616,True,7,11,3,2,coin_overflow
smart,20266127,36,94458,True,5,7,3,1,coin_overflow
smart,20266128,29,78037,True,9,10,2,1,coin_overflow
smart,20266129,26,73652,True,9,11,1,1,coin_overflow
smart,20266130,61,159102,True,9,13,12,2,coin_overflow
smart,20266131,28,74253,True,9,10,1,2,coin_overflow
smart,20266132,40,107002,True,13,14,7,1,coin_overflow
smart,20266133,40,110506,True,8,13,6,0,coin_overflow
smart,20266134,39,100428,True,4,6,3,2,coin_overflow
smart,20266135,39,95022,True,7,12,4,2,coin_overflow
smart,20266136,37,95136,True,7,10,4,1,coin_overflow
smart,20266137,30,79519,True,8,9,2,1,coin_overflow
smart,20266138,30,79508,True,10,11,2,2,coin_overflow
smart,20266139,33,89607,True,9,11,4,0,coin_overflow
smart,20266140,30,79323,True,7,8,1,2,coin_overflow
smart,20266141,47,124046,True,9,10,8,1,coin_overflow
smart,20266142,47,123206,True,9,12,8,1,coin_overflow
smart,20266143,49,126051,True,7,14,8,1,coin_overflow
smart,20266144,36,92066,True,8,12,4,1,coin_overflow
smart,20266145,48,127663,True,5,9,7,1,coin_overflow
smart,20266146,30,80553,True,9,11,3,0,coin_overflow
smart,20266147,38,98013,True,7,12,5,0,coin_overflow
smart,20266148,28,75063,True,9,11,1,2,coin_overflow
smart,20266149,33,85059,True,8,10,3,1,coin_overflow
smart,20266150,45,115013,True,10,12,7,2,coin_overflow
smart,20266151,35,96018,True,9,11,4,1,coin_overflow
smart,20266152,61,156563,True,7,10,12,1,coin_overflow
smart,20266153,33,83722,True,8,9,3,1,coin_overflow
smart,20266154,40,111504,True,7,11,5,1,coin_overflow
smart,20266155,37,95816,True,7,9,4,1,coin_overflow
smart,20266156,47,123108,True,10,11,7,3,coin_overflow
smart,20266157,32,80316,True,9,10,3,1,coin_overflow
smart,20266158,33,80636,True,4,9,1,2,coin_overflow
smart,20266159,32,76060,True,7,9,3,0,coin_overflow
smart,20266160,38,97281,True,6,9,4,1,coin_overflow
smart,20266161,49,122004,True,11,12,10,0,coin_overflow
smart,20266162,43,107102,True,10,13,7,1,coin_overflow
smart,20266163,47,122536,True,9,10,8,1,coin_overflow
smart,20266164,41,106167,True,8,10,5,2,coin_overflow
smart,20266165,28,78516,True,10,12,2,1,coin_overflow
smart,20266166,35,84108,True,9,11,4,1,coin_overflow
smart,20266167,22,64011,True,13,14,1,1,coin_overflow
smart,20266168,35,91553,True,10,11,5,0,coin_overflow
smart,20266169,25,64721,True,9,10,0,2,coin_overflow
smart,20266170,31,81041,True,9,11,2,2,coin_overflow
smart,20266171,42,107323,True,7,8,5,2,coin_overflow
smart,20266172,38,99556,True,7,12,3,3,coin_overflow
smart,20266173,33,92802,True,7,10,2,2,coin_overflow
smart,20266174,37,95575,True,6,7,3,2,coin_overflow
smart,20266175,49,126563,True,7,10,8,1,coin_overflow
smart,20266176,34,84401,True,10,11,4,1,coin_overflow
smart,20266177,27,79211,True,10,12,1,2,coin_overflow
smart,20266178,36,86574,True,7,8,3,2,coin_overflow
smart,20266179,38,96063,True,8,11,4,2,coin_overflow
smart,20266180,34,81105,True,8,10,4,0,coin_overflow
smart,20266181,30,82004,True,10,12,2,2,coin_overflow
smart,20266182,21,52003,True,11,13,0,1,coin_overflow
smart,20266183,34,86162,True,7,11,3,1,coin_overflow
smart,20266184,31,79523,True,9,10,2,2,coin_overflow
smart,20266185,33,82013,True,11,12,4,1,coin_overflow
smart,20266186,36,96055,True,8,10,4,1,coin_overflow
smart,20266187,41,107126,True,9,11,6,1,coin_overflow
smart,20266188,32,85761,True,8,10,2,2,coin_overflow
smart,20266189,46,123007,True,11,13,7,3,coin_overflow
smart,20266190,38,97181,True,6,10,4,1,coin_overflow
smart,20266191,47,113501,True,9,14,8,1,coin_overflow
smart,20266192,27,68521,True,11,12,2,1,coin_overflow
smart,20266193,37,95507,True,11,12,4,3,coin_overflow
smart,20266194,32,87572,True,9,10,3,1,coin_overflow
smart,20266195,45,123014,True,10,11,7,2,coin_overflow
smart,20266196,31,81151,True,10,13,3,1,coin_overflow
smart,20266197,37,96502,True,9,13,4,2,coin_overflow
smart,20266198,40,98303,True,8,10,6,0,coin_overflow
smart,20266199,29,77516,True,9,12,2,1,coin_overflow
smart,20266200,29,70501,True,12,14,3,1,coin_overflow
smart,20266201,33,86461,True,8,9,3,1,coin_overflow
smart,20266202,42,111251,True,10,12,6,2,coin_overflow
smart,20266203,26,67222,True,9,10,1,1,coin_overflow
smart,20266204,48,125421,True,7,9,7,2,coin_overflow
smart,20266205,41,99306,True,8,11,5,2,coin_overflow
smart,20266206,29,70181,True,9,10,2,1,coin_overflow
smart,20266207,35,91551,True,12,13,5,1,coin_overflow
smart,20266208,27,65711,True,10,11,1,2,coin_overflow
smart,20266209,66,172191,True,8,9,14,1,coin_overflow
smart,20266210,33,86053,True,11,12,4,1,coin_overflow
smart,20266211,25,67616,True,9,11,0,2,coin_overflow
smart,20266212,27,67026,True,10,12,1,2,coin_overflow
smart,20266213,40,96901,True,9,10,5,2,coin_overflow
smart,20266214,27,66336,True,7,8,0,2,coin_overflow
smart,20266215,26,65053,True,10,12,2,0,coin_overflow
smart,20266216,29,66262,True,9,10,2,1,coin_overflow
smart,20266217,27,79052,True,9,13,0,3,coin_overflow
smart,20266218,32,78103,True,10,12,2,3,coin_overflow
smart,20266219,35,93025,True,7,9,4,0,coin_overflow
smart,20266220,46,124851,True,7,10,7,1,coin_overflow
smart,20266221,32,82217,True,9,10,3,1,coin_overflow
smart,20266222,29,77401,True,9,11,2,1,coin_overflow
smart,20266223,54,142159,True,8,9,10,1,coin_overflow
smart,20266224,44,112156,True,9,12,7,1,coin_overflow
smart,20266225,59,150619,True,7,8,12,0,coin_overflow
smart,20266226,29,76356,True,9,10,2,1,coin_overflow
smart,20266227,42,110076,True,8,11,6,1,coin_overflow
smart,20266228,53,139213,True,8,10,9,2,coin_overflow
smart,20266229,37,97072,True,9,11,4,2,coin_overflow
smart,20266230,29,74012,True,12,13,3,1,coin_overflow
smart,20266231,33,84510,True,8,9,3,1,coin_overflow
smart,20266232,67,176012,True,12,13,15,2,coin_overflow
smart,20266233,33,92513,True,9,11,4,0,coin_overflow
smart,20266234,52,142602,True,8,12,10,0,coin_overflow
smart,20266235,36,95257,True,9,10,5,0,coin_overflow
smart,20266236,31,78618,True,8,9,3,0,coin_overflow
smart,20266237,42,108908,True,6,7,6,0,coin_overflow
smart,20266238,50,125162,True,10,11,10,0,coin_overflow
smart,20266239,39,100626,True,7,10,4,2,coin_overflow
smart,20266240,36,94704,True,8,9,4,1,coin_overflow
smart,20266241,39,95207,True,9,11,6,0,coin_overflow
smart,20266242,31,81255,True,6,8,1,2,coin_overflow
smart,20266243,51,125034,True,8,9,9,1,coin_overflow
smart,20266244,44,111306,True,10,11,8,0,coin_overflow
smart,20266245,27,77511,True,10,13,1,2,coin_overflow
smart,20266246,26,75131,True,9,11,1,1,coin_overflow
smart,20266247,28,73557,True,7,11,1,1,coin_overflow
smart,20266248,32,83111,True,12,13,4,1,coin_overflow
smart,20266249,33,79532,True,8,10,3,1,coin_overflow
smart,20266250,22,64101,True,12,14,0,2,coin_overflow
smart,20266251,31,80008,True,10,12,3,1,coin_overflow
smart,20266252,51,133114,True,7,10,8,2,coin_overflow
smart,20266253,36,95203,True,8,11,4,1,coin_overflow
smart,20266254,39,106658,True,6,9,3,3,coin_overflow
smart,20266255,36,96128,True,7,9,3,2,coin_overflow
smart,20266256,54,139656,True,5,11,9,1,coin_overflow
smart,20266257,44,115336,True,7,8,7,0,coin_overflow
smart,20266258,47,121064,True,8,10,7,2,coin_overflow
smart,20266259,29,80502,True,9,13,2,1,coin_overflow
smart,20266260,33,81556,True,11,12,4,1,coin_overflow
smart,20266261,28,68001,True,9,15,1,2,coin_overflow
smart,20266262,39,100659,True,7,8,4,2,coin_overflow
smart,20266263,34,84106,True,10,13,4,1,coin_overflow
smart,20266264,33,83562,True,8,11,3,1,coin_overflow
smart,20266265,37,97033,True,7,10,4,1,coin_overflow
smart,20266266,38,93516,True,10,12,6,0,coin_overflow
smart,20266267,36,95258,True,8,9,4,1,coin_overflow
smart,20266268,29,79554,True,9,10,2,1,coin_overflow
smart,20266269,50,127026,True,8,12,8,2,coin_overflow
smart,20266270,48,126202,True,11,12,9,1,coin_overflow
smart,20266271,37,95152,True,10,12,5,1,coin_overflow
smart,20266272,42,107113,True,8,11,6,1,coin_overflow
smart,20266273,33,79801,True,6,11,1,3,coin_overflow
smart,20266274,35,96007,True,11,13,4,2,coin_overflow
smart,20266275,59,154651,True,5,12,10,2,coin_overflow
smart,20266276,42,112014,True,10,11,6,2,coin_overflow
smart,20266277,48,117136,True,9,10,9,0,coin_overflow
smart,20266278,86,218031,True,11,12,21,2,coin_overflow
smart,20266279,29,77027,True,9,11,2,1,coin_overflow
smart,20266280,34,85066,True,9,12,3,2,coin_overflow
smart,20266281,35,88586,True,7,9,4,0,coin_overflow
smart,20266282,40,98552,True,11,12,7,0,coin_overflow
smart,20266283,46,119502,True,12,13,8,2,coin_overflow
smart,20266284,26,64106,True,12,13,2,1,coin_overflow
smart,20266285,39,97806,True,9,10,4,3,coin_overflow
smart,20266286,28,66060,True,8,9,2,0,coin_overflow
smart,20266287,20,50502,True,12,13,0,1,coin_overflow
smart,20266288,34,86011,True,13,14,5,1,coin_overflow
smart,20266289,37,94881,True,6,7,3,2,coin_overflow
smart,20266290,40,95187,True,7,8,5,1,coin_overflow
smart,20266291,32,81903,True,6,8,2,1,coin_overflow
smart,20266292,41,99031,True,11,12,6,2,coin_overflow
smart,20266293,37,95651,True,11,12,6,0,coin_overflow
smart,20266294,49,125601,True,10,13,9,1,coin_overflow
smart,20266295,27,74034,True,8,9,1,1,coin_overflow
smart,20266296,31,77102,True,9,13,2,2,coin_overflow
smart,20266297,37,94009,True,10,11,5,1,coin_overflow
smart,20266298,39,98023,True,9,11,6,0,coin_overflow
smart,20266299,29,75306,True,10,11,3,0,coin_overflow
smart,20266300,34,83181,True,9,10,3,2,coin_overflow
smart,20266301,37,96753,True,8,9,3,3,coin_overflow
smart,20266302,27,66004,True,10,12,1,2,coin_overflow
smart,20266303,28,71316,True,8,10,0,3,coin_overflow
smart,20266304,33,89653,True,8,10,3,1,coin_overflow
smart,20266305,39,98121,True,8,12,5,1,coin_overflow
smart,20266306,27,70534,True,7,8,0,2,coin_overflow
smart,20266307,34,91573,True,7,9,3,1,coin_overflow
smart,20266308,27,77202,True,10,12,1,2,coin_overflow
smart,20266309,34,89616,True,10,11,4,1,coin_overflow
smart,20266310,61,155421,True,6,9,11,2,coin_overflow
smart,20266311,47,124762,True,7,9,8,0,coin_overflow
smart,20266312,35,83166,True,7,11,4,0,coin_overflow
smart,20266313,25,66011,True,13,14,2,1,coin_overflow
smart,20266314,71,176225,True,6,7,15,1,coin_overflow
smart,20266315,40,104671,True,8,10,6,0,coin_overflow
smart,20266316,33,82603,True,8,11,3,1,coin_overflow
smart,20266317,34,88517,True,6,11,2,2,coin_overflow
smart,20266318,58,152662,True,8,10,12,0,coin_overflow
smart,20266319,24,63057,True,11,12,1,1,coin_overflow
smart,20266320,37,94152,True,10,12,5,1,coin_overflow
smart,20266321,50,127525,True,7,8,7,3,coin_overflow
smart,20266322,30,78501,True,12,14,4,0,coin_overflow
smart,20266323,30,76592,True,7,8,1,2,coin_overflow
smart,20266324,59,150111,True,12,13,13,1,coin_overflow
smart,20266325,29,78556,True,9,12,2,1,coin_overflow
smart,20266326,46,113901,True,8,10,8,0,coin_overflow
smart,20266327,31,79526,True,10,11,3,1,coin_overflow
smart,20266328,34,90211,True,11,12,5,0,coin_overflow
smart,20266329,62,156951,True,7,9,13,0,coin_overflow
smart,20266330,31,79726,True,8,9,3,0,coin_overflow
smart,20266331,43,109238,True,6,7,5,2,coin_overflow
smart,20266332,44,112536,True,6,10,6,1,coin_overflow
smart,20266333,25,64557,True,10,11,1,1,coin_overflow
smart,20266334,32,78808,True,5,8,1,2,coin_overflow
smart,20266335,34,92801,True,10,11,4,1,coin_overflow
smart,20266336,48,124108,True,8,11,8,1,coin_overflow
smart,20266337,37,96211,True,10,12,5,1,coin_overflow
smart,20266338,36,96102,True,11,13,5,1,coin_overflow
smart,20266339,44,111031,True,9,12,7,1,coin_overflow
smart,20266340,25,64112,True,10,12,1,1,coin_overflow
smart,20266341,41,100152,True,9,12,6,1,coin_overflow
smart,20266342,34,84271,True,9,10,3,2,coin_overflow
smart,20266343,35,97706,True,10,11,5,0,coin_overflow
smart,20266344,33,83623,True,8,9,3,1,coin_overflow
smart,20266345,23,62126,True,9,11,0,1,coin_overflow
smart,20266346,28,66531,True,10,11,2,1,coin_overflow
smart,20266347,22,60551,True,12,13,0,2,coin_overflow
smart,20266348,32,79067,True,9,11,3,1,coin_overflow
smart,20266349,44,112314,True,6,8,6,1,coin_overflow
smart,20266350,33,91301,True,11,12,4,1,coin_overflow
smart,20266351,47,124082,True,9,10,8,1,coin_overflow
smart,20266352,39,101693,True,5,6,4,1,coin_overflow
smart,20266353,31,79505,True,9,10,2,2,coin_overflow
smart,20266354,42,99515,True,8,9,6,1,coin_overflow
smart,20266355,25,63012,True,11,13,2,0,coin_overflow
smart,20266356,27,75017,True,9,12,2,0,coin_overflow
smart,20266357,24,57061,True,11,13,1,1,coin_overflow
smart,20266358,30,76722,True,8,9,2,1,coin_overflow
smart,20266359,26,65007,True,12,13,2,1,coin_overflow
smart,20266360,58,144062,True,10,12,12,1,coin_overflow
smart,20266361,34,93502,True,10,13,4,1,coin_overflow
smart,20266362,30,78406,True,8,10,2,1,coin_overflow
smart,20266363,41,109152,True,7,12,6,0,coin_overflow
smart,20266364,43,110026,True,7,12,6,1,coin_overflow
smart,20266365,31,79404,True,7,8,2,1,coin_overflow
smart,20266366,45,124108,True,8,11,7,1,coin_overflow
smart,20266367,30,78767,True,6,8,2,0,coin_overflow
smart,20266368,32,78506,True,8,13,2,2,coin_overflow
smart,20266369,37,94287,True,6,7,3,2,coin_overflow
smart,20266370,36,92009,True,10,11,4,2,coin_overflow
smart,20266371,35,94226,True,9,10,4,1,coin_overflow
smart,20266372,52,133008,True,5,12,9,0,coin_overflow
smart,20266373,53,134152,True,7,12,10,0,coin_overflow
smart,20266374,57,150514,True,7,10,10,2,coin_overflow
smart,20266375,29,74601,True,12,13,3,1,coin_overflow
smart,20266376,24,55551,True,11,13,1,1,coin_overflow
smart,20266377,37,95011,True,11,14,4,3,coin_overflow
smart,20266378,32,77563,True,9,10,3,1,coin_overflow
smart,20266379,29,76524,True,7,9,2,0,coin_overflow
smart,20266380,49,128007,True,11,13,8,3,coin_overflow
smart,20266381,44,110131,True,9,11,7,1,coin_overflow
smart,20266382,28,77003,True,9,13,1,2,coin_overflow
smart,20266383,56,142081,True,8,11,10,2,coin_overflow
smart,20266384,34,82302,True,8,11,4,0,coin_overflow
smart,20266385,86,218401,True,8,11,20,2,coin_overflow
smart,20266386,47,112931,True,6,7,7,1,coin_overflow
smart,20266387,27,66071,True,8,12,1,1,coin_overflow
smart,20266388,33,83518,True,7,10,2,2,coin_overflow
smart,20266389,36,93107,True,10,12,4,2,coin_overflow
smart,20266390,46,120422,True,4,8,6,1,coin_overflow
smart,20266391,45,113523,True,9,10,6,3,coin_overflow
smart,20266392,53,144416,True,8,9,9,2,coin_overflow
smart,20266393,44,107232,True,8,9,6,2,coin_overflow
smart,20266394,57,153691,True,6,8,11,0,coin_overflow
smart,20266395,49,129862,True,6,8,7,2,coin_overflow
smart,20266396,26,67111,True,11,13,1,2,coin_overflow
smart,20266397,30,79701,True,11,12,3,1,coin_overflow
smart,20266398,27,65201,True,10,13,1,2,coin_overflow
smart,20266399,79,203178,True,7,8,18,1,coin_overflow
smart,20266400,29,71862,True,6,8,1,1,coin_overflow
smart,20266401,30,80307,True,9,10,3,0,coin_overflow
smart,20266402,22,64511,True,12,13,0,2,coin_overflow
smart,20266403,33,81502,True,12,13,5,0,coin_overflow
smart,20266404,32,81151,True,8,13,2,2,coin_overflow
smart,20266405,33,87412,True,8,9,3,1,coin_overflow
smart,20266406,34,83501,True,10,14,4,1,coin_overflow
smart,20266407,34,91008,True,11,12,5,0,coin_overflow
smart,20266408,30,78251,True,10,12,2,2,coin_overflow
smart,20266409,28,78104,True,9,11,1,2,coin_overflow
smart,20266410,27,72616,True,10,11,1,2,coin_overflow
smart,20266411,44,110907,True,7,8,5,3,coin_overflow
smart,20266412,41,110507,True,8,12,5,2,coin_overflow
smart,20266413,40,105583,True,7,8,5,1,coin_overflow
smart,20266414,35,95026,True,8,12,3,2,coin_overflow
smart,20266415,40,107031,True,8,12,6,0,coin_overflow
smart,20266416,33,79606,True,11,12,4,1,coin_overflow
smart,20266417,28,75531,True,9,11,1,2,coin_overflow
smart,20266418,27,65131,True,10,11,1,2,coin_overflow
smart,20266419,28,73173,True,8,9,2,0,coin_overflow
smart,20266420,47,121701,True,9,12,8,1,coin_overflow
smart,20266421,48,125513,True,10,11,8,2,coin_overflow
smart,20266422,27,66186,True,8,9,1,1,coin_overflow
smart,20266423,39,107128,True,8,9,5,1,coin_overflow
smart,20266424,35,84001,True,14,15,5,2,coin_overflow
smart,20266425,30,78901,True,8,10,2,1,coin_overflow
smart,20266426,46,123201,True,11,13,9,0,coin_overflow
smart,20266427,36,94306,True,10,11,4,2,coin_overflow
smart,20266428,36,91601,True,9,13,5,0,coin_overflow
smart,20266429,40,106392,True,5,6,3,3,coin_overflow
smart,20266430,33,89515,True,8,9,3,1,coin_overflow
smart,20266431,41,109023,True,10,11,7,0,coin_overflow
smart,20266432,25,64402,True,9,10,0,2,coin_overflow
smart,20266433,39,95201,True,10,13,5,2,coin_overflow
smart,20266434,45,110111,True,8,13,7,1,coin_overflow
smart,20266435,60,155056,True,12,13,12,3,coin_overflow
smart,20266436,29,70003,True,6,13,1,1,coin_overflow
smart,20266437,31,79503,True,11,12,2,3,coin_overflow
smart,20266438,53,136906,True,7,9,10,0,coin_overflow
smart,20266439,32,80866,True,7,8,1,3,coin_overflow
smart,20266440,46,115607,True,8,11,6,3,coin_overflow
smart,20266441,45,119167,True,6,10,5,3,coin_overflow
smart,20266442,49,127519,True,8,9,7,3,coin_overflow
smart,20266443,29,80512,True,11,12,2,2,coin_overflow
smart,20266444,36,93508,True,10,11,4,2,coin_overflow
smart,20266445,35,96021,True,11,13,4,2,coin_overflow
smart,20266446,25,63521,True,10,12,1,1,coin_overflow
smart,20266447,39,94541,True,8,10,5,1,coin_overflow
smart,20266448,46,116117,True,5,11,7,0,coin_overflow
smart,20266449,50,135554,True,9,10,9,1,coin_overflow
smart,20266450,46,122167,True,9,10,7,2,coin_overflow
smart,20266451,50,128612,True,8,11,8,2,coin_overflow
smart,20266452,56,138026,True,6,12,10,1,coin_overflow
smart,20266453,38,104801,True,10,11,6,0,coin_overflow
smart,20266454,23,62501,True,13,14,2,0,coin_overflow
smart,20266455,35,94531,True,10,11,5,0,coin_overflow
smart,20266456,28,78256,True,7,11,1,1,coin_overflow
smart,20266457,37,98072,True,10,11,5,1,coin_overflow
smart,20266458,36,94611,True,10,12,4,2,coin_overflow
smart,20266459,52,131026,True,8,12,10,0,coin_overflow
smart,20266460,39,103052,True,9,13,6,0,coin_overflow
smart,20266461,36,84052,True,12,13,6,0,coin_overflow
smart,20266462,28,73302,True,10,11,2,1,coin_overflow
smart,20266463,27,66522,True,8,11,1,1,coin_overflow
smart,20266464,27,65074,True,7,9,0,2,coin_overflow
smart,20266465,60,157606,True,9,12,13,0,coin_overflow
smart,20266466,26,66107,True,10,12,2,0,coin_overflow
smart,20266467,41,108085,True,6,7,5,1,coin_overflow
smart,20266468,38,96052,True,12,13,6,1,coin_overflow
smart,20266469,30,80101,True,13,14,3,2,coin_overflow
smart,20266470,56,139053,True,9,12,9,4,coin_overflow
smart,20266471,32,83154,True,9,10,3,1,coin_overflow
smart,20266472,41,108571,True,10,11,5,3,coin_overflow
smart,20266473,35,86542,True,8,9,3,2,coin_overflow
smart,20266474,40,97422,True,7,8,5,1,coin_overflow
smart,20266475,34,82207,True,8,11,4,0,coin_overflow
smart,20266476,38,100076,True,8,11,4,2,coin_overflow
smart,20266477,27,75207,True,8,11,1,1,coin_overflow
smart,20266478,30,78023,True,10,11,2,2,coin_overflow
smart,20266479,31,78706,True,10,11,3,1,coin_overflow
smart,20266480,28,65512,True,11,12,3,0,coin_overflow
smart,20266481,43,108072,True,7,11,6,1,coin_overflow
smart,20266482,25,64076,True,10,11,1,1,coin_overflow
smart,20266483,28,67672,True,8,9,2,0,coin_overflow
smart,20266484,32,77732,True,6,8,2,1,coin_overflow
smart,20266485,27,80123,True,8,10,1,1,coin_overflow
smart,20266486,28,72201,True,10,13,2,1,coin_overflow
smart,20266487,30,78227,True,8,9,2,1,coin_overflow
smart,20266488,49,128039,True,7,8,8,1,coin_overflow
smart,20266489,59,151103,True,11,12,12,2,coin_overflow
smart,20266490,50,136025,True,7,9,7,3,coin_overflow
smart,20266491,29,76009,True,9,11,2,1,coin_overflow
smart,20266492,45,122608,True,7,10,6,2,coin_overflow
smart,20266493,34,85703,True,8,10,2,3,coin_overflow
smart,20266494,39,102821,True,8,9,5,1,coin_overflow
smart,20266495,48,124608,True,9,10,9,0,coin_overflow
smart,20266496,30,70553,True,8,11,2,1,coin_overflow
smart,20266497,44,116756,True,9,10,7,1,coin_overflow
smart,20266498,31,79071,True,10,12,3,1,coin_overflow
smart,20266499,29,77002,True,10,14,3,0,coin_overflow
smart,20266500,37,96507,True,8,12,5,0,coin_overflow
smart,20266501,26,76252,True,8,11,0,2,coin_overflow
smart,20266502,40,103656,True,7,11,5,1,coin_overflow
smart,20266503,34,93504,True,10,11,4,1,coin_overflow
smart,20266504,45,118013,True,11,12,8,1,coin_overflow
smart,20266505,41,114601,True,11,13,6,2,coin_overflow
smart,20266506,37,94536,True,7,10,4,1,coin_overflow
smart,20266507,55,140216,True,9,11,10,2,coin_overflow
smart,20266508,29,80056,True,11,13,2,2,coin_overflow
smart,20266509,46,120296,True,6,7,6,2,coin_overflow
smart,20266510,34,80711,True,8,11,2,3,coin_overflow
smart,20266511,27,66031,True,10,12,1,2,coin_overflow
smart,20266512,29,70122,True,9,11,2,1,coin_overflow
smart,20266513,46,113567,True,8,10,8,0,coin_overflow
smart,20266514,28,78102,True,10,13,2,1,coin_overflow
smart,20266515,34,80069,True,7,9,3,1,coin_overflow
smart,20266516,58,152901,True,9,10,11,2,coin_overflow
smart,20266517,28,68506,True,12,13,2,2,coin_overflow
smart,20266518,35,89026,True,8,12,3,2,coin_overflow
smart,20266519,52,138601,True,10,13,10,1,coin_overflow
smart,20266520,34,84547,True,7,8,3,1,coin_overflow
smart,20266521,33,83611,True,11,12,4,1,coin_overflow
smart,20266522,28,72522,True,10,11,2,1,coin_overflow
smart,20266523,31,81017,True,11,12,4,0,coin_overflow
smart,20266524,33,79006,True,7,14,2,2,coin_overflow
smart,20266525,35,84602,True,11,12,4,2,coin_overflow
smart,20266526,36,93556,True,7,12,3,2,coin_overflow
smart,20266527,36,88608,True,7,10,3,2,coin_overflow
smart,20266528,31,82061,True,10,13,3,1,coin_overflow
smart,20266529,42,109671,True,9,10,7,0,coin_overflow
smart,20266530,41,109201,True,12,13,7,1,coin_overflow
smart,20266531,40,104053,True,9,12,5,2,coin_overflow
smart,20266532,43,107307,True,7,10,6,1,coin_overflow
smart,20266533,29,66751,True,10,11,1,3,coin_overflow
smart,20266534,38,101503,True,11,12,5,2,coin_overflow
smart,20266535,38,96757,True,8,9,4,2,coin_overflow
smart,20266536,29,74715,True,6,7,1,1,coin_overflow
smart,20266537,54,133903,True,5,8,9,1,coin_overflow
smart,20266538,34,82531,True,7,11,3,1,coin_overflow
smart,20266539,30,82013,True,11,12,3,1,coin_overflow
smart,20266540,30,82204,True,9,10,3,0,coin_overflow
smart,20266541,33,85107,True,10,12,3,2,coin_overflow
smart,20266542,29,79217,True,9,10,2,1,coin_overflow
smart,20266543,58,148006,True,13,14,13,1,coin_overflow
smart,20266544,38,95039,True,7,8,5,0,coin_overflow
smart,20266545,39,102021,True,11,13,6,1,coin_overflow
smart,20266546,27,64202,True,10,12,1,2,coin_overflow
smart,20266547,40,96706,True,8,11,6,0,coin_overflow
smart,20266548,34,89726,True,7,9,3,1,coin_overflow
smart,20266549,31,77756,True,9,10,2,2,coin_overflow
smart,20266550,43,110556,True,10,12,7,1,coin_overflow
smart,20266551,31,78527,True,7,10,2,1,coin_overflow
smart,20266552,35,94162,True,7,11,4,0,coin_overflow
smart,20266553,38,93577,True,6,9,4,1,coin_overflow
smart,20266554,34,92003,True,11,13,5,0,coin_overflow
smart,20266555,23,63056,True,12,13,1,1,coin_overflow
smart,20266556,44,112226,True,9,10,7,1,coin_overflow
smart,20266557,29,77391,True,6,7,1,1,coin_overflow
smart,20266558,60,158466,True,5,8,11,1,coin_overflow
smart,20266559,42,111816,True,7,9,5,2,coin_overflow
smart,20266560,40,102034,True,8,9,6,0,coin_overflow
smart,20266561,36,96673,True,6,8,2,3,coin_overflow
smart,20266562,30,80506,True,10,13,2,2,coin_overflow
smart,20266563,27,66106,True,12,13,3,0,coin_overflow
smart,20266564,30,78316,True,9,10,3,0,coin_overflow
smart,20266565,22,54504,True,10,11,0,1,coin_overflow
smart,20266566,42,109016,True,9,13,7,0,coin_overflow
smart,20266567,35,93407,True,6,9,3,1,coin_overflow
smart,20266568,40,101168,True,8,9,4,3,coin_overflow
smart,20266569,21,59001,True,13,15,0,2,coin_overflow
smart,20266570,36,94697,True,5,6,3,1,coin_overflow
smart,20266571,42,109521,True,8,12,6,1,coin_overflow
smart,20266572,31,77027,True,9,11,2,2,coin_overflow
smart,20266573,31,80051,True,13,14,4,1,coin_overflow
smart,20266574,30,79501,True,8,14,2,1,coin_overflow
smart,20266575,27,63621,True,8,11,1,1,coin_overflow
smart,20266576,36,94532,True,7,10,3,2,coin_overflow
smart,20266577,33,91563,True,6,10,1,3,coin_overflow
smart,20266578,19,49002,True,13,14,0,1,coin_overflow
smart,20266579,36,94717,True,5,9,3,1,coin_overflow
smart,20266580,30,80767,True,7,8,1,2,coin_overflow
smart,20266581,34,92012,True,11,13,5,0,coin_overflow
smart,20266582,47,124651,True,9,12,8,1,coin_overflow
smart,20266583,26,66110,True,7,9,1,0,coin_overflow
smart,20266584,27,69568,True,8,9,1,1,coin_overflow
smart,20266585,31,80531,True,10,11,3,1,coin_overflow
smart,20266586,47,112076,True,9,11,8,1,coin_overflow
smart,20266587,25,65017,True,11,12,2,0,coin_overflow
smart,20266588,43,110552,True,11,12,8,0,coin_overflow
smart,20266589,38,98544,True,6,7,4,1,coin_overflow
smart,20266590,62,152057,True,7,12,13,0,coin_overflow
smart,20266591,38,94001,True,12,15,6,1,coin_overflow
smart,20266592,37,94002,True,11,14,6,0,coin_overflow
smart,20266593,28,75628,True,7,8,1,1,coin_overflow
smart,20266594,45,110055,True,9,10,6,3,coin_overflow
smart,20266595,28,76112,True,10,12,2,1,coin_overflow
smart,20266596,26,75003,True,11,13,1,2,coin_overflow
smart,20266597,36,93567,True,8,10,4,1,coin_overflow
smart,20266598,23,60101,True,11,14,0,2,coin_overflow
smart,20266599,41,100551,True,8,13,5,2,coin_overflow
smart,20266600,25,65551,True,10,13,1,1,coin_overflow
smart,20266601,40,99083,True,7,9,5,1,coin_overflow
smart,20266602,32,81602,True,11,12,3,2,coin_overflow
smart,20266603,25,63251,True,11,12,0,3,coin_overflow
smart,20266604,38,107721,True,9,10,5,1,coin_overflow
smart,20266605,24,65036,True,10,11,0,2,coin_overflow
smart,20266606,65,172060,True,8,9,11,5,coin_overflow
smart,20266607,30,80111,True,8,13,2,1,coin_overflow
smart,20266608,31,79081,True,10,11,3,1,coin_overflow
smart,20266609,21,62016,True,12,13,1,0,coin_overflow
smart,20266610,33,79513,True,8,11,3,1,coin_overflow
smart,20266611,29,77561,True,9,12,2,1,coin_overflow
smart,20266612,49,125211,True,10,12,9,1,coin_overflow
smart,20266613,29,70364,True,6,7,1,1,coin_overflow
smart,20266614,46,122531,True,9,11,7,2,coin_overflow
smart,20266615,42,103363,True,7,8,5,2,coin_overflow
smart,20266616,38,95451,True,9,10,5,1,coin_overflow
smart,20266617,22,59116,True,10,12,0,1,coin_overflow
smart,20266618,36,95165,True,7,8,3,2,coin_overflow
smart,20266619,38,98551,True,12,13,6,1,coin_overflow
smart,20266620,45,115904,True,5,7,6,1,coin_overflow
smart,20266621,25,65611,True,9,12,0,2,coin_overflow
smart,20266622,26,64618,True,8,9,0,2,coin_overflow
smart,20266623,25,64552,True,11,12,2,0,coin_overflow
smart,20266624,27,66716,True,9,10,0,3,coin_overflow
smart,20266625,39,97155,True,8,9,5,1,coin_overflow
smart,20266626,39,96124,True,8,9,5,1,coin_overflow
smart,20266627,27,65096,True,8,9,1,1,coin_overflow
smart,20266628,46,113518,True,9,10,7,2,coin_overflow
smart,20266629,50,125122,True,8,11,8,2,coin_overflow
smart,20266630,48,126557,True,9,11,7,3,coin_overflow
smart,20266631,23,61156,True,11,12,0,2,coin_overflow
smart,20266632,33,88372,True,7,8,2,2,coin_overflow
smart,20266633,35,96553,True,8,11,3,2,coin_overflow
smart,20266634,27,67131,True,10,11,1,2,coin_overflow
smart,20266635,40,107761,True,5,10,5,0,coin_overflow
smart,20266636,40,105111,True,10,13,6,1,coin_overflow
smart,20266637,48,124621,True,7,11,7,2,coin_overflow
smart,20266638,35,90251,True,9,12,4,1,coin_overflow
smart,20266639,43,106811,True,9,10,6,2,coin_overflow
smart,20266640,50,122505,True,8,10,8,2,coin_overflow
smart,20266641,56,140555,True,7,9,9,3,coin_overflow
smart,20266642,38,95216,True,10,11,6,0,coin_overflow
smart,20266643,31,75106,True,11,13,4,0,coin_overflow
smart,20266644,26,67312,True,9,10,1,1,coin_overflow
smart,20266645,47,121406,True,7,10,8,0,coin_overflow
smart,20266646,72,182031,True,6,12,16,0,coin_overflow
smart,20266647,26,64151,True,9,13,1,1,coin_overflow
smart,20266648,43,110178,True,7,8,6,1,coin_overflow
smart,20266649,35,91115,True,6,9,3,1,coin_overflow
smart,20266650,27,64651,True,8,12,1,1,coin_overflow
smart,20266651,38,96076,True,9,11,5,1,coin_overflow
smart,20266652,26,64401,True,10,11,2,0,coin_overflow
smart,20266653,29,71552,True,11,12,2,2,coin_overflow
smart,20266654,46,117607,True,9,11,7,2,coin_overflow
smart,20266655,24,65021,True,11,13,1,1,coin_overflow
smart,20266656,38,96462,True,7,8,5,0,coin_overflow
smart,20266657,37,94078,True,8,9,5,0,coin_overflow
smart,20266658,28,73043,True,7,9,1,1,coin_overflow
smart,20266659,34,89253,True,7,10,3,1,coin_overflow
smart,20266660,28,76005,True,10,11,2,1,coin_overflow
smart,20266661,30,77092,True,8,9,2,1,coin_overflow
smart,20266662,59,148201,True,11,13,12,2,coin_overflow
smart,20266663,34,86159,True,7,9,3,1,coin_overflow
smart,20266664,48,124021,True,11,13,9,1,coin_overflow
smart,20266665,34,84601,True,11,13,3,3,coin_overflow
smart,20266666,72,181165,True,6,8,14,3,coin_overflow
smart,20266667,38,95806,True,9,10,5,1,coin_overflow
smart,20266668,49,129755,True,6,7,7,2,coin_overflow
smart,20266669,25,62951,True,8,9,1,0,coin_overflow
smart,20266670,37,96713,True,7,9,4,1,coin_overflow
smart,20266671,56,151114,True,8,10,10,2,coin_overflow
smart,20266672,26,65046,True,9,10,1,1,coin_overflow
smart,20266673,43,110306,True,9,11,6,2,coin_overflow
smart,20266674,61,157261,True,9,11,12,2,coin_overflow
smart,20266675,28,81341,True,6,8,0,2,coin_overflow
smart,20266676,51,130701,True,7,12,8,2,coin_overflow
smart,20266677,36,94114,True,6,10,4,0,coin_overflow
smart,20266678,45,112067,True,8,11,7,1,coin_overflow
smart,20266679,40,107563,True,9,10,5,2,coin_overflow
smart,20266680,38,98161,True,11,12,5,2,coin_overflow
smart,20266681,35,82112,True,11,12,4,2,coin_overflow
smart,20266682,44,122026,True,11,12,7,2,coin_overflow
smart,20266683,33,80111,True,11,13,4,1,coin_overflow
smart,20266684,51,132031,True,11,12,10,1,coin_overflow
smart,20266685,57,154013,True,10,12,11,2,coin_overflow
smart,20266686,29,79006,True,12,14,3,1,coin_overflow
smart,20266687,31,80028,True,9,10,2,2,coin_overflow
smart,20266688,31,80256,True,10,11,3,1,coin_overflow
smart,20266689,27,74301,True,11,12,2,1,coin_overflow
smart,20266690,34,90611,True,7,12,3,1,coin_overflow
smart,20266691,29,75036,True,10,11,3,0,coin_overflow
smart,20266692,30,80516,True,7,12,1,2,coin_overflow
smart,20266693,46,115159,True,7,9,7,1,coin_overflow
smart,20266694,36,93073,True,9,10,3,3,coin_overflow
smart,20266695,46,113246,True,7,8,7,1,coin_overflow
smart,20266696,46,113501,True,9,14,7,2,coin_overflow
smart,20266697,26,65576,True,9,10,1,1,coin_overflow
smart,20266698,39,95651,True,9,12,6,0,coin_overflow
smart,20266699,29,78153,True,9,11,2,1,coin_overflow
smart,20266700,22,65102,True,10,13,0,1,coin_overflow
smart,20266701,24,64036,True,10,11,0,2,coin_overflow
smart,20266702,27,73668,True,7,8,0,2,coin_overflow
smart,20266703,50,125052,True,7,13,7,3,coin_overflow
smart,20266704,23,60031,True,9,12,0,1,coin_overflow
smart,20266705,30,82664,True,7,8,1,2,coin_overflow
smart,20266706,23,62041,True,9,11,0,1,coin_overflow
smart,20266707,35,93806,True,8,10,3,2,coin_overflow
smart,20266708,44,112561,True,11,12,7,2,coin_overflow
smart,20266709,38,97601,True,8,13,4,2,coin_overflow
smart,20266710,42,109242,True,7,8,5,2,coin_overflow
smart,20266711,68,168201,True,9,13,15,1,coin_overflow
smart,20266712,36,91159,True,8,9,4,1,coin_overflow
smart,20266713,67,170566,True,8,11,15,0,coin_overflow
smart,20266714,36,94004,True,9,12,5,0,coin_overflow
smart,20266715,31,80112,True,10,12,3,1,coin_overflow
smart,20266716,25,62211,True,11,12,2,0,coin_overflow
smart,20266717,38,94501,True,10,14,6,0,coin_overflow
smart,20266718,79,203051,True,10,14,19,1,coin_overflow
smart,20266719,36,93861,True,7,9,3,2,coin_overflow
smart,20266720,62,159607,True,9,11,13,1,coin_overflow
smart,20266721,31,79066,True,10,12,3,1,coin_overflow
smart,20266722,33,81508,True,7,11,2,2,coin_overflow
smart,20266723,32,78656,True,9,11,3,1,coin_overflow
smart,20266724,26,68527,True,8,10,0,2,coin_overflow
smart,20266725,43,110367,True,7,8,6,1,coin_overflow
smart,20266726,36,96556,True,10,12,4,2,coin_overflow
smart,20266727,58,142027,True,8,11,12,0,coin_overflow
smart,20266728,29,78562,True,8,11,1,2,coin_overflow
smart,20266729,27,66151,True,8,13,1,1,coin_overflow
smart,20266730,73,184351,True,9,11,16,2,coin_overflow
smart,20266731,46,115718,True,7,8,7,1,coin_overflow
smart,20266732,43,107702,True,10,11,7,1,coin_overflow
smart,20266733,23,62501,True,13,14,2,0,coin_overflow
smart,20266734,44,113761,True,8,10,6,2,coin_overflow
smart,20266735,38,96547,True,7,8,5,0,coin_overflow
smart,20266736,33,83121,True,7,12,2,2,coin_overflow
smart,20266737,41,107086,True,6,10,5,1,coin_overflow
smart,20266738,27,70811,True,8,10,1,1,coin_overflow
smart,20266739,34,92157,True,10,11,4,1,coin_overflow
smart,20266740,33,79151,True,8,13,3,1,coin_overflow
smart,20266741,38,98553,True,10,11,6,0,coin_overflow
smart,20266742,39,99556,True,8,12,5,1,coin_overflow
smart,20266743,44,110559,True,8,9,6,2,coin_overflow
smart,20266744,46,126222,True,8,10,6,3,coin_overflow
smart,20266745,33,91281,True,8,9,3,1,coin_overflow
smart,20266746,35,92562,True,6,11,3,1,coin_overflow
smart,20266747,61,155122,True,7,11,12,1,coin_overflow
smart,20266748,33,88806,True,8,10,3,1,coin_overflow
smart,20266749,41,107038,True,7,9,6,0,coin_overflow
smart,20266750,34,82162,True,10,11,4,1,coin_overflow
smart,20266751,28,69012,True,11,13,3,0,coin_overflow
smart,20266752,34,82176,True,9,10,3,2,coin_overflow
smart,20266753,26,64081,True,9,11,1,1,coin_overflow
smart,20266754,38,96322,True,4,9,4,0,coin_overflow
smart,20266755,30,82142,True,7,9,1,2,coin_overflow
smart,20266756,37,95603,True,8,11,3,3,coin_overflow
smart,20266757,21,51016,True,11,13,0,1,coin_overflow
smart,20266758,34,88571,True,10,11,4,1,coin_overflow
smart,20266759,40,107801,True,6,11,4,2,coin_overflow
smart,20266760,26,64076,True,9,11,1,1,coin_overflow
smart,20266761,48,115020,True,7,9,7,2,coin_overflow
smart,20266762,28,76611,True,8,12,2,0,coin_overflow
smart,20266763,32,88411,True,7,10,1,3,coin_overflow
smart,20266764,26,68021,True,12,13,2,1,coin_overflow
smart,20266765,55,140542,True,8,9,11,0,coin_overflow
smart,20266766,39,105701,True,11,12,6,1,coin_overflow
smart,20266767,39,102411,True,7,10,4,2,coin_overflow
smart,20266768,45,114646,True,7,8,6,2,coin_overflow
smart,20266769,22,55001,True,13,15,1,1,coin_overflow
smart,20266770,35,91402,True,9,10,4,1,coin_overflow
smart,20266771,32,79551,True,12,13,4,1,coin_overflow
smart,20266772,36,85203,True,9,11,3,3,coin_overflow
smart,20266773,38,95081,True,7,11,5,0,coin_overflow
smart,20266774,32,88514,True,7,10,1,3,coin_overflow
smart,20266775,37,95603,True,10,11,5,1,coin_overflow
smart,20266776,34,85071,True,9,12,3,2,coin_overflow
smart,20266777,30,77652,True,10,11,2,2,coin_overflow
smart,20266778,36,94558,True,9,10,5,0,coin_overflow
smart,20266779,48,124458,True,4,7,6,2,coin_overflow
smart,20266780,27,68063,True,9,11,2,0,coin_overflow
smart,20266781,41,106603,True,8,11,5,2,coin_overflow
smart,20266782,66,163101,True,11,14,15,1,coin_overflow
smart,20266783,44,112521,True,8,12,6,2,coin_overflow
smart,20266784,49,126021,True,11,13,8,3,coin_overflow
smart,20266785,45,112108,True,8,11,7,1,coin_overflow
smart,20266786,34,81605,True,8,9,4,0,coin_overflow
smart,20266787,43,110358,True,7,8,6,1,coin_overflow
smart,20266788,41,112001,True,10,15,5,3,coin_overflow
smart,20266789,51,128103,True,9,12,10,0,coin_overflow
smart,20266790,46,125609,True,7,9,7,1,coin_overflow
smart,20266791,42,108551,True,12,13,8,0,coin_overflow
smart,20266792,43,110621,True,10,11,7,1,coin_overflow
smart,20266793,43,112503,True,10,12,7,1,coin_overflow
smart,20266794,35,94503,True,8,12,3,2,coin_overflow
smart,20266795,53,138151,True,7,13,10,0,coin_overflow
smart,20266796,37,97526,True,7,11,4,1,coin_overflow
smart,20266797,58,148157,True,9,11,11,2,coin_overflow
smart,20266798,40,104522,True,10,11,6,1,coin_overflow
smart,20266799,36,93032,True,7,11,3,2,coin_overflow
smart,20266800,35,91116,True,9,12,4,1,coin_overflow
smart,20266801,27,75502,True,11,13,2,1,coin_overflow
smart,20266802,45,122557,True,9,11,6,3,coin_overflow
smart,20266803,44,110114,True,8,10,6,2,coin_overflow
smart,20266804,42,111161,True,8,12,6,1,coin_overflow
smart,20266805,37,93507,True,10,12,5,1,coin_overflow
smart,20266806,39,98141,True,9,10,4,3,coin_overflow
smart,20266807,26,61602,True,11,12,1,2,coin_overflow
smart,20266808,60,153511,True,10,13,12,2,coin_overflow
smart,20266809,38,94173,True,8,9,4,2,coin_overflow
smart,20266810,41,106056,True,11,13,6,2,coin_overflow
smart,20266811,33,81801,True,7,11,2,2,coin_overflow
smart,20266812,33,89038,True,7,9,2,2,coin_overflow
smart,20266813,30,80202,True,9,12,3,0,coin_overflow
smart,20266814,25,64004,True,9,12,0,2,coin_overflow
smart,20266815,44,110102,True,10,13,6,3,coin_overflow
smart,20266816,27,67252,True,10,11,1,2,coin_overflow
smart,20266817,30,77301,True,11,12,3,1,coin_overflow
smart,20266818,48,114017,True,10,12,8,2,coin_overflow
smart,20266819,25,62008,True,10,12,1,1,coin_overflow
smart,20266820,42,109255,True,5,8,5,1,coin_overflow
smart,20266821,38,95401,True,9,11,5,1,coin_overflow
smart,20266822,49,126652,True,9,11,8,2,coin_overflow
smart,20266823,42,108501,True,11,14,7,1,coin_overflow
smart,20266824,33,81059,True,8,10,3,1,coin_overflow
smart,20266825,38,95601,True,10,13,6,0,coin_overflow
smart,20266826,24,60106,True,11,13,1,1,coin_overflow
smart,20266827,43,110028,True,8,10,5,3,coin_overflow
smart,20266828,29,70061,True,8,13,1,2,coin_overflow
smart,20266829,36,94132,True,8,10,4,1,coin_overflow
smart,20266830,40,94606,True,7,12,5,1,coin_overflow
smart,20266831,32,88671,True,9,10,3,1,coin_overflow
smart,20266832,38,96606,True,11,12,5,2,coin_overflow
smart,20266833,29,67021,True,9,13,2,1,coin_overflow
smart,20266834,35,87113,True,10,11,3,3,coin_overflow
smart,20266835,37,95163,True,8,10,5,0,coin_overflow
smart,20266836,27,66057,True,8,12,1,1,coin_overflow
smart,20266837,33,89126,True,10,11,3,2,coin_overflow
smart,20266838,23,63003,True,12,13,1,1,coin_overflow
smart,20266839,43,108667,True,7,9,6,1,coin_overflow
smart,20266840,22,51706,True,10,11,0,1,coin_overflow
smart,20266841,38,97031,True,8,12,4,2,coin_overflow
smart,20266842,45,112001,True,11,15,8,1,coin_overflow
smart,20266843,36,94111,True,10,13,4,2,coin_overflow
smart,20266844,38,98555,True,7,9,3,3,coin_overflow
smart,20266845,31,80681,True,7,9,2,1,coin_overflow
smart,20266846,41,106308,True,6,9,5,1,coin_overflow
smart,20266847,47,122301,True,11,12,8,2,coin_overflow
smart,20266848,37,97007,True,10,13,5,1,coin_overflow
smart,20266849,35,91076,True,9,11,4,1,coin_overflow
smart,20266850,59,143104,True,9,11,12,1,coin_overflow
smart,20266851,29,81052,True,12,13,3,1,coin_overflow
smart,20266852,37,93286,True,7,8,4,1,coin_overflow
smart,20266853,36,95034,True,6,9,4,0,coin_overflow
smart,20266854,52,140502,True,11,13,11,0,coin_overflow
smart,20266855,31,78108,True,7,11,2,1,coin_overflow
smart,20266856,29,75361,True,9,10,2,1,coin_overflow
smart,20266857,42,109505,True,9,10,7,0,coin_overflow
smart,20266858,35,85356,True,9,10,4,1,coin_overflow
smart,20266859,43,110055,True,5,10,6,0,coin_overflow
smart,20266860,28,75136,True,9,10,1,2,coin_overflow
smart,20266861,45,113163,True,6,10,7,0,coin_overflow
smart,20266862,24,65057,True,11,12,1,1,coin_overflow
smart,20266863,44,110316,True,8,10,6,2,coin_overflow
smart,20266864,41,111114,True,9,10,6,1,coin_overflow
smart,20266865,39,104373,True,5,7,4,1,coin_overflow
smart,20266866,32,77711,True,5,11,1,2,coin_overflow
smart,20266867,40,103862,True,7,8,5,1,coin_overflow
smart,20266868,51,138017,True,11,12,10,1,coin_overflow
smart,20266869,40,103066,True,9,12,5,2,coin_overflow
smart,20266870,34,89001,True,7,15,3,1,coin_overflow
smart,20266871,33,84118,True,8,10,3,1,coin_overflow
smart,20266872,42,110501,True,6,14,6,0,coin_overflow
smart,20266873,39,102264,True,7,8,4,2,coin_overflow
smart,20266874,34,83552,True,7,12,3,1,coin_overflow
smart,20266875,33,82566,True,7,11,2,2,coin_overflow
smart,20266876,46,124054,True,6,11,6,2,coin_overflow
smart,20266877,43,111717,True,6,9,5,2,coin_overflow
smart,20266878,30,79312,True,7,10,1,2,coin_overflow
smart,20266879,36,94097,True,7,8,3,2,coin_overflow
smart,20266880,55,140047,True,7,9,8,4,coin_overflow
smart,20266881,43,114013,True,9,12,6,2,coin_overflow
smart,20266882,37,94096,True,8,9,5,0,coin_overflow
smart,20266883,42,108112,True,7,12,5,2,coin_overflow
smart,20266884,40,108509,True,9,10,5,2,coin_overflow
smart,20266885,39,104707,True,7,10,4,2,coin_overflow
smart,20266886,35,91569,True,7,8,2,3,coin_overflow
smart,20266887,48,121661,True,9,11,9,0,coin_overflow
smart,20266888,30,76062,True,11,12,3,1,coin_overflow
smart,20266889,36,93412,True,7,9,3,2,coin_overflow
smart,20266890,45,113004,True,10,12,7,2,coin_overflow
smart,20266891,42,109076,True,10,11,6,2,coin_overflow
smart,20266892,29,81003,True,12,13,3,1,coin_overflow
smart,20266893,35,90801,True,10,11,3,3,coin_overflow
smart,20266894,24,63552,True,10,12,0,2,coin_overflow
smart,20266895,36,86311,True,9,11,5,0,coin_overflow
smart,20266896,30,78502,True,11,13,3,1,coin_overflow
smart,20266897,35,96252,True,9,11,4,1,coin_overflow
smart,20266898,38,104501,True,11,14,5,2,coin_overflow
smart,20266899,34,87507,True,10,12,4,1,coin_overflow
smart,20266900,54,141231,True,9,10,9,3,coin_overflow
smart,20266901,26,65571,True,9,11,1,1,coin_overflow
smart,20266902,34,90901,True,9,10,3,2,coin_overflow
smart,20266903,44,122081,True,8,11,6,2,coin_overflow
smart,20266904,41,113511,True,8,13,5,2,coin_overflow
smart,20266905,57,151152,True,11,12,12,1,coin_overflow
smart,20266906,31,79104,True,10,11,3,1,coin_overflow
smart,20266907,29,79276,True,8,9,1,2,coin_overflow
smart,20266908,41,108171,True,8,11,5,2,coin_overflow
smart,20266909,52,131203,True,9,11,9,2,coin_overflow
smart,20266910,27,64508,True,10,11,1,2,coin_overflow
smart,20266911,31,79321,True,7,10,2,1,coin_overflow
smart,20266912,34,92021,True,11,13,3,3,coin_overflow
smart,20266913,44,120254,True,7,9,5,3,coin_overflow
smart,20266914,31,77627,True,8,9,3,0,coin_overflow
smart,20266915,41,108831,True,7,8,6,0,coin_overflow
smart,20266916,37,96063,True,8,11,3,3,coin_overflow
smart,20266917,33,85622,True,8,10,3,1,coin_overflow
smart,20266918,31,80632,True,8,9,3,0,coin_overflow
smart,20266919,36,94521,True,11,12,5,1,coin_overflow
smart,20266920,26,64311,True,9,11,1,1,coin_overflow
smart,20266921,38,100067,True,10,11,6,0,coin_overflow
smart,20266922,36,87507,True,11,12,5,1,coin_overflow
smart,20266923,33,82062,True,8,12,3,1,coin_overflow
smart,20266924,59,149001,True,8,15,11,2,coin_overflow
smart,20266925,37,94158,True,8,10,3,3,coin_overflow
smart,20266926,34,84001,True,11,15,5,0,coin_overflow
smart,20266927,28,71107,True,10,12,2,1,coin_overflow
smart,20266928,30,79257,True,9,10,1,3,coin_overflow
smart,20266929,33,85021,True,8,13,3,1,coin_overflow
smart,20266930,52,130705,True,6,8,8,2,coin_overflow
smart,20266931,42,107501,True,6,14,6,0,coin_overflow
smart,20266932,29,71110,True,8,9,1,2,coin_overflow
smart,20266933,34,89002,True,10,14,4,1,coin_overflow
smart,20266934,26,66514,True,9,10,1,1,coin_overflow
smart,20266935,24,64052,True,11,13,1,1,coin_overflow
smart,20266936,35,95008,True,11,12,4,2,coin_overflow
smart,20266937,27,76035,True,7,8,0,2,coin_overflow
smart,20266938,49,128303,True,6,10,7,2,coin_overflow
smart,20266939,57,157029,True,8,9,11,1,coin_overflow
smart,20266940,34,85017,True,10,12,4,1,coin_overflow
smart,20266941,28,78311,True,10,11,2,1,coin_overflow
smart,20266942,44,110561,True,10,12,6,3,coin_overflow
smart,20266943,28,64161,True,7,12,1,1,coin_overflow
smart,20266944,49,126505,True,9,10,8,2,coin_overflow
smart,20266945,38,101039,True,6,8,4,1,coin_overflow
smart,20266946,46,120502,True,11,13,9,0,coin_overflow
smart,20266947,30,81568,True,7,9,1,2,coin_overflow
smart,20266948,51,125286,True,7,8,8,2,coin_overflow
smart,20266949,34,95651,True,11,12,3,3,coin_overflow
smart,20266950,37,95122,True,7,11,4,1,coin_overflow
smart,20266951,33,85403,True,8,9,3,1,coin_overflow
smart,20266952,37,99627,True,7,9,4,1,coin_overflow
smart,20266953,30,70126,True,8,11,2,1,coin_overflow
smart,20266954,38,94036,True,9,11,5,1,coin_overflow
smart,20266955,47,115616,True,6,11,7,1,coin_overflow
smart,20266956,37,97091,True,9,10,4,2,coin_overflow
smart,20266957,39,96503,True,10,12,5,2,coin_overflow
smart,20266958,33,81601,True,11,13,4,1,coin_overflow
smart,20266959,44,115511,True,11,13,7,2,coin_overflow
smart,20266960,31,79097,True,7,8,2,1,coin_overflow
smart,20266961,33,79208,True,9,10,4,0,coin_overflow
smart,20266962,33,82672,True,7,9,2,2,coin_overflow
smart,20266963,36,90056,True,8,13,4,1,coin_overflow
smart,20266964,33,85096,True,8,9,3,1,coin_overflow
smart,20266965,33,93451,True,8,10,3,1,coin_overflow
smart,20266966,34,93201,True,11,13,5,0,coin_overflow
smart,20266967,34,88371,True,8,9,4,0,coin_overflow
smart,20266968,22,59106,True,12,13,0,2,coin_overflow
smart,20266969,39,95327,True,7,8,4,2,coin_overflow
smart,20266970,32,83373,True,5,7,1,2,coin_overflow
smart,20266971,37,92587,True,6,8,3,2,coin_overflow
smart,20266972,31,79046,True,9,10,2,2,coin_overflow
smart,20266973,35,84511,True,8,13,3,2,coin_overflow
smart,20266974,28,66602,True,8,12,2,0,coin_overflow
smart,20266975,40,105002,True,11,14,5,3,coin_overflow
smart,20266976,35,94010,True,9,10,4,1,coin_overflow
smart,20266977,22,62151,True,11,13,1,0,coin_overflow
smart,20266978,30,71033,True,7,10,1,2,coin_overflow
smart,20266979,62,163697,True,5,6,11,2,coin_overflow
smart,20266980,30,79055,True,7,10,1,2,coin_overflow
smart,20266981,33,89156,True,9,12,4,0,coin_overflow
smart,20266982,23,66002,True,13,14,2,0,coin_overflow
smart,20266983,64,155508,True,10,11,14,1,coin_overflow
smart,20266984,29,72211,True,11,12,2,2,coin_overflow
smart,20266985,45,110027,True,5,11,6,1,coin_overflow
smart,20266986,49,124166,True,8,11,9,0,coin_overflow
smart,20266987,34,86773,True,6,7,2,2,coin_overflow
smart,20266988,39,98406,True,7,10,4,2,coin_overflow
smart,20266989,37,96277,True,7,8,4,1,coin_overflow
smart,20266990,35,80509,True,7,10,2,3,coin_overflow
smart,20266991,26,66604,True,9,10,1,1,coin_overflow
smart,20266992,48,123011,True,8,14,8,1,coin_overflow
smart,20266993,36,92152,True,8,12,4,1,coin_overflow
smart,20266994,38,95762,True,7,9,5,0,coin_overflow
smart,20266995,27,65151,True,12,13,3,0,coin_overflow
smart,20266996,38,97086,True,8,10,4,2,coin_overflow
smart,20266997,22,62072,True,10,11,0,1,coin_overflow
smart,20266998,48,126076,True,9,11,7,3,coin_overflow
smart,20266999,29,76553,True,9,11,2,1,coin_overflow
smart,20267000,42,110105,True,7,10,5,2,coin_overflow
smart,20267001,50,134106,True,12,13,10,1,coin_overflow
smart,20267002,22,59102,True,12,13,0,2,coin_overflow
smart,20267003,38,95002,True,12,14,6,1,coin_overflow
smart,20267004,37,95196,True,5,8,2,3,coin_overflow
smart,20267005,46,118242,True,5,8,5,3,coin_overflow
smart,20267006,30,78013,True,11,12,3,1,coin_overflow
smart,20267007,44,119257,True,9,10,7,1,coin_overflow
smart,20267008,35,88631,True,8,10,3,2,coin_overflow
smart,20267009,35,90802,True,9,10,4,1,coin_overflow
smart,20267010,29,74901,True,9,10,2,1,coin_overflow
smart,20267011,64,173003,True,12,13,14,2,coin_overflow
smart,20267012,23,64666,True,9,10,0,1,coin_overflow
smart,20267013,32,84033,True,9,10,3,1,coin_overflow
smart,20267014,35,89652,True,9,11,4,1,coin_overflow
smart,20267015,38,101610,True,6,8,4,1,coin_overflow
smart,20267016,28,75001,True,10,15,2,1,coin_overflow
smart,20267017,47,123301,True,11,12,8,2,coin_overflow
smart,20267018,35,87205,True,8,9,3,2,coin_overflow
smart,20267019,47,122261,True,10,11,9,0,coin_overflow
smart,20267020,36,95276,True,7,9,3,2,coin_overflow
smart,20267021,30,80031,True,11,12,3,1,coin_overflow
smart,20267022,30,79002,True,9,14,3,0,coin_overflow
smart,20267023,26,65001,True,10,15,0,3,coin_overflow
smart,20267024,44,120113,True,10,11,8,0,coin_overflow
smart,20267025,55,143077,True,7,10,10,1,coin_overflow
smart,20267026,32,82516,True,6,12,2,1,coin_overflow
smart,20267027,26,65101,True,13,14,3,0,coin_overflow
smart,20267028,29,78251,True,11,12,2,2,coin_overflow
smart,20267029,40,109456,True,6,9,4,2,coin_overflow
smart,20267030,31,80016,True,10,13,3,1,coin_overflow
smart,20267031,27,63111,True,11,13,2,1,coin_overflow
smart,20267032,48,126526,True,10,11,8,2,coin_overflow
smart,20267033,29,78552,True,11,12,2,2,coin_overflow
smart,20267034,42,102081,True,8,11,6,1,coin_overflow
smart,20267035,33,84005,True,9,11,4,0,coin_overflow
smart,20267036,50,126746,True,6,7,8,1,coin_overflow
smart,20267037,28,66236,True,7,9,1,1,coin_overflow
smart,20267038,38,95018,True,10,11,4,3,coin_overflow
smart,20267039,44,112514,True,9,10,7,1,coin_overflow
smart,20267040,26,62131,True,9,11,1,1,coin_overflow
smart,20267041,35,91652,True,9,11,4,1,coin_overflow
smart,20267042,41,105856,True,8,9,5,2,coin_overflow
smart,20267043,38,100026,True,6,12,4,1,coin_overflow
smart,20267044,29,75053,True,11,12,2,2,coin_overflow
smart,20267045,44,112262,True,9,10,7,1,coin_overflow
smart,20267046,31,78031,True,11,12,2,3,coin_overflow
smart,20267047,37,93153,True,9,11,4,2,coin_overflow
smart,20267048,38,96044,True,7,8,5,0,coin_overflow
smart,20267049,55,139301,True,10,12,11,1,coin_overflow
smart,20267050,34,79706,True,9,11,3,2,coin_overflow
smart,20267051,44,113613,True,9,10,7,1,coin_overflow
smart,20267052,46,116121,True,11,12,9,0,coin_overflow
smart,20267053,34,86556,True,8,12,4,0,coin_overflow
smart,20267054,38,97502,True,12,13,6,1,coin_overflow
smart,20267055,33,89008,True,10,12,3,2,coin_overflow
smart,20267056,35,94020,True,8,9,3,2,coin_overflow
smart,20267057,37,97541,True,6,10,3,2,coin_overflow
smart,20267058,51,139208,True,8,10,9,1,coin_overflow
smart,20267059,34,91112,True,8,12,4,0,coin_overflow
smart,20267060,48,125766,True,8,9,8,1,coin_overflow
smart,20267061,26,66002,True,13,14,3,0,coin_overflow
smart,20267062,31,77632,True,6,9,1,2,coin_overflow
smart,20267063,41,100371,True,8,9,5,2,coin_overflow
smart,20267064,29,79402,True,8,10,1,2,coin_overflow
smart,20267065,28,66108,True,8,11,2,0,coin_overflow
smart,20267066,38,94655,True,7,8,3,3,coin_overflow
smart,20267067,40,99057,True,11,12,7,0,coin_overflow
smart,20267068,39,97071,True,11,12,6,1,coin_overflow
smart,20267069,45,110216,True,8,11,7,1,coin_overflow
smart,20267070,29,77163,True,8,10,1,2,coin_overflow
smart,20267071,31,80607,True,10,11,3,1,coin_overflow
smart,20267072,36,91523,True,9,10,3,3,coin_overflow
smart,20267073,37,95718,True,7,8,4,1,coin_overflow
smart,20267074,22,51008,True,11,12,1,0,coin_overflow
smart,20267075,31,78767,True,7,8,2,1,coin_overflow
smart,20267076,55,141501,True,12,14,11,2,coin_overflow
smart,20267077,34,94654,True,5,9,1,3,coin_overflow
smart,20267078,39,105212,True,8,11,5,1,coin_overflow
smart,20267079,34,81191,True,8,9,4,0,coin_overflow
smart,20267080,30,79505,True,8,10,2,1,coin_overflow
smart,20267081,33,90046,True,7,10,2,2,coin_overflow
smart,20267082,41,108961,True,7,8,4,3,coin_overflow
smart,20267083,29,78604,True,9,10,2,1,coin_overflow
smart,20267084,47,121013,True,11,12,8,2,coin_overflow
smart,20267085,41,106759,True,5,7,4,2,coin_overflow
smart,20267086,29,70117,True,8,11,1,2,coin_overflow
smart,20267087,33,82471,True,7,8,2,2,coin_overflow
smart,20267088,36,96015,True,8,10,4,1,coin_overflow
smart,20267089,41,111758,True,7,8,4,3,coin_overflow
smart,20267090,46,112582,True,7,9,7,1,coin_overflow
smart,20267091,51,134052,True,11,13,10,1,coin_overflow
smart,20267092,42,112076,True,9,11,7,0,coin_overflow
smart,20267093,55,141223,True,8,9,11,0,coin_overflow
smart,20267094,28,78612,True,10,11,2,1,coin_overflow
smart,20267095,62,163181,True,9,10,13,1,coin_overflow
smart,20267096,37,96666,True,9,10,4,2,coin_overflow
smart,20267097,34,86616,True,9,11,3,2,coin_overflow
smart,20267098,31,78068,True,7,10,2,1,coin_overflow
smart,20267099,46,125723,True,7,8,7,1,coin_overflow
smart,20267100,31,80081,True,10,11,3,1,coin_overflow
smart,20267101,23,59506,True,12,13,1,1,coin_overflow
smart,20267102,27,76062,True,11,12,2,1,coin_overflow
smart,20267103,45,113152,True,10,12,7,2,coin_overflow
smart,20267104,38,98171,True,10,11,4,3,coin_overflow
smart,20267105,35,90116,True,9,12,4,1,coin_overflow
smart,20267106,49,127126,True,10,11,9,1,coin_overflow
smart,20267107,32,80162,True,9,11,3,1,coin_overflow
smart,20267108,29,75123,True,7,10,2,0,coin_overflow
smart,20267109,45,111118,True,9,10,8,0,coin_overflow
smart,20267110,41,110921,True,7,8,4,3,coin_overflow
smart,20267111,36,92566,True,8,11,4,1,coin_overflow
smart,20267112,27,76059,True,8,10,1,1,coin_overflow
smart,20267113,41,109528,True,8,9,5,2,coin_overflow
smart,20267114,62,163073,True,7,10,11,3,coin_overflow
smart,20267115,45,115522,True,10,11,7,2,coin_overflow
smart,20267116,34,81261,True,7,11,3,1,coin_overflow
smart,20267117,41,96633,True,7,8,4,3,coin_overflow
smart,20267118,34,90031,True,8,12,4,0,coin_overflow
smart,20267119,37,95707,True,8,10,3,3,coin_overflow
smart,20267120,33,82505,True,7,10,2,2,coin_overflow
smart,20267121,44,111666,True,9,10,7,1,coin_overflow
smart,20267122,42,106554,True,8,10,6,1,coin_overflow
smart,20267123,29,82852,True,6,9,1,1,coin_overflow
smart,20267124,40,104571,True,9,11,5,2,coin_overflow
smart,20267125,31,75752,True,6,10,1,2,coin_overflow
smart,20267126,38,95020,True,8,9,4,2,coin_overflow
smart,20267127,46,121087,True,8,9,8,0,coin_overflow
smart,20267128,55,142861,True,8,9,11,0,coin_overflow
smart,20267129,28,78558,True,9,10,1,2,coin_overflow
smart,20267130,54,139061,True,12,13,10,3,coin_overflow
smart,20267131,49,126124,True,7,9,8,1,coin_overflow
smart,20267132,41,110553,True,8,11,5,2,coin_overflow
smart,20267133,47,123613,True,8,10,7,2,coin_overflow
smart,20267134,28,74064,True,9,10,1,2,coin_overflow
smart,20267135,34,89901,True,7,10,3,1,coin_overflow
smart,20267136,38,96353,True,6,9,4,1,coin_overflow
smart,20267137,37,93531,True,8,11,5,0,coin_overflow
smart,20267138,28,73553,True,9,11,1,2,coin_overflow
smart,20267139,49,127201,True,10,13,9,1,coin_overflow
smart,20267140,33,79581,True,6,10,1,3,coin_overflow
smart,20267141,23,60517,True,10,11,1,0,coin_overflow
smart,20267142,26,71616,True,9,11,1,1,coin_overflow
smart,20267143,46,122528,True,8,9,6,3,coin_overflow
smart,20267144,34,89806,True,8,10,4,0,coin_overflow
smart,20267145,44,111005,True,7,11,7,0,coin_overflow
smart,20267146,34,91151,True,11,13,3,3,coin_overflow
smart,20267147,40,94802,True,7,10,5,1,coin_overflow
smart,20267148,49,125577,True,6,9,7,2,coin_overflow
smart,20267149,39,108209,True,8,9,5,1,coin_overflow
smart,20267150,43,112042,True,9,10,6,2,coin_overflow
smart,20267151,39,96226,True,6,10,5,0,coin_overflow
smart,20267152,32,81551,True,9,13,3,1,coin_overflow
smart,20267153,30,81008,True,8,12,2,1,coin_overflow
smart,20267154,58,154701,True,11,12,13,0,coin_overflow
smart,20267155,46,118202,True,10,12,8,1,coin_overflow
smart,20267156,44,108756,True,9,10,7,1,coin_overflow
smart,20267157,38,93006,True,12,14,6,1,coin_overflow
smart,20267158,40,111111,True,11,13,5,3,coin_overflow
smart,20267159,48,123751,True,9,11,9,0,coin_overflow
smart,20267160,28,75008,True,11,12,3,0,coin_overflow
smart,20267161,26,66206,True,8,12,0,2,coin_overflow
smart,20267162,35,92566,True,8,11,3,2,coin_overflow
smart,20267163,31,80164,True,8,9,3,0,coin_overflow
smart,20267164,31,81142,True,7,9,2,1,coin_overflow
smart,20267165,39,94816,True,8,9,5,1,coin_overflow
smart,20267166,45,115606,True,9,12,8,0,coin_overflow
smart,20267167,25,62101,True,9,14,0,2,coin_overflow
smart,20267168,27,65511,True,11,13,2,1,coin_overflow
smart,20267169,35,92104,True,9,11,4,1,coin_overflow
smart,20267170,54,140602,True,11,12,11,1,coin_overflow
smart,20267171,41,109311,True,9,11,6,1,coin_overflow
smart,20267172,42,110701,True,7,12,5,2,coin_overflow
smart,20267173,36,97137,True,8,9,4,1,coin_overflow
smart,20267174,35,93013,True,11,12,4,2,coin_overflow
smart,20267175,40,106058,True,10,11,6,1,coin_overflow
smart,20267176,54,141162,True,9,11,11,0,coin_overflow
smart,20267177,87,224133,True,6,9,19,3,coin_overflow
smart,20267178,57,147512,True,10,12,11,2,coin_overflow
smart,20267179,33,93001,True,14,15,5,1,coin_overflow
smart,20267180,29,69662,True,8,10,1,2,coin_overflow
smart,20267181,25,62217,True,7,10,0,1,coin_overflow
smart,20267182,28,67068,True,9,10,1,2,coin_overflow
smart,20267183,39,104552,True,7,12,4,2,coin_overflow
smart,20267184,43,111711,True,8,11,7,0,coin_overflow
smart,20267185,41,104056,True,9,13,6,1,coin_overflow
smart,20267186,52,132612,True,10,11,10,1,coin_overflow
smart,20267187,37,93531,True,10,11,5,1,coin_overflow
smart,20267188,29,67701,True,10,12,1,3,coin_overflow
smart,20267189,57,154001,True,6,15,9,3,coin_overflow
smart,20267190,45,115107,True,11,12,8,1,coin_overflow
smart,20267191,27,69001,True,14,15,3,1,coin_overflow
smart,20267192,37,93511,True,11,13,6,0,coin_overflow
smart,20267193,24,65608,True,8,10,0,1,coin_overflow
smart,20267194,70,185182,True,6,9,14,2,coin_overflow
smart,20267195,40,107104,True,10,11,6,1,coin_overflow
smart,20267196,42,97785,True,3,4,5,0,coin_overflow
smart,20267197,32,81016,True,11,13,3,2,coin_overflow
smart,20267198,68,176246,True,7,8,15,0,coin_overflow
smart,20267199,42,105822,True,7,8,5,2,coin_overflow
smart,20267200,32,77101,True,12,14,4,1,coin_overflow
smart,20267201,38,93181,True,9,10,5,1,coin_overflow
smart,20267202,49,125306,True,9,11,8,2,coin_overflow
smart,20267203,27,75002,True,12,14,3,0,coin_overflow
smart,20267204,47,122576,True,9,10,8,1,coin_overflow
smart,20267205,51,138058,True,8,11,9,1,coin_overflow
smart,20267206,37,98181,True,9,10,4,2,coin_overflow
smart,20267207,47,116251,True,7,12,8,0,coin_overflow
smart,20267208,40,105031,True,11,12,7,0,coin_overflow
smart,20267209,72,190063,True,9,11,17,0,coin_overflow
smart,20267210,51,124535,True,6,7,9,0,coin_overflow
smart,20267211,28,77512,True,10,12,2,1,coin_overflow
smart,20267212,41,111052,True,11,13,6,2,coin_overflow
smart,20267213,26,73101,True,11,14,1,2,coin_overflow
smart,20267214,44,112767,True,7,8,7,0,coin_overflow
smart,20267215,28,77005,True,10,11,2,1,coin_overflow
smart,20267216,37,98181,True,9,10,4,2,coin_overflow
smart,20267217,28,77206,True,11,12,3,0,coin_overflow
smart,20267218,32,83763,True,7,8,3,0,coin_overflow
smart,20267219,45,114255,True,7,8,6,2,coin_overflow
smart,20267220,54,142509,True,7,10,9,2,coin_overflow
smart,20267221,40,96853,True,7,8,5,1,coin_overflow
smart,20267222,41,110088,True,6,8,5,1,coin_overflow
smart,20267223,27,73505,True,6,10,1,0,coin_overflow
smart,20267224,31,83157,True,9,11,2,2,coin_overflow
smart,20267225,44,108402,True,9,10,7,1,coin_overflow
smart,20267226,43,110133,True,7,9,6,1,coin_overflow
smart,20267227,35,91517,True,7,11,4,0,coin_overflow
smart,20267228,31,82506,True,9,13,2,2,coin_overflow
smart,20267229,28,76056,True,10,13,2,1,coin_overflow
smart,20267230,32,89537,True,8,9,2,2,coin_overflow
smart,20267231,38,93851,True,9,10,5,1,coin_overflow
smart,20267232,34,84201,True,9,13,3,2,coin_overflow
smart,20267233,32,79707,True,6,10,2,1,coin_overflow
smart,20267234,46,122618,True,8,9,8,0,coin_overflow
smart,20267235,33,92009,True,8,11,3,1,coin_overflow
smart,20267236,50,136502,True,11,13,9,2,coin_overflow
smart,20267237,40,108312,True,7,10,5,1,coin_overflow
smart,20267238,54,133131,True,7,11,9,2,coin_overflow
smart,20267239,40,98101,True,13,14,7,1,coin_overflow
smart,20267240,22,53552,True,11,12,1,0,coin_overflow
smart,20267241,34,91121,True,9,12,3,2,coin_overflow
smart,20267242,50,130107,True,9,12,9,1,coin_overflow
smart,20267243,34,85366,True,6,9,2,2,coin_overflow
smart,20267244,43,106621,True,10,11,7,1,coin_overflow
smart,20267245,51,125659,True,7,8,8,2,coin_overflow
smart,20267246,37,97544,True,6,7,3,2,coin_overflow
smart,20267247,31,79021,True,10,13,3,1,coin_overflow
smart,20267248,42,109658,True,7,9,5,2,coin_overflow
smart,20267249,26,67163,True,8,10,0,2,coin_overflow
smart,20267250,47,121756,True,9,10,8,1,coin_overflow
smart,20267251,36,98207,True,8,11,4,1,coin_overflow
smart,20267252,75,190054,True,9,11,18,0,coin_overflow
smart,20267253,62,157561,True,10,12,14,0,coin_overflow
smart,20267254,37,92512,True,7,12,4,1,coin_overflow
smart,20267255,33,82713,True,7,9,2,2,coin_overflow
smart,20267256,35,90311,True,7,11,2,3,coin_overflow
smart,20267257,26,61512,True,10,12,2,0,coin_overflow
smart,20267258,29,78557,True,9,11,2,1,coin_overflow
smart,20267259,40,108008,True,11,12,5,3,coin_overflow
smart,20267260,49,124261,True,9,11,8,2,coin_overflow
smart,20267261,27,72701,True,11,12,2,1,coin_overflow
smart,20267262,39,95702,True,9,11,6,0,coin_overflow
smart,20267263,28,78051,True,13,14,3,1,coin_overflow
smart,20267264,28,75018,True,10,11,2,1,coin_overflow
smart,20267265,26,63561,True,9,12,1,1,coin_overflow
smart,20267266,44,113126,True,9,11,7,1,coin_overflow
smart,20267267,51,141585,True,5,6,8,1,coin_overflow
smart,20267268,31,77601,True,9,13,2,2,coin_overflow
smart,20267269,24,65106,True,11,13,1,1,coin_overflow
smart,20267270,40,109262,True,7,10,5,1,coin_overflow
smart,20267271,33,83154,True,6,10,1,3,coin_overflow
smart,20267272,31,79216,True,10,11,3,1,coin_overflow
smart,20267273,36,98151,True,8,13,4,1,coin_overflow
smart,20267274,32,79606,True,10,12,2,3,coin_overflow
smart,20267275,62,158542,True,7,9,11,3,coin_overflow
smart,20267276,42,107049,True,6,7,4,3,coin_overflow
smart,20267277,37,96514,True,9,10,4,2,coin_overflow
smart,20267278,32,81003,True,10,13,4,0,coin_overflow
smart,20267279,41,105356,True,9,10,6,1,coin_overflow
smart,20267280,48,128056,True,8,13,8,1,coin_overflow
smart,20267281,46,120642,True,7,8,7,1,coin_overflow
smart,20267282,32,88518,True,9,10,3,1,coin_overflow
smart,20267283,29,77451,True,9,10,2,1,coin_overflow
smart,20267284,31,79655,True,6,8,1,2,coin_overflow
smart,20267285,42,106501,True,12,14,8,0,coin_overflow
smart,20267286,53,140327,True,7,8,8,3,coin_overflow
smart,20267287,43,112501,True,6,14,5,2,coin_overflow
smart,20267288,45,113117,True,10,11,7,2,coin_overflow
smart,20267289,44,113856,True,8,9,6,2,coin_overflow
smart,20267290,34,90402,True,7,10,3,1,coin_overflow
smart,20267291,33,92623,True,8,9,3,1,coin_overflow
smart,20267292,40,104401,True,10,11,6,1,coin_overflow
smart,20267293,46,120232,True,8,9,8,0,coin_overflow
smart,20267294,34,84363,True,7,8,3,1,coin_overflow
smart,20267295,32,83281,True,8,9,2,2,coin_overflow
smart,20267296,29,79612,True,8,11,1,2,coin_overflow
smart,20267297,34,93021,True,10,13,4,1,coin_overflow
smart,20267298,38,95016,True,8,13,4,2,coin_overflow
smart,20267299,65,170714,True,6,8,13,1,coin_overflow
smart,20267300,28,77111,True,12,13,2,2,coin_overflow
smart,20267301,35,91302,True,10,11,5,0,coin_overflow
smart,20267302,69,171158,True,7,10,14,2,coin_overflow
smart,20267303,35,93111,True,12,13,5,1,coin_overflow
smart,20267304,36,95502,True,12,13,6,0,coin_overflow
smart,20267305,31,78203,True,9,11,2,2,coin_overflow
smart,20267306,50,135501,True,13,14,11,0,coin_overflow
smart,20267307,33,90727,True,5,8,2,1,coin_overflow
smart,20267308,27,76571,True,10,11,1,2,coin_overflow
smart,20267309,44,112751,True,10,11,8,0,coin_overflow
smart,20267310,43,109061,True,12,13,7,2,coin_overflow
smart,20267311,45,112387,True,5,6,6,1,coin_overflow
smart,20267312,31,82202,True,6,12,1,2,coin_overflow
smart,20267313,25,67103,True,10,12,1,1,coin_overflow
smart,20267314,39,105717,True,8,9,5,1,coin_overflow
smart,20267315,53,132231,True,8,10,9,2,coin_overflow
smart,20267316,32,80416,True,8,9,2,2,coin_overflow
smart,20267317,43,111663,True,6,9,5,2,coin_overflow
smart,20267318,39,96252,True,10,11,5,2,coin_overflow
smart,20267319,39,98131,True,8,11,5,1,coin_overflow
smart,20267320,37,95211,True,9,12,4,2,coin_overflow
smart,20267321,47,125822,True,6,8,7,1,coin_overflow
smart,20267322,24,63556,True,11,12,1,1,coin_overflow
smart,20267323,22,61006,True,10,14,0,1,coin_overflow
smart,20267324,29,74126,True,9,11,2,1,coin_overflow
smart,20267325,35,96681,True,8,9,3,2,coin_overflow
smart,20267326,32,83215,True,7,8,1,3,coin_overflow
smart,20267327,36,95016,True,8,13,4,1,coin_overflow
smart,20267328,33,92516,True,11,12,4,1,coin_overflow
smart,20267329,35,93004,True,10,12,3,3,coin_overflow
smart,20267330,42,105702,True,10,11,6,2,coin_overflow
smart,20267331,35,90117,True,9,11,4,1,coin_overflow
smart,20267332,27,75206,True,11,12,2,1,coin_overflow
smart,20267333,31,78602,True,9,12,2,2,coin_overflow
smart,20267334,29,79131,True,9,11,2,1,coin_overflow
smart,20267335,36,84154,True,9,10,3,3,coin_overflow
smart,20267336,27,68121,True,10,12,1,2,coin_overflow
smart,20267337,37,95851,True,9,10,4,2,coin_overflow
smart,20267338,27,68507,True,11,12,2,1,coin_overflow
smart,20267339,60,154404,True,7,8,11,2,coin_overflow
smart,20267340,60,155203,True,7,11,11,2,coin_overflow
smart,20267341,33,88437,True,5,6,2,1,coin_overflow
smart,20267342,28,78157,True,10,11,2,1,coin_overflow
smart,20267343,29,78561,True,11,12,2,2,coin_overflow
smart,20267344,41,108271,True,8,10,5,2,coin_overflow
smart,20267345,28,77471,True,7,8,1,1,coin_overflow
smart,20267346,29,68502,True,8,13,1,2,coin_overflow
smart,20267347,31,80781,True,7,8,2,1,coin_overflow
smart,20267348,65,169251,True,9,12,14,1,coin_overflow
smart,20267349,34,82016,True,8,13,2,3,coin_overflow
smart,20267350,34,91836,True,6,7,2,2,coin_overflow
smart,20267351,35,94316,True,8,10,3,2,coin_overflow
smart,20267352,53,128012,True,10,13,11,0,coin_overflow
smart,20267353,38,103001,True,14,15,6,2,coin_overflow
smart,20267354,45,116253,True,8,10,7,1,coin_overflow
smart,20267355,74,186222,True,8,10,16,2,coin_overflow
smart,20267356,33,85051,True,12,14,5,0,coin_overflow
smart,20267357,36,93657,True,9,10,5,0,coin_overflow
smart,20267358,36,91616,True,9,11,5,0,coin_overflow
smart,20267359,50,135072,True,6,11,8,1,coin_overflow
smart,20267360,33,87302,True,8,11,3,1,coin_overflow
smart,20267361,28,69613,True,8,10,2,0,coin_overflow
smart,20267362,25,63226,True,9,10,0,2,coin_overflow
smart,20267363,36,97703,True,9,10,5,0,coin_overflow
smart,20267364,36,95391,True,6,7,2,3,coin_overflow
smart,20267365,26,66227,True,8,9,0,2,coin_overflow
smart,20267366,24,64111,True,11,13,1,1,coin_overflow
smart,20267367,33,89602,True,11,12,4,1,coin_overflow
smart,20267368,38,97853,True,7,8,3,3,coin_overflow
smart,20267369,37,93632,True,8,9,5,0,coin_overflow
smart,20267370,32,80306,True,10,11,4,0,coin_overflow
smart,20267371,39,99221,True,10,11,5,2,coin_overflow
smart,20267372,26,72016,True,12,13,2,1,coin_overflow
smart,20267373,39,97656,True,8,11,5,1,coin_overflow
smart,20267374,42,109501,True,11,14,7,1,coin_overflow
smart,20267375,38,101917,True,6,7,4,1,coin_overflow
smart,20267376,39,110149,True,5,6,4,1,coin_overflow
smart,20267377,37,95206,True,9,12,4,2,coin_overflow
smart,20267378,41,107106,True,10,13,7,0,coin_overflow
smart,20267379,26,66403,True,8,9,0,2,coin_overflow
smart,20267380,62,157173,True,8,9,12,2,coin_overflow
smart,20267381,39,104562,True,9,11,6,0,coin_overflow
smart,20267382,30,68002,True,13,14,3,2,coin_overflow
smart,20267383,27,62761,True,9,10,2,0,coin_overflow
smart,20267384,55,142081,True,7,11,10,1,coin_overflow
smart,20267385,35,93726,True,8,9,3,2,coin_overflow
smart,20267386,28,80101,True,9,14,1,2,coin_overflow
smart,20267387,60,154207,True,10,11,12,2,coin_overflow
smart,20267388,45,112213,True,9,10,8,0,coin_overflow
smart,20267389,32,83413,True,6,8,2,1,coin_overflow
smart,20267390,28,70371,True,7,9,1,1,coin_overflow
smart,20267391,40,98053,True,8,12,4,3,coin_overflow
smart,20267392,63,167531,True,10,11,13,2,coin_overflow
smart,20267393,28,69154,True,7,10,1,1,coin_overflow
smart,20267394,35,83514,True,8,10,3,2,coin_overflow
smart,20267395,54,132411,True,9,10,9,3,coin_overflow
smart,20267396,23,64652,True,10,11,1,0,coin_overflow
smart,20267397,48,127212,True,9,11,7,3,coin_overflow
smart,20267398,28,78751,True,6,11,0,2,coin_overflow
smart,20267399,30,77651,True,11,12,3,1,coin_overflow
smart,20267400,31,79032,True,10,11,3,1,coin_overflow
smart,20267401,30,80261,True,8,11,2,1,coin_overflow
smart,20267402,34,91171,True,7,11,3,1,coin_overflow
smart,20267403,33,84222,True,8,10,3,1,coin_overflow
smart,20267404,33,88156,True,10,12,3,2,coin_overflow
smart,20267405,40,96005,True,10,11,6,1,coin_overflow
smart,20267406,32,88309,True,5,8,1,2,coin_overflow
smart,20267407,47,125705,True,6,8,7,1,coin_overflow
smart,20267408,30,80239,True,5,6,1,1,coin_overflow
smart,20267409,55,138121,True,8,12,11,0,coin_overflow
smart,20267410,35,87008,True,10,12,3,3,coin_overflow
smart,20267411,28,75512,True,11,12,3,0,coin_overflow
smart,20267412,60,155391,True,6,7,12,0,coin_overflow
smart,20267413,38,101003,True,12,13,6,1,coin_overflow
smart,20267414,33,80506,True,12,13,5,0,coin_overflow
smart,20267415,35,95002,True,8,14,3,2,coin_overflow
smart,20267416,27,67527,True,9,10,2,0,coin_overflow
smart,20267417,45,108362,True,8,9,7,1,coin_overflow
smart,20267418,26,63601,True,11,13,1,2,coin_overflow
smart,20267419,43,105027,True,8,11,7,0,coin_overflow
smart,20267420,24,63202,True,9,12,1,0,coin_overflow
smart,20267421,30,79001,True,14,15,4,1,coin_overflow
smart,20267422,32,79021,True,12,13,4,1,coin_overflow
smart,20267423,37,93055,True,6,10,3,2,coin_overflow
smart,20267424,34,93023,True,10,11,4,1,coin_overflow
smart,20267425,21,59301,True,11,12,0,1,coin_overflow
smart,20267426,30,81052,True,11,13,3,1,coin_overflow
smart,20267427,25,64051,True,11,14,2,0,coin_overflow
smart,20267428,38,106002,True,11,14,5,2,coin_overflow
smart,20267429,76,201011,True,6,14,16,2,coin_overflow
smart,20267430,34,84081,True,10,11,4,1,coin_overflow
smart,20267431,46,123127,True,7,10,7,1,coin_overflow
smart,20267432,24,63101,True,13,14,1,2,coin_overflow
smart,20267433,42,108667,True,8,9,6,1,coin_overflow
smart,20267434,57,152143,True,5,8,10,1,coin_overflow
smart,20267435,35,86161,True,11,12,4,2,coin_overflow
smart,20267436,28,78005,True,10,11,2,1,coin_overflow
smart,20267437,24,62102,True,12,13,2,0,coin_overflow
smart,20267438,32,78606,True,10,12,4,0,coin_overflow
smart,20267439,51,123612,True,9,11,8,3,coin_overflow
smart,20267440,34,84505,True,6,10,2,2,coin_overflow
smart,20267441,53,137307,True,9,10,10,1,coin_overflow
smart,20267442,44,111064,True,9,10,7,1,coin_overflow
smart,20267443,38,98523,True,9,10,5,1,coin_overflow
smart,20267444,39,98147,True,7,8,4,2,coin_overflow
smart,20267445,30,79021,True,10,13,2,2,coin_overflow
smart,20267446,29,76341,True,6,8,1,1,coin_overflow
smart,20267447,53,126762,True,6,9,9,1,coin_overflow
smart,20267448,49,127508,True,8,11,7,3,coin_overflow
smart,20267449,44,114211,True,10,12,8,0,coin_overflow
smart,20267450,56,141604,True,9,10,11,1,coin_overflow
smart,20267451,33,88611,True,9,12,2,3,coin_overflow
smart,20267452,33,83504,True,7,11,2,2,coin_overflow
smart,20267453,45,111411,True,8,10,7,1,coin_overflow
smart,20267454,51,126217,True,8,10,9,1,coin_overflow
smart,20267455,46,122951,True,8,9,8,0,coin_overflow
smart,20267456,36,95511,True,8,13,4,1,coin_overflow
smart,20267457,45,106127,True,8,10,7,1,coin_overflow
smart,20267458,35,96559,True,8,9,3,2,coin_overflow
smart,20267459,44,111361,True,8,10,6,2,coin_overflow
smart,20267460,31,81301,True,10,12,3,1,coin_overflow
smart,20267461,43,110022,True,8,12,7,0,coin_overflow
smart,20267462,57,144003,True,11,13,12,1,coin_overflow
smart,20267463,24,63303,True,8,10,0,1,coin_overflow
smart,20267464,32,87212,True,9,11,3,1,coin_overflow
smart,20267465,35,87051,True,12,14,5,1,coin_overflow
smart,20267466,36,88656,True,9,11,3,3,coin_overflow
smart,20267467,50,126152,True,7,12,9,0,coin_overflow
smart,20267468,34,86562,True,8,11,4,0,coin_overflow
smart,20267469,46,113225,True,6,7,6,2,coin_overflow
smart,20267470,27,73066,True,9,12,2,0,coin_overflow
smart,20267471,25,63012,True,12,13,1,2,coin_overflow
smart,20267472,25,66092,True,8,9,1,0,coin_overflow
smart,20267473,48,126511,True,12,13,10,0,coin_overflow
smart,20267474,40,110028,True,9,10,5,2,coin_overflow
smart,20267475,36,92516,True,5,12,3,1,coin_overflow
smart,20267476,29,77514,True,9,10,2,1,coin_overflow
smart,20267477,52,135607,True,9,11,9,2,coin_overflow
smart,20267478,27,66101,True,13,14,2,2,coin_overflow
smart,20267479,29,77567,True,9,10,2,1,coin_overflow
smart,20267480,51,125107,True,8,12,9,1,coin_overflow
smart,20267481,40,97952,True,6,8,4,2,coin_overflow
smart,20267482,41,107101,True,10,14,5,3,coin_overflow
smart,20267483,32,78556,True,9,12,3,1,coin_overflow
smart,20267484,33,83025,True,8,9,3,1,coin_overflow
smart,20267485,34,92801,True,10,11,4,1,coin_overflow
smart,20267486,44,113013,True,10,12,6,3,coin_overflow
smart,20267487,39,96556,True,10,12,5,2,coin_overflow
smart,20267488,26,67811,True,9,10,1,1,coin_overflow
smart,20267489,45,110154,True,9,10,6,3,coin_overflow
smart,20267490,41,110608,True,8,10,5,2,coin_overflow
smart,20267491,27,67047,True,7,9,0,2,coin_overflow
smart,20267492,29,78013,True,9,12,2,1,coin_overflow
smart,20267493,30,82061,True,7,13,1,2,coin_overflow
smart,20267494,30,77526,True,10,11,2,2,coin_overflow
smart,20267495,49,121721,True,7,10,8,1,coin_overflow
smart,20267496,50,127803,True,5,9,7,2,coin_overflow
smart,20267497,32,80022,True,11,12,3,2,coin_overflow
smart,20267498,33,90031,True,8,12,3,1,coin_overflow
smart,20267499,39,99202,True,11,12,6,1,coin_overflow
smart,20267500,34,90112,True,9,12,3,2,coin_overflow
smart,20267501,47,114576,True,7,10,8,0,coin_overflow
smart,20267502,50,133602,True,9,12,9,1,coin_overflow
smart,20267503,34,95158,True,9,10,3,2,coin_overflow
smart,20267504,69,175402,True,9,10,16,0,coin_overflow
smart,20267505,29,80573,True,8,9,1,2,coin_overflow
smart,20267506,48,125251,True,11,12,9,1,coin_overflow
smart,20267507,38,95019,True,9,10,5,1,coin_overflow
smart,20267508,37,96222,True,7,10,4,1,coin_overflow
smart,20267509,44,110771,True,8,9,6,2,coin_overflow
smart,20267510,31,82611,True,11,12,4,0,coin_overflow
smart,20267511,38,97556,True,11,12,5,2,coin_overflow
smart,20267512,25,63561,True,10,12,1,1,coin_overflow
smart,20267513,40,97661,True,10,11,6,1,coin_overflow
smart,20267514,62,157503,True,8,12,12,2,coin_overflow
smart,20267515,34,82006,True,10,14,4,1,coin_overflow
smart,20267516,53,141676,True,8,9,9,2,coin_overflow
smart,20267517,47,123011,True,10,14,9,0,coin_overflow
smart,20267518,26,65011,True,12,14,2,1,coin_overflow
smart,20267519,49,128663,True,8,9,7,3,coin_overflow
smart,20267520,27,69104,True,10,11,1,2,coin_overflow
smart,20267521,22,58501,True,13,14,1,1,coin_overflow
smart,20267522,36,91109,True,9,10,5,0,coin_overflow
smart,20267523,48,126326,True,6,9,8,0,coin_overflow
smart,20267524,45,119586,True,8,9,7,1,coin_overflow
smart,20267525,34,84102,True,8,13,4,0,coin_overflow
smart,20267526,59,157163,True,9,10,12,1,coin_overflow
smart,20267527,39,96856,True,8,9,5,1,coin_overflow
smart,20267528,42,112260,True,6,7,6,0,coin_overflow
smart,20267529,40,105211,True,9,12,5,2,coin_overflow
smart,20267530,39,98146,True,6,9,5,0,coin_overflow
smart,20267531,28,66046,True,8,10,0,3,coin_overflow
smart,20267532,27,77271,True,8,10,1,1,coin_overflow
smart,20267533,27,66204,True,9,10,2,0,coin_overflow
smart,20267534,27,69001,True,14,15,3,1,coin_overflow
smart,20267535,39,97512,True,8,12,5,1,coin_overflow
smart,20267536,31,80961,True,7,8,2,1,coin_overflow
smart,20267537,49,125662,True,9,10,8,2,coin_overflow
smart,20267538,25,62508,True,9,11,0,2,coin_overflow
smart,20267539,44,110807,True,8,9,6,2,coin_overflow
smart,20267540,38,94152,True,10,12,4,3,coin_overflow
smart,20267541,42,109509,True,9,10,7,0,coin_overflow
smart,20267542,30,76557,True,8,11,2,1,coin_overflow
smart,20267543,65,169592,True,6,8,13,1,coin_overflow
smart,20267544,21,59601,True,11,13,0,1,coin_overflow
smart,20267545,32,82017,True,11,12,3,2,coin_overflow
smart,20267546,26,65002,True,11,14,1,2,coin_overflow
smart,20267547,30,80266,True,8,10,2,1,coin_overflow
smart,20267548,44,115256,True,10,11,6,3,coin_overflow
smart,20267549,48,123567,True,8,10,8,1,coin_overflow
smart,20267550,41,99352,True,8,10,5,2,coin_overflow
smart,20267551,46,117061,True,11,13,9,0,coin_overflow
smart,20267552,27,70351,True,8,11,1,1,coin_overflow
smart,20267553,52,131652,True,7,11,9,1,coin_overflow
smart,20267554,43,108701,True,8,12,5,3,coin_overflow
smart,20267555,33,82056,True,7,13,2,2,coin_overflow
smart,20267556,31,82502,True,10,13,3,1,coin_overflow
smart,20267557,31,79301,True,11,12,4,0,coin_overflow
smart,20267558,40,109502,True,10,13,6,1,coin_overflow
smart,20267559,47,112503,True,8,12,7,2,coin_overflow
smart,20267560,38,97456,True,8,9,4,2,coin_overflow
smart,20267561,31,79587,True,6,8,1,2,coin_overflow
smart,20267562,32,80841,True,6,7,2,1,coin_overflow
smart,20267563,50,127356,True,8,10,8,2,coin_overflow
smart,20267564,40,105101,True,7,14,5,1,coin_overflow
smart,20267565,37,94576,True,8,10,5,0,coin_overflow
smart,20267566,26,66241,True,8,9,0,2,coin_overflow
smart,20267567,45,113568,True,8,9,5,4,coin_overflow
smart,20267568,46,118626,True,8,10,8,0,coin_overflow
smart,20267569,43,111706,True,9,11,6,2,coin_overflow
smart,20267570,29,75652,True,10,11,3,0,coin_overflow
smart,20267571,35,93252,True,9,11,4,1,coin_overflow
smart,20267572,31,79152,True,9,12,2,2,coin_overflow
smart,20267573,37,95254,True,7,9,4,1,coin_overflow
smart,20267574,31,78251,True,11,12,4,0,coin_overflow
smart,20267575,23,65006,True,12,14,1,1,coin_overflow
smart,20267576,30,79206,True,11,12,3,1,coin_overflow
smart,20267577,37,93666,True,7,10,4,1,coin_overflow
smart,20267578,38,93412,True,7,9,3,3,coin_overflow
smart,20267579,32,78398,True,3,4,1,1,coin_overflow
smart,20267580,36,96701,True,11,12,5,1,coin_overflow
smart,20267581,40,110005,True,9,11,5,2,coin_overflow
smart,20267582,29,82206,True,11,12,2,2,coin_overflow
smart,20267583,42,107805,True,6,7,6,0,coin_overflow
smart,20267584,22,61008,True,10,12,0,1,coin_overflow
smart,20267585,40,107304,True,6,9,4,2,coin_overflow
smart,20267586,26,67601,True,8,13,0,2,coin_overflow
smart,20267587,28,72067,True,9,11,1,2,coin_overflow
smart,20267588,21,62016,True,11,13,0,1,coin_overflow
smart,20267589,35,95112,True,11,12,4,2,coin_overflow
smart,20267590,42,107301,True,10,12,6,2,coin_overflow
smart,20267591,35,94257,True,9,10,4,1,coin_overflow
smart,20267592,47,126511,True,5,13,6,2,coin_overflow
smart,20267593,35,85007,True,12,13,5,1,coin_overflow
smart,20267594,31,80703,True,9,10,2,2,coin_overflow
smart,20267595,35,96301,True,8,12,3,2,coin_overflow
smart,20267596,31,78652,True,8,11,1,3,coin_overflow
smart,20267597,34,92102,True,10,13,4,1,coin_overflow
smart,20267598,39,107004,True,8,12,5,1,coin_overflow
smart,20267599,31,81211,True,11,12,2,3,coin_overflow
smart,20267600,46,110157,True,10,11,8,1,coin_overflow
smart,20267601,60,153301,True,11,12,13,1,coin_overflow
smart,20267602,38,94217,True,9,10,5,1,coin_overflow
smart,20267603,38,98065,True,8,9,4,2,coin_overflow
smart,20267604,28,69073,True,7,10,1,1,coin_overflow
smart,20267605,48,126702,True,10,11,8,2,coin_overflow
smart,20267606,45,113031,True,11,12,8,1,coin_overflow
smart,20267607,48,121907,True,7,8,7,2,coin_overflow
smart,20267608,40,98271,True,7,10,5,1,coin_overflow
smart,20267609,43,107721,True,9,10,6,2,coin_overflow
smart,20267610,42,106031,True,9,12,7,0,coin_overflow
smart,20267611,45,119728,True,6,7,7,0,coin_overflow
smart,20267612,25,66051,True,12,14,1,2,coin_overflow
smart,20267613,31,79502,True,11,13,4,0,coin_overflow
smart,20267614,45,110801,True,10,11,7,2,coin_overflow
smart,20267615,38,92236,True,8,9,4,2,coin_overflow
smart,20267616,28,78027,True,10,11,2,1,coin_overflow
smart,20267617,45,110107,True,11,12,8,1,coin_overflow
smart,20267618,28,69657,True,8,10,0,3,coin_overflow
smart,20267619,30,74631,True,9,10,3,0,coin_overflow
smart,20267620,33,84006,True,10,14,3,2,coin_overflow
smart,20267621,34,85001,True,11,15,5,0,coin_overflow
smart,20267622,31,80566,True,10,11,3,1,coin_overflow
smart,20267623,40,103229,True,6,7,4,2,coin_overflow
smart,20267624,25,63501,True,11,14,2,0,coin_overflow
smart,20267625,38,98084,True,5,8,3,2,coin_overflow
smart,20267626,34,94703,True,8,10,4,0,coin_overflow
smart,20267627,45,112504,True,8,11,7,1,coin_overflow
smart,20267628,31,79553,True,7,11,2,1,coin_overflow
smart,20267629,34,95301,True,10,12,4,1,coin_overflow
smart,20267630,52,128077,True,9,10,9,2,coin_overflow
smart,20267631,33,91112,True,7,12,2,2,coin_overflow
smart,20267632,41,105401,True,9,11,6,1,coin_overflow
smart,20267633,34,83276,True,8,9,4,0,coin_overflow
smart,20267634,39,98533,True,8,9,5,1,coin_overflow
smart,20267635,52,129224,True,7,8,9,1,coin_overflow
smart,20267636,33,83151,True,9,13,4,0,coin_overflow
smart,20267637,27,68211,True,7,12,0,2,coin_overflow
smart,20267638,38,99136,True,9,10,5,1,coin_overflow
smart,20267639,26,72506,True,12,13,2,1,coin_overflow
smart,20267640,41,110351,True,8,11,5,2,coin_overflow
smart,20267641,38,106326,True,8,9,4,2,coin_overflow
smart,20267642,28,77507,True,10,12,2,1,coin_overflow
smart,20267643,36,94607,True,9,11,5,0,coin_overflow
smart,20267644,49,125106,True,8,13,7,3,coin_overflow
smart,20267645,32,83026,True,9,12,3,1,coin_overflow
smart,20267646,39,98001,True,9,15,6,0,coin_overflow
smart,20267647,42,109081,True,10,11,6,2,coin_overflow
smart,20267648,39,105527,True,5,10,4,1,coin_overflow
smart,20267649,26,69516,True,9,12,1,1,coin_overflow
smart,20267650,30,79117,True,10,11,2,2,coin_overflow
smart,20267651,43,110223,True,7,9,6,1,coin_overflow
smart,20267652,34,91657,True,8,10,4,0,coin_overflow
smart,20267653,39,107061,True,7,13,4,2,coin_overflow
smart,20267654,62,159112,True,10,12,12,3,coin_overflow
smart,20267655,38,96216,True,10,11,6,0,coin_overflow
smart,20267656,31,81509,True,9,10,2,2,coin_overflow
smart,20267657,23,65062,True,10,12,1,0,coin_overflow
smart,20267658,42,100142,True,6,9,6,0,coin_overflow
smart,20267659,26,65105,True,9,10,1,1,coin_overflow
smart,20267660,41,108301,True,6,12,5,1,coin_overflow
smart,20267661,51,134192,True,7,8,8,2,coin_overflow
smart,20267662,38,96253,True,6,10,4,1,coin_overflow
smart,20267663,33,84005,True,9,11,2,3,coin_overflow
smart,20267664,37,94004,True,9,12,4,2,coin_overflow
smart,20267665,25,63504,True,10,11,1,1,coin_overflow
smart,20267666,39,97004,True,8,12,5,1,coin_overflow
smart,20267667,30,80017,True,11,12,3,1,coin_overflow
smart,20267668,56,141514,True,8,10,10,2,coin_overflow
smart,20267669,39,103311,True,9,11,6,0,coin_overflow
smart,20267670,34,87123,True,9,10,3,2,coin_overflow
smart,20267671,35,93312,True,9,10,4,1,coin_overflow
smart,20267672,29,77501,True,11,14,2,2,coin_overflow
smart,20267673,38,105122,True,6,11,4,1,coin_overflow
smart,20267674,46,124025,True,8,9,8,0,coin_overflow
smart,20267675,42,110014,True,8,11,6,1,coin_overflow
smart,20267676,40,93654,True,8,9,4,3,coin_overflow
smart,20267677,43,113173,True,7,9,6,1,coin_overflow
smart,20267678,26,65551,True,10,13,2,0,coin_overflow
smart,20267679,30,79528,True,6,9,0,3,coin_overflow
smart,20267680,35,84401,True,10,11,3,3,coin_overflow
smart,20267681,38,94722,True,8,9,4,2,coin_overflow
smart,20267682,41,107081,True,10,11,5,3,coin_overflow
smart,20267683,36,94023,True,9,11,5,0,coin_overflow
smart,20267684,42,111612,True,7,11,5,2,coin_overflow
smart,20267685,43,109035,True,6,8,5,2,coin_overflow
smart,20267686,31,80003,True,10,13,3,1,coin_overflow
smart,20267687,31,77806,True,9,10,2,2,coin_overflow
smart,20267688,28,78316,True,9,10,1,2,coin_overflow
smart,20267689,36,85154,True,7,10,3,2,coin_overflow
smart,20267690,30,76404,True,7,8,1,2,coin_overflow
smart,20267691,27,65003,True,11,13,2,1,coin_overflow
smart,20267692,32,80501,True,11,14,3,2,coin_overflow
smart,20267693,39,96021,True,9,13,4,3,coin_overflow
smart,20267694,28,67002,True,10,14,2,1,coin_overflow
smart,20267695,49,124206,True,9,12,8,2,coin_overflow
smart,20267696,52,130756,True,9,10,9,2,coin_overflow
smart,20267697,36,87601,True,8,13,4,1,coin_overflow
smart,20267698,36,93013,True,10,12,4,2,coin_overflow
smart,20267699,58,157751,True,9,11,11,2,coin_overflow
smart,20267700,39,101411,True,5,10,4,1,coin_overflow
smart,20267701,34,94126,True,10,11,4,1,coin_overflow
smart,20267702,65,161068,True,9,10,14,1,coin_overflow
smart,20267703,29,68507,True,9,12,2,1,coin_overflow
smart,20267704,39,104581,True,7,10,4,2,coin_overflow
smart,20267705,30,80012,True,9,13,3,0,coin_overflow
smart,20267706,24,61001,True,13,15,1,2,coin_overflow
smart,20267707,32,94156,True,11,12,3,2,coin_overflow
smart,20267708,32,81113,True,9,11,3,1,coin_overflow
smart,20267709,48,123181,True,7,10,7,2,coin_overflow
smart,20267710,34,91121,True,10,12,4,1,coin_overflow
smart,20267711,28,78754,True,6,8,0,2,coin_overflow
smart,20267712,24,53012,True,12,13,2,0,coin_overflow
smart,20267713,35,94002,True,9,14,4,1,coin_overflow
smart,20267714,23,60011,True,13,14,0,3,coin_overflow
smart,20267715,38,101521,True,9,12,5,1,coin_overflow
smart,20267716,49,128308,True,7,9,8,1,coin_overflow
smart,20267717,45,111301,True,11,12,8,1,coin_overflow
smart,20267718,37,92572,True,9,10,4,2,coin_overflow
smart,20267719,34,95146,True,8,9,4,0,coin_overflow
smart,20267720,34,85718,True,7,8,3,1,coin_overflow
smart,20267721,42,108631,True,7,10,5,2,coin_overflow
smart,20267722,44,112213,True,9,10,7,1,coin_overflow
smart,20267723,57,139661,True,10,11,11,2,coin_overflow
smart,20267724,34,89217,True,9,10,3,2,coin_overflow
smart,20267725,27,74521,True,11,12,2,1,coin_overflow
smart,20267726,31,77528,True,7,9,2,1,coin_overflow
smart,20267727,30,80228,True,7,8,1,2,coin_overflow
smart,20267728,35,95013,True,7,12,2,3,coin_overflow
smart,20267729,47,125073,True,9,10,6,4,coin_overflow
smart,20267730,54,136021,True,11,13,11,1,coin_overflow
smart,20267731,49,123316,True,6,10,7,2,coin_overflow
smart,20267732,41,111527,True,9,10,6,1,coin_overflow
smart,20267733,33,82176,True,8,10,3,1,coin_overflow
smart,20267734,35,89467,True,6,7,3,1,coin_overflow
smart,20267735,32,81502,True,12,13,4,1,coin_overflow
smart,20267736,32,86356,True,8,10,2,2,coin_overflow
smart,20267737,51,126142,True,8,9,9,1,coin_overflow
smart,20267738,45,122063,True,10,11,7,2,coin_overflow
smart,20267739,29,79401,True,9,11,2,1,coin_overflow
smart,20267740,43,110201,True,12,13,7,2,coin_overflow
smart,20267741,35,96553,True,9,11,4,1,coin_overflow
smart,20267742,43,109596,True,7,8,6,1,coin_overflow
smart,20267743,33,82517,True,7,11,2,2,coin_overflow
smart,20267744,49,124543,True,6,8,7,2,coin_overflow
smart,20267745,34,83521,True,11,12,5,0,coin_overflow
smart,20267746,33,80553,True,10,11,3,2,coin_overflow
smart,20267747,22,58306,True,10,11,0,1,coin_overflow
smart,20267748,28,79021,True,11,13,3,0,coin_overflow
smart,20267749,39,92501,True,9,14,6,0,coin_overflow
smart,20267750,35,96333,True,6,7,3,1,coin_overflow
smart,20267751,71,187701,True,11,12,16,2,coin_overflow
smart,20267752,49,125061,True,12,13,9,2,coin_overflow
smart,20267753,37,94553,True,10,11,3,4,coin_overflow
smart,20267754,36,92411,True,8,10,4,1,coin_overflow
smart,20267755,46,113722,True,7,9,7,1,coin_overflow
smart,20267756,26,76102,True,12,13,2,1,coin_overflow
smart,20267757,49,128902,True,5,9,6,3,coin_overflow
smart,20267758,49,125852,True,8,9,9,0,coin_overflow
smart,20267759,41,110061,True,12,13,7,1,coin_overflow
smart,20267760,51,129537,True,8,9,9,1,coin_overflow
smart,20267761,33,82521,True,11,12,4,1,coin_overflow
smart,20267762,41,109158,True,9,10,6,1,coin_overflow
smart,20267763,47,122004,True,8,12,7,2,coin_overflow
smart,20267764,37,96068,True,8,10,3,3,coin_overflow
smart,20267765,35,82414,True,6,7,3,1,coin_overflow
smart,20267766,38,97509,True,9,10,5,1,coin_overflow
smart,20267767,31,81071,True,7,12,2,1,coin_overflow
smart,20267768,28,71166,True,10,11,2,1,coin_overflow
smart,20267769,40,98107,True,10,12,6,1,coin_overflow
smart,20267770,36,93816,True,7,9,3,2,coin_overflow
smart,20267771,26,67351,True,8,11,0,2,coin_overflow
smart,20267772,50,127531,True,7,11,9,0,coin_overflow
smart,20267773,53,138021,True,12,13,11,1,coin_overflow
smart,20267774,39,104603,True,8,11,5,1,coin_overflow
smart,20267775,33,87003,True,12,13,5,0,coin_overflow
smart,20267776,51,133166,True,9,11,10,0,coin_overflow
smart,20267777,38,96301,True,11,12,5,2,coin_overflow
smart,20267778,35,79663,True,7,9,4,0,coin_overflow
smart,20267779,29,80106,True,12,13,3,1,coin_overflow
smart,20267780,28,71004,True,8,12,2,0,coin_overflow
smart,20267781,34,92186,True,7,9,3,1,coin_overflow
smart,20267782,30,75706,True,8,11,2,1,coin_overflow
smart,20267783,40,101022,True,11,12,7,0,coin_overflow
smart,20267784,35,90008,True,9,12,4,1,coin_overflow
smart,20267785,29,77553,True,9,11,2,1,coin_overflow
smart,20267786,46,114122,True,6,11,6,2,coin_overflow
smart,20267787,36,97224,True,7,8,3,2,coin_overflow
smart,20267788,52,136114,True,6,10,8,2,coin_overflow
smart,20267789,44,111119,True,8,9,6,2,coin_overflow
smart,20267790,36,96015,True,7,10,3,2,coin_overflow
smart,20267791,28,77011,True,13,14,3,1,coin_overflow
smart,20267792,31,79121,True,7,12,2,1,coin_overflow
smart,20267793,42,108001,True,13,15,7,2,coin_overflow
smart,20267794,33,79612,True,7,11,2,2,coin_overflow
smart,20267795,38,97131,True,9,11,5,1,coin_overflow
smart,20267796,33,83002,True,13,14,4,2,coin_overflow
smart,20267797,44,113032,True,5,11,5,2,coin_overflow
smart,20267798,36,96611,True,8,12,4,1,coin_overflow
smart,20267799,26,75006,True,10,14,2,0,coin_overflow
smart,20267800,45,112605,True,7,9,6,2,coin_overflow
smart,20267801,43,108227,True,7,9,6,1,coin_overflow
smart,20267802,38,98561,True,9,12,5,1,coin_overflow
smart,20267803,41,107202,True,11,12,6,2,coin_overflow
smart,20267804,34,94606,True,9,12,3,2,coin_overflow
smart,20267805,31,81506,True,12,13,3,2,coin_overflow
smart,20267806,32,79255,True,5,8,1,2,coin_overflow
smart,20267807,23,64101,True,12,14,1,1,coin_overflow
smart,20267808,31,81507,True,11,12,4,0,coin_overflow
smart,20267809,41,109116,True,11,12,6,2,coin_overflow
smart,20267810,26,68153,True,10,11,2,0,coin_overflow
smart,20267811,39,97671,True,9,10,6,0,coin_overflow
smart,20267812,39,97059,True,8,10,5,1,coin_overflow
smart,20267813,35,93406,True,8,10,3,2,coin_overflow
smart,20267814,24,65041,True,10,11,0,2,coin_overflow
smart,20267815,30,78106,True,8,13,2,1,coin_overflow
smart,20267816,28,64652,True,10,11,2,1,coin_overflow
smart,20267817,33,81561,True,11,12,4,1,coin_overflow
smart,20267818,63,170341,True,7,8,12,2,coin_overflow
smart,20267819,43,105560,True,7,8,6,1,coin_overflow
smart,20267820,28,76112,True,10,12,2,1,coin_overflow
smart,20267821,52,130611,True,6,12,8,2,coin_overflow
smart,20267822,31,80153,True,9,11,2,2,coin_overflow
smart,20267823,46,111331,True,8,9,6,3,coin_overflow
smart,20267824,28,69041,True,10,11,2,1,coin_overflow
smart,20267825,50,123541,True,8,10,8,2,coin_overflow
smart,20267826,25,65031,True,11,12,2,0,coin_overflow
smart,20267827,55,143527,True,9,10,10,2,coin_overflow
smart,20267828,37,96681,True,7,9,4,1,coin_overflow
smart,20267829,33,89129,True,7,8,2,2,coin_overflow
smart,20267830,59,151062,True,8,12,11,2,coin_overflow
smart,20267831,41,105071,True,11,12,6,2,coin_overflow
smart,20267832,32,85802,True,9,10,3,1,coin_overflow
smart,20267833,38,108020,True,8,9,4,2,coin_overflow
smart,20267834,42,108062,True,10,12,6,2,coin_overflow
smart,20267835,34,93571,True,10,11,4,1,coin_overflow
smart,20267836,44,112123,True,9,10,7,1,coin_overflow
smart,20267837,52,133576,True,9,10,9,2,coin_overflow
smart,20267838,40,106413,True,5,8,5,0,coin_overflow
smart,20267839,25,64017,True,11,12,2,0,coin_overflow
smart,20267840,38,95022,True,10,12,6,0,coin_overflow
smart,20267841,39,95004,True,7,12,4,2,coin_overflow
smart,20267842,36,95116,True,11,12,5,1,coin_overflow
smart,20267843,36,91111,True,11,13,5,1,coin_overflow
smart,20267844,41,101504,True,8,11,5,2,coin_overflow
smart,20267845,39,97166,True,8,11,5,1,coin_overflow
smart,20267846,47,123311,True,5,11,6,2,coin_overflow
smart,20267847,30,78631,True,9,10,1,3,coin_overflow
smart,20267848,34,90066,True,10,12,4,1,coin_overflow
smart,20267849,42,109077,True,9,10,5,3,coin_overflow
smart,20267850,52,133696,True,6,7,8,2,coin_overflow
smart,20267851,34,90306,True,7,11,1,4,coin_overflow
smart,20267852,34,83111,True,11,13,5,0,coin_overflow
smart,20267853,38,96077,True,7,10,5,0,coin_overflow
smart,20267854,25,64001,True,10,15,1,1,coin_overflow
smart,20267855,31,78182,True,7,9,2,1,coin_overflow
smart,20267856,30,81671,True,9,10,1,3,coin_overflow
smart,20267857,57,153952,True,6,8,11,0,coin_overflow
smart,20267858,33,87756,True,9,10,2,3,coin_overflow
smart,20267859,24,63602,True,11,12,1,1,coin_overflow
smart,20267860,52,122751,True,10,11,10,1,coin_overflow
smart,20267861,26,64521,True,11,12,1,2,coin_overflow
smart,20267862,44,112528,True,5,9,5,2,coin_overflow
smart,20267863,42,109601,True,7,13,5,2,coin_overflow
smart,20267864,33,84652,True,8,11,3,1,coin_overflow
smart,20267865,33,80701,True,11,12,4,1,coin_overflow
smart,20267866,35,83122,True,9,11,4,1,coin_overflow
smart,20267867,41,96066,True,7,12,6,0,coin_overflow
smart,20267868,33,89586,True,6,9,3,0,coin_overflow
smart,20267869,40,108176,True,9,10,5,2,coin_overflow
smart,20267870,38,95103,True,6,12,4,1,coin_overflow
smart,20267871,33,80001,True,13,15,4,2,coin_overflow
smart,20267872,38,98661,True,9,11,5,1,coin_overflow
smart,20267873,32,80532,True,9,10,3,1,coin_overflow
smart,20267874,39,106176,True,7,10,4,2,coin_overflow
smart,20267875,46,120504,True,8,11,8,0,coin_overflow
smart,20267876,28,70118,True,8,10,2,0,coin_overflow
smart,20267877,28,77203,True,10,11,2,1,coin_overflow
smart,20267878,29,80121,True,10,12,3,0,coin_overflow
smart,20267879,37,94262,True,8,10,3,3,coin_overflow
smart,20267880,23,63608,True,9,10,0,1,coin_overflow
smart,20267881,30,68102,True,8,13,2,1,coin_overflow
smart,20267882,38,104351,True,9,11,5,1,coin_overflow
smart,20267883,32,80261,True,9,11,3,1,coin_overflow
smart,20267884,35,90512,True,10,12,5,0,coin_overflow
smart,20267885,27,64107,True,11,12,2,1,coin_overflow
smart,20267886,29,77081,True,10,11,3,0,coin_overflow
smart,20267887,25,65611,True,11,12,2,0,coin_overflow
smart,20267888,38,96507,True,10,12,6,0,coin_overflow
smart,20267889,37,96009,True,8,11,3,3,coin_overflow
smart,20267890,53,140809,True,5,7,8,2,coin_overflow
smart,20267891,31,80601,True,8,13,1,3,coin_overflow
smart,20267892,33,90563,True,7,10,2,2,coin_overflow
smart,20267893,46,113902,True,8,9,8,0,coin_overflow
smart,20267894,32,88711,True,6,11,2,1,coin_overflow
smart,20267895,33,85216,True,9,11,2,3,coin_overflow
smart,20267896,26,71518,True,9,10,1,1,coin_overflow
smart,20267897,34,84521,True,11,12,5,0,coin_overflow
smart,20267898,33,80063,True,8,11,3,1,coin_overflow
smart,20267899,30,71501,True,12,14,4,0,coin_overflow
smart,20267900,51,127262,True,8,10,9,1,coin_overflow
smart,20267901,26,65502,True,11,13,1,2,coin_overflow
smart,20267902,31,78503,True,11,12,2,3,coin_overflow
smart,20267903,24,63301,True,11,12,1,1,coin_overflow
smart,20267904,38,97523,True,9,10,5,1,coin_overflow
smart,20267905,40,105557,True,7,11,5,1,coin_overflow
smart,20267906,46,116002,True,7,14,7,1,coin_overflow
smart,20267907,28,75657,True,8,10,0,3,coin_overflow
smart,20267908,24,66121,True,11,12,1,1,coin_overflow
smart,20267909,29,80556,True,8,12,1,2,coin_overflow
smart,20267910,29,69004,True,9,12,2,1,coin_overflow
smart,20267911,27,66061,True,8,13,1,1,coin_overflow
smart,20267912,48,125566,True,9,11,9,0,coin_overflow
smart,20267913,42,111101,True,13,14,7,2,coin_overflow
smart,20267914,26,68501,True,9,14,1,1,coin_overflow
smart,20267915,25,65226,True,9,10,0,2,coin_overflow
smart,20267916,33,77033,True,7,10,2,2,coin_overflow
smart,20267917,28,79656,True,10,11,2,1,coin_overflow
smart,20267918,26,63501,True,10,14,2,0,coin_overflow
smart,20267919,52,140057,True,8,12,10,0,coin_overflow
smart,20267920,26,63002,True,12,14,2,1,coin_overflow
smart,20267921,40,109131,True,10,11,6,1,coin_overflow
smart,20267922,26,74656,True,8,11,0,2,coin_overflow
smart,20267923,50,133631,True,4,10,8,0,coin_overflow
smart,20267924,46,114291,True,5,8,5,3,coin_overflow
smart,20267925,24,61303,True,9,10,1,0,coin_overflow
smart,20267926,47,118133,True,8,9,7,2,coin_overflow
smart,20267927,22,59101,True,13,14,1,1,coin_overflow
smart,20267928,43,113102,True,10,13,7,1,coin_overflow
smart,20267929,31,78318,True,7,8,2,1,coin_overflow
smart,20267930,43,108237,True,6,8,5,2,coin_overflow
smart,20267931,33,89601,True,12,13,5,0,coin_overflow
smart,20267932,44,112041,True,9,11,5,4,coin_overflow
smart,20267933,40,100109,True,9,10,5,2,coin_overflow
smart,20267934,44,111061,True,8,13,6,2,coin_overflow
smart,20267935,21,61002,True,13,14,0,2,coin_overflow
smart,20267936,34,92067,True,10,11,4,1,coin_overflow
smart,20267937,31,81156,True,8,12,3,0,coin_overflow
smart,20267938,63,165313,True,7,9,12,2,coin_overflow
smart,20267939,34,94061,True,10,13,4,1,coin_overflow
smart,20267940,40,100125,True,7,8,5,1,coin_overflow
smart,20267941,40,108323,True,7,8,5,1,coin_overflow
smart,20267942,27,67501,True,11,14,2,1,coin_overflow
smart,20267943,35,92103,True,9,12,4,1,coin_overflow
smart,20267944,36,96060,True,8,9,4,1,coin_overflow
smart,20267945,42,111647,True,6,7,4,3,coin_overflow
smart,20267946,40,110417,True,6,8,4,2,coin_overflow
smart,20267947,36,93601,True,12,13,6,0,coin_overflow
smart,20267948,35,83303,True,8,10,3,2,coin_overflow
smart,20267949,34,82568,True,7,9,3,1,coin_overflow
smart,20267950,39,97091,True,8,10,5,1,coin_overflow
smart,20267951,45,112022,True,11,12,8,1,coin_overflow
smart,20267952,34,81636,True,8,9,4,0,coin_overflow
smart,20267953,34,92651,True,11,12,5,0,coin_overflow
smart,20267954,31,79101,True,11,14,4,0,coin_overflow
smart,20267955,42,109461,True,7,9,5,2,coin_overflow
smart,20267956,45,112657,True,9,10,8,0,coin_overflow
smart,20267957,46,115166,True,7,11,7,1,coin_overflow
smart,20267958,48,125967,True,5,6,7,1,coin_overflow
smart,20267959,43,110052,True,8,13,7,0,coin_overflow
smart,20267960,28,76019,True,9,10,1,2,coin_overflow
smart,20267961,40,104002,True,13,14,7,1,coin_overflow
smart,20267962,37,95166,True,10,11,5,1,coin_overflow
smart,20267963,27,65306,True,8,11,1,1,coin_overflow
smart,20267964,29,69014,True,10,11,3,0,coin_overflow
smart,20267965,43,107205,True,8,9,7,0,coin_overflow
smart,20267966,29,76608,True,9,10,2,1,coin_overflow
smart,20267967,25,62222,True,9,10,0,2,coin_overflow
smart,20267968,24,64531,True,8,11,0,1,coin_overflow
smart,20267969,38,94255,True,7,8,5,0,coin_overflow
smart,20267970,28,69652,True,9,11,1,2,coin_overflow
smart,20267971,48,125066,True,11,12,9,1,coin_overflow
smart,20267972,41,105054,True,5,11,4,2,coin_overflow
smart,20267973,45,123431,True,6,8,7,0,coin_overflow
smart,20267974,37,95061,True,10,13,5,1,coin_overflow
smart,20267975,49,128152,True,10,12,9,1,coin_overflow
smart,20267976,35,84007,True,9,13,4,1,coin_overflow
smart,20267977,34,92009,True,10,11,4,1,coin_overflow
smart,20267978,52,140010,True,9,10,9,2,coin_overflow
smart,20267979,28,69008,True,9,12,1,2,coin_overflow
smart,20267980,38,98711,True,10,11,6,0,coin_overflow
smart,20267981,37,97143,True,7,8,4,1,coin_overflow
smart,20267982,49,125178,True,7,8,8,1,coin_overflow
smart,20267983,50,126512,True,9,12,9,1,coin_overflow
smart,20267984,25,64612,True,9,11,0,2,coin_overflow
smart,20267985,56,142555,True,8,9,10,2,coin_overflow
smart,20267986,38,95703,True,6,10,4,1,coin_overflow
smart,20267987,31,80153,True,7,11,2,1,coin_overflow
smart,20267988,72,186032,True,10,11,16,2,coin_overflow
smart,20267989,36,92133,True,7,9,3,2,coin_overflow
smart,20267990,63,168501,True,11,14,14,1,coin_overflow
smart,20267991,37,97402,True,9,10,2,5,coin_overflow
smart,20267992,70,185621,True,10,11,16,1,coin_overflow
smart,20267993,51,130216,True,9,11,10,0,coin_overflow
smart,20267994,41,100502,True,8,13,5,2,coin_overflow
smart,20267995,48,126544,True,6,7,6,3,coin_overflow
smart,20267996,29,73502,True,12,13,3,1,coin_overflow
smart,20267997,51,129722,True,7,9,8,2,coin_overflow
smart,20267998,33,82033,True,9,10,4,0,coin_overflow
smart,20267999,28,81004,True,10,12,2,1,coin_overflow
smart,20268000,29,78513,True,9,11,2,1,coin_overflow
smart,20268001,38,95526,True,8,11,4,2,coin_overflow
smart,20268002,42,109158,True,9,10,7,0,coin_overflow
smart,20268003,50,130178,True,7,8,9,0,coin_overflow
smart,20268004,30,78606,True,11,12,3,1,coin_overflow
smart,20268005,41,102657,True,9,10,6,1,coin_overflow
smart,20268006,45,123264,True,7,8,6,2,coin_overflow
smart,20268007,63,162057,True,11,12,14,1,coin_overflow
smart,20268008,33,85162,True,9,11,4,0,coin_overflow
smart,20268009,44,108377,True,6,7,6,1,coin_overflow
smart,20268010,25,64116,True,9,12,0,2,coin_overflow
smart,20268011,40,93231,True,9,10,5,2,coin_overflow
smart,20268012,40,96317,True,8,9,6,0,coin_overflow
smart,20268013,42,110056,True,9,13,7,0,coin_overflow
smart,20268014,25,66602,True,9,12,0,2,coin_overflow
smart,20268015,34,90262,True,9,10,3,2,coin_overflow
smart,20268016,33,83226,True,7,10,2,2,coin_overflow
smart,20268017,39,93613,True,9,10,6,0,coin_overflow
smart,20268018,30,79006,True,7,14,1,2,coin_overflow
smart,20268019,43,108042,True,8,10,7,0,coin_overflow
smart,20268020,42,112062,True,10,12,6,2,coin_overflow
smart,20268021,41,103166,True,9,11,6,1,coin_overflow
smart,20268022,31,80255,True,6,8,1,2,coin_overflow
smart,20268023,40,104101,True,9,14,5,2,coin_overflow
smart,20268024,39,106738,True,4,6,3,2,coin_overflow
smart,20268025,51,126552,True,10,12,9,2,coin_overflow
smart,20268026,39,99617,True,7,10,4,2,coin_overflow
smart,20268027,26,68021,True,11,13,1,2,coin_overflow
smart,20268028,22,63702,True,10,11,0,1,coin_overflow
smart,20268029,40,104602,True,9,12,5,2,coin_overflow
smart,20268030,27,70028,True,8,10,1,1,coin_overflow
smart,20268031,29,78011,True,7,14,2,0,coin_overflow
smart,20268032,36,91642,True,7,8,3,2,coin_overflow
smart,20268033,28,76113,True,9,11,1,2,coin_overflow
smart,20268034,49,127606,True,10,12,9,1,coin_overflow
smart,20268035,45,110157,True,8,11,7,1,coin_overflow
smart,20268036,37,94126,True,10,11,5,1,coin_overflow
smart,20268037,42,111111,True,12,13,8,0,coin_overflow
smart,20268038,39,99515,True,8,9,5,1,coin_overflow
smart,20268039,41,109563,True,9,10,6,1,coin_overflow
smart,20268040,25,63221,True,10,11,1,1,coin_overflow
smart,20268041,28,73211,True,10,12,2,1,coin_overflow
smart,20268042,43,112051,True,10,14,7,1,coin_overflow
smart,20268043,33,88352,True,7,10,2,2,coin_overflow
smart,20268044,59,149061,True,10,13,11,3,coin_overflow
smart,20268045,35,84127,True,8,10,3,2,coin_overflow
smart,20268046,41,112114,True,8,10,5,2,coin_overflow
smart,20268047,30,80008,True,11,12,3,1,coin_overflow
smart,20268048,28,75001,True,12,15,2,2,coin_overflow
smart,20268049,44,109612,True,8,11,6,2,coin_overflow
smart,20268050,34,85661,True,10,11,4,1,coin_overflow
smart,20268051,26,65656,True,8,11,0,2,coin_overflow
smart,20268052,38,94005,True,10,11,6,0,coin_overflow
smart,20268053,37,96057,True,8,12,5,0,coin_overflow
smart,20268054,37,95502,True,9,13,4,2,coin_overflow
smart,20268055,32,81003,True,12,13,4,1,coin_overflow
smart,20268056,40,98626,True,7,10,5,1,coin_overflow
smart,20268057,33,86651,True,9,12,4,0,coin_overflow
smart,20268058,30,73168,True,8,9,2,1,coin_overflow
smart,20268059,31,78576,True,8,10,1,3,coin_overflow
smart,20268060,24,62001,True,14,15,2,1,coin_overflow
smart,20268061,24,56556,True,11,12,1,1,coin_overflow
smart,20268062,39,103121,True,11,12,6,1,coin_overflow
smart,20268063,44,117033,True,9,10,7,1,coin_overflow
smart,20268064,51,127257,True,8,10,9,1,coin_overflow
smart,20268065,36,94518,True,5,10,3,1,coin_overflow
smart,20268066,25,63167,True,9,10,0,2,coin_overflow
smart,20268067,27,62753,True,7,9,0,2,coin_overflow
smart,20268068,29,78501,True,12,14,3,1,coin_overflow
smart,20268069,50,124301,True,10,12,8,3,coin_overflow
smart,20268070,60,159732,True,7,8,11,2,coin_overflow
smart,20268071,38,96101,True,12,14,6,1,coin_overflow
smart,20268072,42,107505,True,9,10,7,0,coin_overflow
smart,20268073,43,105308,True,8,9,7,0,coin_overflow
smart,20268074,26,65001,True,12,15,2,1,coin_overflow
smart,20268075,28,68058,True,10,11,2,1,coin_overflow
smart,20268076,33,92058,True,10,11,3,2,coin_overflow
smart,20268077,35,93046,True,6,10,3,1,coin_overflow
smart,20268078,31,80556,True,10,12,3,1,coin_overflow
smart,20268079,35,95211,True,9,12,4,1,coin_overflow
smart,20268080,53,140722,True,8,9,9,2,coin_overflow
smart,20268081,51,130361,True,8,10,9,1,coin_overflow
smart,20268082,38,96553,True,10,11,6,0,coin_overflow
smart,20268083,44,118051,True,12,14,8,1,coin_overflow
smart,20268084,44,109262,True,9,10,7,1,coin_overflow
smart,20268085,38,98172,True,9,10,5,1,coin_overflow
smart,20268086,23,55601,True,11,13,0,2,coin_overflow
smart,20268087,30,72508,True,10,11,2,2,coin_overflow
smart,20268088,36,94214,True,8,9,4,1,coin_overflow
smart,20268089,32,91556,True,10,12,4,0,coin_overflow
smart,20268090,46,121677,True,7,8,7,1,coin_overflow
smart,20268091,39,99701,True,10,12,5,2,coin_overflow
smart,20268092,31,76656,True,10,11,3,1,coin_overflow
smart,20268093,37,94051,True,13,14,6,1,coin_overflow
smart,20268094,25,66104,True,10,11,1,1,coin_overflow
smart,20268095,49,127108,True,10,11,9,1,coin_overflow
smart,20268096,35,91666,True,9,10,4,1,coin_overflow
smart,20268097,43,110507,True,9,12,6,2,coin_overflow
smart,20268098,30,69614,True,8,9,2,1,coin_overflow
smart,20268099,31,78001,True,8,15,1,3,coin_overflow
smart,20268100,33,81712,True,9,10,4,0,coin_overflow
smart,20268101,22,59552,True,11,12,1,0,coin_overflow
smart,20268102,37,91116,True,10,12,5,1,coin_overflow
smart,20268103,31,80626,True,9,10,2,2,coin_overflow
smart,20268104,41,104211,True,9,12,6,1,coin_overflow
smart,20268105,27,67177,True,8,9,1,1,coin_overflow
smart,20268106,41,111026,True,11,12,6,2,coin_overflow
smart,20268107,54,142406,True,9,10,11,0,coin_overflow
smart,20268108,32,81051,True,12,14,4,1,coin_overflow
smart,20268109,34,86058,True,8,11,4,0,coin_overflow
smart,20268110,32,79402,True,9,10,3,1,coin_overflow
smart,20268111,42,110713,True,8,9,6,1,coin_overflow
smart,20268112,48,124611,True,10,12,8,2,coin_overflow
smart,20268113,33,89008,True,10,12,3,2,coin_overflow
smart,20268114,51,137187,True,6,8,9,0,coin_overflow
smart,20268115,30,80051,True,11,14,3,1,coin_overflow
smart,20268116,37,96801,True,5,11,2,3,coin_overflow
smart,20268117,30,74111,True,11,13,3,1,coin_overflow
smart,20268118,30,78658,True,8,9,2,1,coin_overflow
smart,20268119,53,133757,True,8,9,9,2,coin_overflow
smart,20268120,32,83214,True,8,9,2,2,coin_overflow
smart,20268121,66,169721,True,6,10,12,3,coin_overflow
smart,20268122,22,61301,True,11,12,1,0,coin_overflow
smart,20268123,63,164242,True,7,8,12,2,coin_overflow
smart,20268124,43,111107,True,9,12,6,2,coin_overflow
smart,20268125,54,139406,True,9,10,11,0,coin_overflow
smart,20268126,56,141013,True,10,12,10,3,coin_overflow
smart,20268127,42,112286,True,7,8,5,2,coin_overflow
smart,20268128,38,96124,True,8,9,4,2,coin_overflow
smart,20268129,34,90651,True,9,12,3,2,coin_overflow
smart,20268130,31,79714,True,7,8,2,1,coin_overflow
smart,20268131,41,106520,True,6,8,5,1,coin_overflow
smart,20268132,39,97903,True,7,8,4,2,coin_overflow
smart,20268133,41,104707,True,5,10,4,2,coin_overflow
smart,20268134,38,96561,True,10,12,4,3,coin_overflow
smart,20268135,49,122058,True,10,11,9,1,coin_overflow
smart,20268136,36,83712,True,5,10,3,1,coin_overflow
smart,20268137,33,81122,True,10,11,3,2,coin_overflow
smart,20268138,46,118553,True,9,11,7,2,coin_overflow
smart,20268139,45,115410,True,5,6,6,1,coin_overflow
smart,20268140,43,109551,True,11,13,8,0,coin_overflow
smart,20268141,33,92136,True,9,10,4,0,coin_overflow
smart,20268142,36,98315,True,6,7,2,3,coin_overflow
smart,20268143,35,91106,True,8,13,3,2,coin_overflow
smart,20268144,28,66011,True,13,14,3,1,coin_overflow
smart,20268145,42,108657,True,9,10,5,3,coin_overflow
smart,20268146,29,74557,True,9,11,2,1,coin_overflow
smart,20268147,41,109131,True,6,11,5,1,coin_overflow
smart,20268148,28,68204,True,9,10,1,2,coin_overflow
smart,20268149,34,91511,True,11,13,5,0,coin_overflow
smart,20268150,24,66702,True,8,11,0,1,coin_overflow
smart,20268151,45,112253,True,9,10,8,0,coin_overflow
smart,20268152,57,147253,True,8,10,11,1,coin_overflow
smart,20268153,54,142061,True,11,13,11,1,coin_overflow
smart,20268154,57,150652,True,7,11,10,2,coin_overflow
smart,20268155,40,106371,True,8,9,6,0,coin_overflow
smart,20268156,31,78657,True,8,10,3,0,coin_overflow
smart,20268157,41,108131,True,10,11,7,0,coin_overflow
smart,20268158,38,96112,True,9,12,5,1,coin_overflow
smart,20268159,41,110077,True,9,10,6,1,coin_overflow
smart,20268160,33,86332,True,7,8,2,2,coin_overflow
smart,20268161,24,62026,True,10,12,0,2,coin_overflow
smart,20268162,33,89262,True,7,10,2,2,coin_overflow
smart,20268163,29,75107,True,8,12,1,2,coin_overflow
smart,20268164,35,93052,True,8,13,3,2,coin_overflow
smart,20268165,33,85158,True,8,10,3,1,coin_overflow
smart,20268166,35,93015,True,8,10,3,2,coin_overflow
smart,20268167,41,107116,True,9,12,6,1,coin_overflow
smart,20268168,43,109857,True,7,8,6,1,coin_overflow
smart,20268169,44,120132,True,7,10,7,0,coin_overflow
smart,20268170,70,186503,True,10,12,16,1,coin_overflow
smart,20268171,36,90871,True,6,8,2,3,coin_overflow
smart,20268172,45,120502,True,11,13,8,1,coin_overflow
smart,20268173,39,98103,True,8,12,5,1,coin_overflow
smart,20268174,43,112502,True,9,13,6,2,coin_overflow
smart,20268175,38,97083,True,6,9,4,1,coin_overflow
smart,20268176,36,95008,True,11,12,5,1,coin_overflow
smart,20268177,39,107227,True,8,9,5,1,coin_overflow
smart,20268178,38,95854,True,6,7,4,1,coin_overflow
smart,20268179,28,76162,True,10,11,2,1,coin_overflow
smart,20268180,61,155952,True,7,8,12,1,coin_overflow
smart,20268181,32,82054,True,9,11,3,1,coin_overflow
smart,20268182,45,119671,True,9,10,8,0,coin_overflow
smart,20268183,33,85851,True,9,10,4,0,coin_overflow
smart,20268184,34,93653,True,9,10,3,2,coin_overflow
smart,20268185,48,126059,True,8,10,8,1,coin_overflow
smart,20268186,34,89565,True,7,8,3,1,coin_overflow
smart,20268187,52,137671,True,8,10,10,0,coin_overflow
smart,20268188,32,80132,True,9,10,3,1,coin_overflow
smart,20268189,37,94703,True,9,10,4,2,coin_overflow
smart,20268190,37,96627,True,8,9,5,0,coin_overflow
smart,20268191,39,105001,True,11,15,6,1,coin_overflow
smart,20268192,29,79071,True,9,12,2,1,coin_overflow
smart,20268193,39,98341,True,6,8,5,0,coin_overflow
smart,20268194,30,70114,True,7,10,1,2,coin_overflow
smart,20268195,72,187056,True,12,13,16,3,coin_overflow
smart,20268196,30,72605,True,8,9,2,1,coin_overflow
smart,20268197,46,125472,True,6,7,6,2,coin_overflow
smart,20268198,37,98073,True,7,10,4,1,coin_overflow
smart,20268199,25,63504,True,10,11,1,1,coin_overflow
smart,20268200,38,100546,True,8,9,4,2,coin_overflow
smart,20268201,33,82816,True,8,9,3,1,coin_overflow
smart,20268202,26,61162,True,9,11,1,1,coin_overflow
smart,20268203,37,98043,True,8,9,3,3,coin_overflow
smart,20268204,35,89061,True,8,13,3,2,coin_overflow
smart,20268205,33,91021,True,8,13,3,1,coin_overflow
smart,20268206,30,78012,True,12,13,4,0,coin_overflow
smart,20268207,47,127059,True,7,10,8,0,coin_overflow
smart,20268208,38,96603,True,9,11,5,1,coin_overflow
smart,20268209,28,69601,True,12,13,2,2,coin_overflow
smart,20268210,42,100078,True,8,9,6,1,coin_overflow
smart,20268211,58,146216,True,6,11,10,2,coin_overflow
smart,20268212,40,108501,True,11,14,7,0,coin_overflow
smart,20268213,32,79222,True,9,10,3,1,coin_overflow
smart,20268214,44,110144,True,4,7,6,0,coin_overflow
smart,20268215,28,65031,True,10,12,2,1,coin_overflow
smart,20268216,31,81064,True,6,10,1,2,coin_overflow
smart,20268217,36,93407,True,7,9,3,2,coin_overflow
smart,20268218,31,79556,True,10,12,3,1,coin_overflow
smart,20268219,31,80042,True,9,10,2,2,coin_overflow
smart,20268220,25,65216,True,9,11,0,2,coin_overflow
smart,20268221,28,68029,True,7,9,1,1,coin_overflow
smart,20268222,26,74033,True,8,10,0,2,coin_overflow
smart,20268223,34,90273,True,6,8,2,2,coin_overflow
smart,20268224,28,74406,True,9,10,1,2,coin_overflow
smart,20268225,32,79504,True,9,11,3,1,coin_overflow
smart,20268226,32,81052,True,12,13,4,1,coin_overflow
smart,20268227,29,72516,True,10,12,3,0,coin_overflow
smart,20268228,44,112562,True,8,11,6,2,coin_overflow
smart,20268229,24,62537,True,8,9,0,1,coin_overflow
smart,20268230,36,91012,True,8,13,4,1,coin_overflow
smart,20268231,58,149471,True,5,8,11,0,coin_overflow
smart,20268232,43,112204,True,7,10,6,1,coin_overflow
smart,20268233,40,98806,True,9,10,5,2,coin_overflow
smart,20268234,43,109857,True,7,8,6,1,coin_overflow
smart,20268235,35,97006,True,12,14,5,1,coin_overflow
smart,20268236,35,92501,True,11,14,4,2,coin_overflow
smart,20268237,55,138521,True,11,12,12,0,coin_overflow
smart,20268238,46,124118,True,8,10,8,0,coin_overflow
smart,20268239,71,175201,True,11,13,16,2,coin_overflow
smart,20268240,50,125883,True,4,5,8,0,coin_overflow
smart,20268241,42,110124,True,7,9,5,2,coin_overflow
smart,20268242,35,95563,True,9,10,4,1,coin_overflow
smart,20268243,45,119351,True,7,11,6,2,coin_overflow
smart,20268244,25,66216,True,9,11,0,2,coin_overflow
smart,20268245,42,106281,True,7,9,5,2,coin_overflow
smart,20268246,34,85042,True,9,10,3,2,coin_overflow
smart,20268247,45,122352,True,9,10,8,0,coin_overflow
smart,20268248,23,54221,True,9,11,0,1,coin_overflow
smart,20268249,33,88156,True,11,12,4,1,coin_overflow
smart,20268250,40,103715,True,5,7,5,0,coin_overflow
smart,20268251,27,67561,True,11,12,2,1,coin_overflow
smart,20268252,47,122114,True,8,10,7,2,coin_overflow
smart,20268253,41,108606,True,9,12,6,1,coin_overflow
smart,20268254,31,81064,True,9,10,2,2,coin_overflow
smart,20268255,30,76508,True,10,11,2,2,coin_overflow
smart,20268256,34,89751,True,10,11,4,1,coin_overflow
smart,20268257,33,92306,True,9,11,2,3,coin_overflow
smart,20268258,34,86156,True,9,12,3,2,coin_overflow
smart,20268259,32,79708,True,8,9,2,2,coin_overflow
smart,20268260,27,65251,True,10,12,1,2,coin_overflow
smart,20268261,43,109007,True,11,13,8,0,coin_overflow
smart,20268262,35,87537,True,7,9,2,3,coin_overflow
smart,20268263,27,78001,True,13,15,2,2,coin_overflow
smart,20268264,31,80108,True,10,11,3,1,coin_overflow
smart,20268265,53,138006,True,7,14,8,3,coin_overflow
smart,20268266,37,94957,True,4,7,3,1,coin_overflow
smart,20268267,46,120031,True,11,12,9,0,coin_overflow
smart,20268268,38,106512,True,10,12,6,0,coin_overflow
smart,20268269,29,75651,True,8,12,1,2,coin_overflow
smart,20268270,29,77031,True,9,12,2,1,coin_overflow
smart,20268271,37,93658,True,5,9,4,0,coin_overflow
smart,20268272,28,78172,True,7,10,1,1,coin_overflow
smart,20268273,31,76451,True,8,10,1,3,coin_overflow
smart,20268274,34,90951,True,8,9,4,0,coin_overflow
smart,20268275,28,67856,True,8,9,2,0,coin_overflow
smart,20268276,25,68212,True,10,11,1,1,coin_overflow
smart,20268277,38,95851,True,6,10,4,1,coin_overflow
smart,20268278,24,64158,True,8,10,0,1,coin_overflow
smart,20268279,37,95202,True,11,12,6,0,coin_overflow
smart,20268280,35,92222,True,9,10,4,1,coin_overflow
smart,20268281,34,87667,True,8,9,4,0,coin_overflow
smart,20268282,24,61116,True,11,12,1,1,coin_overflow
smart,20268283,37,95751,True,9,11,4,2,coin_overflow
smart,20268284,49,122024,True,8,10,9,0,coin_overflow
smart,20268285,19,49501,True,11,14,0,0,coin_overflow
smart,20268286,44,121501,True,8,14,6,2,coin_overflow
smart,20268287,34,87723,True,7,8,3,1,coin_overflow
smart,20268288,32,83113,True,10,11,2,3,coin_overflow
smart,20268289,39,106021,True,9,13,4,3,coin_overflow
smart,20268290,48,116103,True,9,12,7,3,coin_overflow
smart,20268291,46,116012,True,9,13,7,2,coin_overflow
smart,20268292,64,157626,True,6,10,12,2,coin_overflow
smart,20268293,50,129403,True,8,9,8,2,coin_overflow
smart,20268294,40,103402,True,7,10,5,1,coin_overflow
smart,20268295,23,53251,True,11,12,0,2,coin_overflow
smart,20268296,31,80531,True,7,11,2,1,coin_overflow
smart,20268297,32,80637,True,6,8,2,1,coin_overflow
smart,20268298,29,78251,True,10,12,3,0,coin_overflow
smart,20268299,49,125521,True,11,12,8,3,coin_overflow
smart,20268300,38,100622,True,6,10,4,1,coin_overflow
smart,20268301,33,89132,True,8,10,3,1,coin_overflow
smart,20268302,47,113811,True,6,10,7,1,coin_overflow
smart,20268303,34,90861,True,7,9,3,1,coin_overflow
smart,20268304,33,78514,True,8,10,3,1,coin_overflow
smart,20268305,50,136164,True,6,9,8,1,coin_overflow
smart,20268306,25,65811,True,9,10,0,2,coin_overflow
smart,20268307,28,78551,True,12,13,2,2,coin_overflow
smart,20268308,57,141013,True,7,12,10,2,coin_overflow
smart,20268309,45,114162,True,8,11,7,1,coin_overflow
smart,20268310,25,64253,True,9,10,0,2,coin_overflow
smart,20268311,27,66502,True,12,13,3,0,coin_overflow
smart,20268312,40,104061,True,7,13,5,1,coin_overflow
smart,20268313,42,108106,True,10,13,6,2,coin_overflow
smart,20268314,40,106581,True,6,10,4,2,coin_overflow
smart,20268315,25,65166,True,10,11,1,1,coin_overflow
smart,20268316,40,99131,True,8,11,6,0,coin_overflow
smart,20268317,58,147004,True,11,12,13,0,coin_overflow
smart,20268318,37,92553,True,10,11,5,1,coin_overflow
smart,20268319,47,122572,True,9,10,8,1,coin_overflow
smart,20268320,39,97022,True,8,12,5,1,coin_overflow
smart,20268321,49,123911,True,8,9,9,0,coin_overflow
smart,20268322,37,94023,True,10,11,5,1,coin_overflow
smart,20268323,29,75805,True,6,7,1,1,coin_overflow
smart,20268324,59,149564,True,6,9,11,1,coin_overflow
smart,20268325,34,84568,True,7,9,3,1,coin_overflow
smart,20268326,52,135041,True,6,11,8,2,coin_overflow
smart,20268327,32,87506,True,12,13,4,1,coin_overflow
smart,20268328,27,75101,True,13,14,2,2,coin_overflow
smart,20268329,61,153151,True,11,13,12,3,coin_overflow
smart,20268330,42,99127,True,7,10,5,2,coin_overflow
smart,20268331,41,109166,True,10,11,7,0,coin_overflow
smart,20268332,47,125146,True,8,9,7,2,coin_overflow
smart,20268333,29,79626,True,9,10,2,1,coin_overflow
smart,20268334,28,78221,True,9,11,1,2,coin_overflow
smart,20268335,29,71562,True,10,11,3,0,coin_overflow
smart,20268336,35,86201,True,12,13,5,1,coin_overflow
smart,20268337,27,67006,True,11,14,2,1,coin_overflow
smart,20268338,32,81042,True,7,10,1,3,coin_overflow
smart,20268339,41,111147,True,7,8,4,3,coin_overflow
smart,20268340,25,62015,True,9,10,0,2,coin_overflow
smart,20268341,34,82152,True,10,12,4,1,coin_overflow
smart,20268342,27,69101,True,12,14,3,0,coin_overflow
smart,20268343,46,111096,True,7,9,7,1,coin_overflow
smart,20268344,37,93522,True,7,11,4,1,coin_overflow
smart,20268345,33,86168,True,7,9,2,2,coin_overflow
smart,20268346,31,81033,True,6,10,1,2,coin_overflow
smart,20268347,26,66572,True,8,10,0,2,coin_overflow
smart,20268348,31,79752,True,8,10,1,3,coin_overflow
smart,20268349,34,90112,True,8,12,4,0,coin_overflow
smart,20268350,39,105903,True,6,8,3,3,coin_overflow
smart,20268351,43,108102,True,10,13,7,1,coin_overflow
smart,20268352,28,67509,True,8,10,2,0,coin_overflow
smart,20268353,39,97305,True,7,8,4,2,coin_overflow
smart,20268354,32,83206,True,8,12,2,2,coin_overflow
smart,20268355,44,112411,True,9,10,7,1,coin_overflow
smart,20268356,39,109530,True,6,7,5,0,coin_overflow
smart,20268357,37,99137,True,8,9,3,3,coin_overflow
smart,20268358,63,158202,True,11,12,14,1,coin_overflow
smart,20268359,50,129307,True,8,10,8,2,coin_overflow
smart,20268360,40,110551,True,12,13,6,2,coin_overflow
smart,20268361,38,100737,True,6,7,4,1,coin_overflow
smart,20268362,33,84371,True,7,9,2,2,coin_overflow
smart,20268363,24,56562,True,10,11,0,2,coin_overflow
smart,20268364,35,88511,True,12,13,5,1,coin_overflow
smart,20268365,30,81035,True,7,8,1,2,coin_overflow
smart,20268366,26,61651,True,11,12,1,2,coin_overflow
smart,20268367,34,82603,True,10,11,4,1,coin_overflow
smart,20268368,37,92152,True,10,12,5,1,coin_overflow
smart,20268369,37,96881,True,6,7,3,2,coin_overflow
smart,20268370,43,107107,True,9,12,6,2,coin_overflow
smart,20268371,31,77052,True,9,13,2,2,coin_overflow
smart,20268372,34,80751,True,10,11,4,1,coin_overflow
smart,20268373,29,78901,True,9,10,2,1,coin_overflow
smart,20268374,30,80071,True,10,12,2,2,coin_overflow
smart,20268375,65,171017,True,11,12,14,2,coin_overflow
smart,20268376,39,97067,True,9,11,6,0,coin_overflow
smart,20268377,48,113206,True,8,12,8,1,coin_overflow
smart,20268378,37,95051,True,10,14,5,1,coin_overflow
smart,20268379,29,75597,True,6,7,1,1,coin_overflow
smart,20268380,22,51066,True,10,12,0,1,coin_overflow
smart,20268381,32,79120,True,5,8,1,2,coin_overflow
smart,20268382,30,82103,True,10,12,2,2,coin_overflow
smart,20268383,35,88141,True,8,10,3,2,coin_overflow
smart,20268384,28,71517,True,9,11,1,2,coin_overflow
smart,20268385,42,110726,True,8,9,6,1,coin_overflow
smart,20268386,50,127046,True,9,10,9,1,coin_overflow
smart,20268387,31,78252,True,10,11,3,1,coin_overflow
smart,20268388,34,95208,True,8,10,4,0,coin_overflow
smart,20268389,40,108116,True,7,12,5,1,coin_overflow
smart,20268390,31,81511,True,8,13,3,0,coin_overflow
smart,20268391,48,125013,True,9,12,7,3,coin_overflow
smart,20268392,39,108011,True,11,14,6,1,coin_overflow
smart,20268393,52,129461,True,6,9,8,2,coin_overflow
smart,20268394,35,91206,True,11,12,4,2,coin_overflow
smart,20268395,39,94203,True,9,11,6,0,coin_overflow
smart,20268396,32,77653,True,8,10,2,2,coin_overflow
smart,20268397,28,73002,True,10,14,2,1,coin_overflow
smart,20268398,36,88549,True,5,6,3,1,coin_overflow
smart,20268399,26,68559,True,8,9,0,2,coin_overflow
smart,20268400,46,123186,True,7,9,7,1,coin_overflow
smart,20268401,43,108110,True,8,9,7,0,coin_overflow
smart,20268402,34,82351,True,9,11,3,2,coin_overflow
smart,20268403,40,105007,True,12,13,6,2,coin_overflow
smart,20268404,31,79606,True,10,12,3,1,coin_overflow
smart,20268405,40,101529,True,7,8,5,1,coin_overflow
smart,20268406,30,67501,True,11,14,3,1,coin_overflow
smart,20268407,29,74582,True,8,9,1,2,coin_overflow
smart,20268408,45,116305,True,6,8,7,0,coin_overflow
smart,20268409,48,123761,True,9,10,9,0,coin_overflow
smart,20268410,50,127251,True,11,12,9,2,coin_overflow
smart,20268411,27,76717,True,8,9,1,1,coin_overflow
smart,20268412,36,95206,True,9,12,5,0,coin_overflow
smart,20268413,33,84061,True,8,13,3,1,coin_overflow
smart,20268414,33,80202,True,10,12,3,2,coin_overflow
smart,20268415,45,109556,True,11,12,8,1,coin_overflow
smart,20268416,24,54301,True,11,12,1,1,coin_overflow
smart,20268417,31,77616,True,9,11,2,2,coin_overflow
smart,20268418,44,123051,True,12,14,8,1,coin_overflow
smart,20268419,39,104018,True,8,11,5,1,coin_overflow
smart,20268420,34,92116,True,9,12,3,2,coin_overflow
smart,20268421,29,72509,True,9,10,2,1,coin_overflow
smart,20268422,65,167087,True,8,9,13,2,coin_overflow
smart,20268423,32,81612,True,8,11,2,2,coin_overflow
smart,20268424,27,66027,True,10,11,1,2,coin_overflow
smart,20268425,25,64601,True,9,13,0,2,coin_overflow
smart,20268426,46,115502,True,10,13,8,1,coin_overflow
smart,20268427,47,112611,True,10,12,9,0,coin_overflow
smart,20268428,41,100501,True,13,14,6,3,coin_overflow
smart,20268429,38,102728,True,6,7,4,1,coin_overflow
smart,20268430,57,150075,True,7,8,10,2,coin_overflow
smart,20268431,57,140302,True,8,11,11,1,coin_overflow
smart,20268432,23,63601,True,11,13,0,2,coin_overflow
smart,20268433,46,114028,True,9,10,7,2,coin_overflow
smart,20268434,26,64331,True,8,9,0,2,coin_overflow
smart,20268435,31,79088,True,7,8,2,1,coin_overflow
smart,20268436,34,89601,True,10,13,4,1,coin_overflow
smart,20268437,23,54172,True,9,10,0,1,coin_overflow
smart,20268438,30,79522,True,10,11,2,2,coin_overflow
smart,20268439,42,111556,True,8,12,6,1,coin_overflow
smart,20268440,41,107538,True,7,8,4,3,coin_overflow
smart,20268441,34,89071,True,11,12,5,0,coin_overflow
smart,20268442,30,81103,True,11,12,3,1,coin_overflow
smart,20268443,51,125065,True,8,9,9,1,coin_overflow
smart,20268444,45,114005,True,9,11,8,0,coin_overflow
smart,20268445,31,78114,True,9,10,2,2,coin_overflow
smart,20268446,39,107631,True,9,10,6,0,coin_overflow
smart,20268447,42,110301,True,8,12,6,1,coin_overflow
smart,20268448,56,148351,True,8,11,10,2,coin_overflow
smart,20268449,27,70023,True,10,11,1,2,coin_overflow
smart,20268450,25,66106,True,9,13,0,2,coin_overflow
smart,20268451,32,81155,True,8,9,2,2,coin_overflow
smart,20268452,35,90154,True,6,10,3,1,coin_overflow
smart,20268453,25,63576,True,7,10,0,1,coin_overflow
smart,20268454,26,72511,True,12,13,2,1,coin_overflow
smart,20268455,26,68201,True,11,13,1,2,coin_overflow
smart,20268456,50,124205,True,8,9,8,2,coin_overflow
smart,20268457,33,78113,True,10,11,3,2,coin_overflow
smart,20268458,29,77902,True,8,9,1,2,coin_overflow
smart,20268459,34,84561,True,11,12,5,0,coin_overflow
smart,20268460,34,93033,True,9,10,3,2,coin_overflow
smart,20268461,42,109089,True,6,7,6,0,coin_overflow
smart,20268462,46,123241,True,7,9,7,1,coin_overflow
smart,20268463,34,89027,True,9,11,3,2,coin_overflow
smart,20268464,55,142716,True,8,10,9,3,coin_overflow
smart,20268465,25,65061,True,12,13,1,2,coin_overflow
smart,20268466,34,94766,True,7,9,3,1,coin_overflow
smart,20268467,35,86006,True,12,14,5,1,coin_overflow
smart,20268468,50,124155,True,8,9,8,2,coin_overflow
smart,20268469,51,137051,True,11,14,10,1,coin_overflow
smart,20268470,46,109451,True,9,10,7,2,coin_overflow
smart,20268471,47,120671,True,9,10,8,1,coin_overflow
smart,20268472,43,110115,True,6,9,5,2,coin_overflow
smart,20268473,40,107308,True,7,9,5,1,coin_overflow
smart,20268474,33,83627,True,8,9,3,1,coin_overflow
smart,20268475,30,80606,True,11,12,3,1,coin_overflow
smart,20268476,30,71551,True,11,13,3,1,coin_overflow
smart,20268477,41,107107,True,11,12,6,2,coin_overflow
smart,20268478,28,76022,True,10,12,2,1,coin_overflow
smart,20268479,39,93166,True,6,11,5,0,coin_overflow
smart,20268480,45,111018,True,8,11,7,1,coin_overflow
smart,20268481,36,91101,True,9,14,5,0,coin_overflow
smart,20268482,35,97566,True,8,11,3,2,coin_overflow
smart,20268483,24,61752,True,8,10,0,1,coin_overflow
smart,20268484,47,122514,True,9,10,8,1,coin_overflow
smart,20268485,44,111563,True,8,10,6,2,coin_overflow
smart,20268486,31,81251,True,11,12,4,0,coin_overflow
smart,20268487,19,49001,True,13,15,0,1,coin_overflow
smart,20268488,39,108507,True,7,12,4,2,coin_overflow
smart,20268489,35,92782,True,6,7,3,1,coin_overflow
smart,20268490,56,142154,True,9,10,11,1,coin_overflow
smart,20268491,28,75702,True,10,11,2,1,coin_overflow
smart,20268492,27,66141,True,8,10,1,1,coin_overflow
smart,20268493,31,75651,True,11,12,4,0,coin_overflow
smart,20268494,32,79171,True,10,11,4,0,coin_overflow
smart,20268495,37,94522,True,10,11,5,1,coin_overflow
smart,20268496,22,58206,True,11,12,1,0,coin_overflow
smart,20268497,36,93573,True,6,9,4,0,coin_overflow
smart,20268498,30,74512,True,9,12,1,3,coin_overflow
smart,20268499,46,121017,True,10,12,8,1,coin_overflow
smart,20268500,35,92251,True,8,12,3,2,coin_overflow
smart,20268501,36,86512,True,11,12,5,1,coin_overflow
smart,20268502,26,66011,True,12,14,2,1,coin_overflow
smart,20268503,40,105059,True,9,10,5,2,coin_overflow
smart,20268504,40,104561,True,10,12,6,1,coin_overflow
smart,20268505,47,127028,True,8,10,7,2,coin_overflow
smart,20268506,30,78056,True,10,13,2,2,coin_overflow
smart,20268507,40,99112,True,9,12,5,2,coin_overflow
smart,20268508,52,129101,True,7,14,7,4,coin_overflow
smart,20268509,52,138207,True,7,11,9,1,coin_overflow
smart,20268510,53,141067,True,10,11,9,3,coin_overflow
smart,20268511,39,96251,True,10,12,5,2,coin_overflow
smart,20268512,37,95066,True,11,12,6,0,coin_overflow
smart,20268513,31,79622,True,9,10,2,2,coin_overflow
smart,20268514,41,109607,True,10,11,7,0,coin_overflow
smart,20268515,31,79502,True,6,13,1,2,coin_overflow
smart,20268516,39,106137,True,8,9,5,1,coin_overflow
smart,20268517,37,94534,True,7,8,4,1,coin_overflow
smart,20268518,25,64112,True,9,12,0,2,coin_overflow
smart,20268519,35,87123,True,8,10,3,2,coin_overflow
smart,20268520,28,74117,True,10,11,2,1,coin_overflow
smart,20268521,33,92101,True,11,14,4,1,coin_overflow
smart,20268522,29,77004,True,10,12,3,0,coin_overflow
smart,20268523,26,63806,True,9,10,1,1,coin_overflow
smart,20268524,48,118611,True,11,12,9,1,coin_overflow
smart,20268525,35,96222,True,9,10,4,1,coin_overflow
smart,20268526,29,77201,True,11,13,2,2,coin_overflow
smart,20268527,28,68101,True,10,14,2,1,coin_overflow
smart,20268528,39,105181,True,8,10,5,1,coin_overflow
smart,20268529,41,108221,True,9,11,6,1,coin_overflow
smart,20268530,28,74021,True,12,13,2,2,coin_overflow
smart,20268531,32,81002,True,11,14,3,2,coin_overflow
smart,20268532,35,94051,True,9,14,4,1,coin_overflow
smart,20268533,38,101202,True,11,12,5,2,coin_overflow
smart,20268534,54,140708,True,8,9,10,1,coin_overflow
smart,20268535,30,78086,True,8,10,2,1,coin_overflow
smart,20268536,28,66356,True,9,10,1,2,coin_overflow
smart,20268537,36,96111,True,10,13,4,2,coin_overflow
smart,20268538,30,79011,True,13,14,3,2,coin_overflow
smart,20268539,46,128361,True,7,10,7,1,coin_overflow
smart,20268540,37,98001,True,7,15,4,1,coin_overflow
smart,20268541,55,145206,True,7,12,10,1,coin_overflow
smart,20268542,44,121451,True,9,10,7,1,coin_overflow
smart,20268543,34,92518,True,7,10,3,1,coin_overflow
smart,20268544,47,124226,True,8,10,7,2,coin_overflow
smart,20268545,27,74021,True,12,13,3,0,coin_overflow
smart,20268546,41,105572,True,8,10,5,2,coin_overflow
smart,20268547,38,106059,True,9,10,5,1,coin_overflow
smart,20268548,45,118186,True,8,9,7,1,coin_overflow
smart,20268549,39,104008,True,8,12,5,1,coin_overflow
smart,20268550,23,56002,True,13,14,2,0,coin_overflow
smart,20268551,33,84121,True,8,12,3,1,coin_overflow
smart,20268552,45,113791,True,6,7,7,0,coin_overflow
smart,20268553,66,172518,True,8,10,14,1,coin_overflow
smart,20268554,34,89704,True,7,9,3,1,coin_overflow
smart,20268555,32,83526,True,8,11,2,2,coin_overflow
smart,20268556,29,78008,True,11,12,2,2,coin_overflow
smart,20268557,40,106006,True,8,14,6,0,coin_overflow
smart,20268558,33,81056,True,11,13,4,1,coin_overflow
smart,20268559,38,100084,True,7,8,5,0,coin_overflow
smart,20268560,39,97501,True,8,14,5,1,coin_overflow
smart,20268561,42,108221,True,7,11,5,2,coin_overflow
smart,20268562,38,99207,True,9,11,5,1,coin_overflow
smart,20268563,25,66051,True,8,14,1,0,coin_overflow
smart,20268564,56,147026,True,10,12,12,0,coin_overflow
smart,20268565,42,110462,True,7,8,5,2,coin_overflow
smart,20268566,58,146322,True,7,9,11,1,coin_overflow
smart,20268567,42,106672,True,8,9,6,1,coin_overflow
smart,20268568,39,95512,True,7,12,4,2,coin_overflow
smart,20268569,40,106618,True,8,9,6,0,coin_overflow
smart,20268570,45,111307,True,6,10,7,0,coin_overflow
smart,20268571,30,78431,True,7,8,1,2,coin_overflow
smart,20268572,41,108607,True,6,11,5,1,coin_overflow
smart,20268573,31,76311,True,9,11,2,2,coin_overflow
smart,20268574,25,65032,True,9,11,0,2,coin_overflow
smart,20268575,42,108061,True,10,13,6,2,coin_overflow
smart,20268576,33,80108,True,9,11,4,0,coin_overflow
smart,20268577,43,112108,True,6,11,5,2,coin_overflow
smart,20268578,35,91901,True,8,10,3,2,coin_overflow
smart,20268579,27,72651,True,9,12,2,0,coin_overflow
smart,20268580,54,142042,True,7,10,9,2,coin_overflow
smart,20268581,39,107001,True,9,15,4,3,coin_overflow
smart,20268582,42,109078,True,7,9,5,2,coin_overflow
smart,20268583,49,125662,True,9,10,8,2,coin_overflow
smart,20268584,43,108581,True,9,10,6,2,coin_overflow
smart,20268585,52,131267,True,7,9,9,1,coin_overflow
smart,20268586,55,138621,True,10,11,11,1,coin_overflow
smart,20268587,50,134036,True,10,11,10,0,coin_overflow
smart,20268588,54,142076,True,10,11,10,2,coin_overflow
smart,20268589,36,95031,True,10,12,4,2,coin_overflow
smart,20268590,33,82201,True,9,13,4,0,coin_overflow
smart,20268591,50,127901,True,8,10,8,2,coin_overflow
smart,20268592,33,89272,True,7,9,2,2,coin_overflow
smart,20268593,27,69522,True,10,11,1,2,coin_overflow
smart,20268594,51,136124,True,7,9,8,2,coin_overflow
smart,20268595,27,76212,True,10,11,1,2,coin_overflow
smart,20268596,52,137326,True,7,9,9,1,coin_overflow
smart,20268597,42,109661,True,8,11,6,1,coin_overflow
smart,20268598,38,95606,True,9,12,5,1,coin_overflow
smart,20268599,43,113023,True,10,11,7,1,coin_overflow
smart,20268600,26,64301,True,10,12,2,0,coin_overflow
smart,20268601,24,63001,True,14,15,2,1,coin_overflow
smart,20268602,31,80057,True,11,12,4,0,coin_overflow
smart,20268603,37,93254,True,7,9,4,1,coin_overflow
smart,20268604,37,96563,True,6,10,3,2,coin_overflow
smart,20268605,43,110407,True,6,9,5,2,coin_overflow
smart,20268606,49,123273,True,7,8,8,1,coin_overflow
smart,20268607,42,98586,True,8,9,6,1,coin_overflow
smart,20268608,61,157110,True,7,9,12,1,coin_overflow
smart,20268609,24,61701,True,11,12,1,1,coin_overflow
smart,20268610,32,79406,True,9,10,3,1,coin_overflow
smart,20268611,32,82411,True,8,10,2,2,coin_overflow
smart,20268612,37,96537,True,8,9,3,3,coin_overflow
smart,20268613,38,98011,True,12,14,6,1,coin_overflow
smart,20268614,55,140531,True,10,11,11,1,coin_overflow
smart,20268615,52,139321,True,9,10,9,2,coin_overflow
smart,20268616,27,66009,True,8,11,1,1,coin_overflow
smart,20268617,48,125606,True,5,12,7,1,coin_overflow
smart,20268618,27,70521,True,11,12,2,1,coin_overflow
smart,20268619,45,111017,True,10,12,7,2,coin_overflow
smart,20268620,45,120501,True,12,14,9,0,coin_overflow
smart,20268621,51,133071,True,8,12,9,1,coin_overflow
smart,20268622,21,59057,True,11,12,0,1,coin_overflow
smart,20268623,26,66002,True,11,14,1,2,coin_overflow
smart,20268624,73,183533,True,7,9,16,1,coin_overflow
smart,20268625,37,93281,True,7,9,4,1,coin_overflow
smart,20268626,33,92603,True,7,11,2,2,coin_overflow
smart,20268627,34,82094,True,6,7,2,2,coin_overflow
smart,20268628,53,139241,True,7,9,10,0,coin_overflow
smart,20268629,33,88107,True,11,12,4,1,coin_overflow
smart,20268630,78,203022,True,10,12,18,2,coin_overflow
smart,20268631,31,80401,True,10,11,3,1,coin_overflow
smart,20268632,52,128666,True,7,10,9,1,coin_overflow
smart,20268633,30,80526,True,10,11,2,2,coin_overflow
smart,20268634,34,90856,True,8,9,4,0,coin_overflow
smart,20268635,31,79676,True,7,9,2,1,coin_overflow
smart,20268636,35,95108,True,10,11,5,0,coin_overflow
smart,20268637,39,106121,True,10,12,5,2,coin_overflow
smart,20268638,33,82011,True,12,14,5,0,coin_overflow
smart,20268639,51,128402,True,8,10,7,4,coin_overflow
smart,20268640,39,103258,True,8,9,5,1,coin_overflow
smart,20268641,59,154827,True,6,7,11,1,coin_overflow
smart,20268642,34,90017,True,11,12,5,0,coin_overflow
smart,20268643,24,63701,True,11,12,1,1,coin_overflow
smart,20268644,39,102282,True,7,8,4,2,coin_overflow
smart,20268645,26,64252,True,9,11,1,1,coin_overflow
smart,20268646,27,68311,True,10,11,1,2,coin_overflow
smart,20268647,37,93523,True,9,10,4,2,coin_overflow
smart,20268648,43,111656,True,8,11,7,0,coin_overflow
smart,20268649,35,97001,True,7,15,2,3,coin_overflow
smart,20268650,37,95554,True,9,10,4,2,coin_overflow
smart,20268651,31,79122,True,10,11,3,1,coin_overflow
smart,20268652,38,105651,True,9,12,5,1,coin_overflow
smart,20268653,55,142237,True,7,8,10,1,coin_overflow
smart,20268654,33,88581,True,8,10,3,1,coin_overflow
smart,20268655,47,125002,True,13,14,8,3,coin_overflow
smart,20268656,34,83554,True,8,10,4,0,coin_overflow
smart,20268657,29,77021,True,11,13,2,2,coin_overflow
smart,20268658,22,61511,True,11,13,1,0,coin_overflow
smart,20268659,36,90542,True,8,9,4,1,coin_overflow
smart,20268660,33,79056,True,11,13,4,1,coin_overflow
smart,20268661,37,96312,True,7,10,4,1,coin_overflow
smart,20268662,43,111132,True,6,10,5,2,coin_overflow
smart,20268663,30,70003,True,12,13,4,0,coin_overflow
smart,20268664,37,95163,True,9,10,4,2,coin_overflow
smart,20268665,34,94008,True,10,12,4,1,coin_overflow
smart,20268666,53,139216,True,10,11,9,3,coin_overflow
smart,20268667,26,65506,True,12,13,2,1,coin_overflow
smart,20268668,50,129151,True,11,13,9,2,coin_overflow
smart,20268669,35,93004,True,7,12,4,0,coin_overflow
smart,20268670,47,113005,True,10,11,9,0,coin_overflow
smart,20268671,54,139029,True,7,9,9,2,coin_overflow
smart,20268672,33,84111,True,11,13,4,1,coin_overflow
smart,20268673,29,69711,True,9,11,2,1,coin_overflow
smart,20268674,22,50001,True,14,15,2,0,coin_overflow
smart,20268675,43,111031,True,9,12,6,2,coin_overflow
smart,20268676,24,61603,True,10,11,0,2,coin_overflow
smart,20268677,28,73221,True,10,11,2,1,coin_overflow
smart,20268678,37,95116,True,7,12,4,1,coin_overflow
smart,20268679,32,77127,True,9,10,3,1,coin_overflow
smart,20268680,30,80152,True,10,12,2,2,coin_overflow
smart,20268681,36,88416,True,8,9,4,1,coin_overflow
smart,20268682,32,80003,True,9,13,3,1,coin_overflow
smart,20268683,32,82052,True,10,13,4,0,coin_overflow
smart,20268684,26,74207,True,7,11,1,0,coin_overflow
smart,20268685,29,76066,True,8,12,1,2,coin_overflow
smart,20268686,32,90003,True,12,13,4,1,coin_overflow
smart,20268687,34,95516,True,9,12,3,2,coin_overflow
smart,20268688,26,69057,True,11,12,1,2,coin_overflow
smart,20268689,38,94513,True,9,11,5,1,coin_overflow
smart,20268690,33,85506,True,9,13,4,0,coin_overflow
smart,20268691,49,128251,True,7,12,8,1,coin_overflow
smart,20268692,29,70576,True,7,10,2,0,coin_overflow
smart,20268693,29,79651,True,10,12,3,0,coin_overflow
smart,20268694,32,90006,True,11,14,3,2,coin_overflow
smart,20268695,40,110083,True,6,9,4,2,coin_overflow
smart,20268696,30,76206,True,10,12,2,2,coin_overflow
smart,20268697,35,93206,True,10,12,5,0,coin_overflow
smart,20268698,35,92051,True,12,14,5,1,coin_overflow
smart,20268699,36,87256,True,8,11,4,1,coin_overflow
smart,20268700,49,124801,True,9,11,8,2,coin_overflow
smart,20268701,24,52507,True,11,12,1,1,coin_overflow
smart,20268702,34,90011,True,12,14,4,2,coin_overflow
smart,20268703,33,79503,True,11,12,4,1,coin_overflow
smart,20268704,31,79291,True,7,8,2,1,coin_overflow
smart,20268705,40,111151,True,7,13,5,1,coin_overflow
smart,20268706,39,97063,True,8,11,5,1,coin_overflow
smart,20268707,25,64062,True,10,12,1,1,coin_overflow
smart,20268708,34,93002,True,13,14,5,1,coin_overflow
smart,20268709,39,96663,True,7,9,4,2,coin_overflow
smart,20268710,30,82621,True,5,11,1,1,coin_overflow
smart,20268711,29,78401,True,8,11,1,2,coin_overflow
smart,20268712,43,111044,True,6,8,5,2,coin_overflow
smart,20268713,63,156552,True,11,12,14,1,coin_overflow
smart,20268714,44,109563,True,6,10,6,1,coin_overflow
smart,20268715,32,80073,True,8,10,2,2,coin_overflow
smart,20268716,48,121752,True,8,10,8,1,coin_overflow
smart,20268717,36,95751,True,5,11,3,1,coin_overflow
smart,20268718,34,90503,True,7,12,3,1,coin_overflow
smart,20268719,29,78051,True,12,14,3,1,coin_overflow
smart,20268720,33,80802,True,9,10,4,0,coin_overflow
smart,20268721,34,88637,True,7,8,3,1,coin_overflow
smart,20268722,43,109717,True,5,9,6,0,coin_overflow
smart,20268723,38,96418,True,6,7,4,1,coin_overflow
smart,20268724,32,80536,True,8,10,2,2,coin_overflow
smart,20268725,34,93806,True,8,10,2,3,coin_overflow
smart,20268726,35,95331,True,7,9,4,0,coin_overflow
smart,20268727,44,110041,True,10,11,8,0,coin_overflow
smart,20268728,48,121557,True,9,11,9,0,coin_overflow
smart,20268729,59,154376,True,5,8,10,2,coin_overflow
smart,20268730,29,67061,True,9,13,2,1,coin_overflow
smart,20268731,24,66111,True,8,13,0,1,coin_overflow
smart,20268732,47,116773,True,6,7,7,1,coin_overflow
smart,20268733,22,54561,True,10,12,0,1,coin_overflow
smart,20268734,50,128112,True,9,12,9,1,coin_overflow
smart,20268735,38,96709,True,6,8,4,1,coin_overflow
smart,20268736,47,127326,True,8,9,7,2,coin_overflow
smart,20268737,40,106251,True,8,12,6,0,coin_overflow
smart,20268738,29,76521,True,10,12,1,3,coin_overflow
smart,20268739,46,113043,True,8,9,8,0,coin_overflow
smart,20268740,44,109024,True,9,10,7,1,coin_overflow
smart,20268741,31,80002,True,9,14,2,2,coin_overflow
smart,20268742,27,67021,True,11,13,2,1,coin_overflow
smart,20268743,32,79074,True,6,9,2,1,coin_overflow
smart,20268744,39,96218,True,8,9,5,1,coin_overflow
smart,20268745,37,94046,True,9,10,4,2,coin_overflow
smart,20268746,34,90262,True,7,10,3,1,coin_overflow
smart,20268747,53,139604,True,6,10,9,1,coin_overflow
smart,20268748,23,67008,True,11,12,0,2,coin_overflow
smart,20268749,31,79541,True,7,10,2,1,coin_overflow
smart,20268750,27,71066,True,11,12,2,1,coin_overflow
smart,20268751,49,126357,True,7,9,8,1,coin_overflow
smart,20268752,47,122222,True,8,10,7,2,coin_overflow
smart,20268753,34,93501,True,6,14,2,2,coin_overflow
smart,20268754,33,89241,True,8,9,3,1,coin_overflow
smart,20268755,29,78271,True,9,10,2,1,coin_overflow
smart,20268756,27,69826,True,7,8,0,2,coin_overflow
smart,20268757,44,123066,True,10,12,6,3,coin_overflow
smart,20268758,25,65211,True,10,12,1,1,coin_overflow
smart,20268759,31,78059,True,7,10,2,1,coin_overflow
smart,20268760,31,79513,True,8,11,3,0,coin_overflow
smart,20268761,54,130018,True,9,11,9,3,coin_overflow
smart,20268762,39,95354,True,7,8,4,2,coin_overflow
smart,20268763,32,81111,True,10,13,4,0,coin_overflow
smart,20268764,36,92507,True,10,12,4,2,coin_overflow
smart,20268765,22,61051,True,13,14,1,1,coin_overflow
smart,20268766,48,126531,True,8,11,8,1,coin_overflow
smart,20268767,47,124007,True,9,13,8,1,coin_overflow
smart,20268768,49,125002,True,10,14,9,1,coin_overflow
smart,20268769,36,93191,True,8,9,4,1,coin_overflow
smart,20268770,28,77123,True,9,10,1,2,coin_overflow
smart,20268771,51,139127,True,8,10,9,1,coin_overflow
smart,20268772,27,68532,True,6,10,1,0,coin_overflow
smart,20268773,49,124332,True,6,8,7,2,coin_overflow
smart,20268774,29,75651,True,10,12,3,0,coin_overflow
smart,20268775,44,108537,True,6,9,6,1,coin_overflow
smart,20268776,34,92726,True,8,9,2,3,coin_overflow
smart,20268777,31,80312,True,9,10,2,2,coin_overflow
smart,20268778,27,66027,True,8,11,1,1,coin_overflow
smart,20268779,46,121602,True,10,12,8,1,coin_overflow
smart,20268780,29,80001,True,12,15,3,1,coin_overflow
smart,20268781,24,62051,True,10,14,0,2,coin_overflow
smart,20268782,25,64322,True,7,9,0,1,coin_overflow
smart,20268783,47,123197,True,5,7,6,2,coin_overflow
smart,20268784,32,81166,True,10,11,4,0,coin_overflow
smart,20268785,28,72758,True,7,8,1,1,coin_overflow
smart,20268786,39,95634,True,6,7,5,0,coin_overflow
smart,20268787,27,67006,True,11,14,2,1,coin_overflow
smart,20268788,45,120118,True,8,10,7,1,coin_overflow
smart,20268789,32,78025,True,8,9,2,2,coin_overflow
smart,20268790,27,69051,True,11,14,2,1,coin_overflow
smart,20268791,29,76013,True,5,12,0,2,coin_overflow
smart,20268792,31,79902,True,7,9,2,1,coin_overflow
smart,20268793,46,114852,True,8,9,8,0,coin_overflow
smart,20268794,47,122556,True,9,12,8,1,coin_overflow
smart,20268795,36,92681,True,6,9,4,0,coin_overflow
smart,20268796,36,88956,True,7,8,3,2,coin_overflow
smart,20268797,45,124205,True,8,9,7,1,coin_overflow
smart,20268798,38,93024,True,9,10,5,1,coin_overflow
smart,20268799,42,110506,True,8,13,6,1,coin_overflow
smart,20268800,36,95322,True,8,9,4,1,coin_overflow
smart,20268801,41,111101,True,6,14,5,1,coin_overflow
smart,20268802,31,82501,True,9,14,2,2,coin_overflow
smart,20268803,26,68101,True,9,14,1,1,coin_overflow
smart,20268804,29,80106,True,9,13,2,1,coin_overflow
smart,20268805,28,74906,True,8,9,2,0,coin_overflow
smart,20268806,26,63154,True,9,10,1,1,coin_overflow
smart,20268807,38,104622,True,9,10,5,1,coin_overflow
smart,20268808,46,125764,True,6,7,6,2,coin_overflow
smart,20268809,59,154612,True,5,11,10,2,coin_overflow
smart,20268810,42,108207,True,10,11,6,2,coin_overflow
smart,20268811,23,62003,True,12,13,1,1,coin_overflow
smart,20268812,50,128806,True,9,10,9,1,coin_overflow
smart,20268813,44,110504,True,4,11,4,3,coin_overflow
smart,20268814,38,99754,True,6,8,4,1,coin_overflow
smart,20268815,47,110220,True,5,7,6,2,coin_overflow
smart,20268816,39,101672,True,7,9,4,2,coin_overflow
smart,20268817,36,91656,True,9,11,5,0,coin_overflow
smart,20268818,45,112038,True,8,9,7,1,coin_overflow
smart,20268819,25,64207,True,10,11,1,1,coin_overflow
smart,20268820,20,49106,True,12,13,0,1,coin_overflow
smart,20268821,26,66604,True,9,10,1,1,coin_overflow
smart,20268822,30,81661,True,8,11,2,1,coin_overflow
smart,20268823,30,78061,True,10,13,2,2,coin_overflow
smart,20268824,51,137069,True,7,9,8,2,coin_overflow
smart,20268825,55,140371,True,6,9,9,2,coin_overflow
smart,20268826,27,70122,True,10,11,1,2,coin_overflow
smart,20268827,37,96251,True,11,12,6,0,coin_overflow
smart,20268828,52,136226,True,9,10,9,2,coin_overflow
smart,20268829,30,71407,True,8,9,2,1,coin_overflow
smart,20268830,39,107608,True,9,10,6,0,coin_overflow
smart,20268831,34,93531,True,8,11,4,0,coin_overflow
smart,20268832,49,124215,True,3,8,6,2,coin_overflow
smart,20268833,51,127571,True,10,11,9,2,coin_overflow
smart,20268834,32,79111,True,8,13,2,2,coin_overflow
smart,20268835,29,78657,True,8,10,1,2,coin_overflow
smart,20268836,33,84156,True,11,12,4,1,coin_overflow
smart,20268837,29,77016,True,8,13,1,2,coin_overflow
smart,20268838,55,138681,True,8,9,11,0,coin_overflow
smart,20268839,43,113861,True,5,9,4,3,coin_overflow
smart,20268840,35,91751,True,8,11,3,2,coin_overflow
smart,20268841,41,107307,True,7,10,6,0,coin_overflow
smart,20268842,31,83031,True,10,12,3,1,coin_overflow
smart,20268843,40,100652,True,7,11,5,1,coin_overflow
smart,20268844,43,108525,True,7,8,6,1,coin_overflow
smart,20268845,23,65216,True,9,11,0,1,coin_overflow
smart,20268846,39,107074,True,8,9,5,1,coin_overflow
smart,20268847,35,91861,True,8,9,3,2,coin_overflow
smart,20268848,56,141067,True,9,11,11,1,coin_overflow
smart,20268849,40,102061,True,9,13,5,2,coin_overflow
smart,20268850,52,138102,True,10,13,10,1,coin_overflow
smart,20268851,36,91211,True,10,12,4,2,coin_overflow
smart,20268852,30,79038,True,6,9,0,3,coin_overflow
smart,20268853,29,79652,True,10,11,3,0,coin_overflow
smart,20268854,30,78136,True,9,10,1,3,coin_overflow
smart,20268855,28,71316,True,9,10,1,2,coin_overflow
smart,20268856,30,76726,True,8,9,2,1,coin_overflow
smart,20268857,43,108072,True,8,11,5,3,coin_overflow
smart,20268858,45,116311,True,8,11,7,1,coin_overflow
smart,20268859,64,161558,True,9,10,13,2,coin_overflow
smart,20268860,23,64511,True,11,13,0,2,coin_overflow
smart,20268861,33,91354,True,7,8,2,2,coin_overflow
smart,20268862,57,138157,True,10,11,11,2,coin_overflow
smart,20268863,33,91604,True,8,10,3,1,coin_overflow
smart,20268864,52,129362,True,8,9,10,0,coin_overflow
smart,20268865,25,64801,True,9,11,0,2,coin_overflow
smart,20268866,29,65681,True,8,9,1,2,coin_overflow
smart,20268867,35,83121,True,9,12,4,1,coin_overflow
smart,20268868,24,53201,True,12,13,2,0,coin_overflow
smart,20268869,26,68107,True,11,12,1,2,coin_overflow
smart,20268870,36,97452,True,5,9,3,1,coin_overflow
smart,20268871,30,81074,True,8,9,2,1,coin_overflow
smart,20268872,25,63001,True,12,15,1,2,coin_overflow
smart,20268873,32,81416,True,8,9,2,2,coin_overflow
smart,20268874,27,75513,True,10,11,1,2,coin_overflow
smart,20268875,35,92707,True,9,10,4,1,coin_overflow
smart,20268876,30,75712,True,8,10,2,1,coin_overflow
smart,20268877,31,80902,True,7,9,2,1,coin_overflow
smart,20268878,20,49001,True,13,15,1,0,coin_overflow
smart,20268879,38,106632,True,6,9,4,1,coin_overflow
smart,20268880,37,94603,True,10,11,5,1,coin_overflow
smart,20268881,40,104563,True,9,10,5,2,coin_overflow
smart,20268882,44,108581,True,9,10,7,1,coin_overflow
smart,20268883,38,94581,True,7,10,5,0,coin_overflow
smart,20268884,41,108716,True,6,10,5,1,coin_overflow
smart,20268885,25,64113,True,7,11,0,1,coin_overflow
smart,20268886,69,179822,True,7,8,14,2,coin_overflow
smart,20268887,71,187564,True,8,9,15,2,coin_overflow
smart,20268888,55,141556,True,8,12,9,3,coin_overflow
smart,20268889,36,95132,True,8,10,4,1,coin_overflow
smart,20268890,58,148004,True,7,12,11,1,coin_overflow
smart,20268891,42,109146,True,7,9,5,2,coin_overflow
smart,20268892,42,107421,True,7,9,5,2,coin_overflow
smart,20268893,25,63552,True,10,12,1,1,coin_overflow
smart,20268894,32,87156,True,10,12,4,0,coin_overflow
smart,20268895,34,90351,True,10,11,4,1,coin_overflow
smart,20268896,29,77612,True,9,11,2,1,coin_overflow
smart,20268897,40,100072,True,4,11,4,1,coin_overflow
smart,20268898,47,124267,True,7,9,6,3,coin_overflow
smart,20268899,66,161256,True,7,11,13,2,coin_overflow
smart,20268900,46,123205,True,7,9,7,1,coin_overflow
smart,20268901,69,178853,True,6,8,13,3,coin_overflow
smart,20268902,35,85271,True,6,10,3,1,coin_overflow
smart,20268903,36,95152,True,11,12,5,1,coin_overflow
smart,20268904,26,64019,True,9,10,1,1,coin_overflow
smart,20268905,33,83002,True,11,14,4,1,coin_overflow
smart,20268906,36,92508,True,9,11,5,0,coin_overflow
smart,20268907,35,94181,True,9,10,4,1,coin_overflow
smart,20268908,33,92041,True,9,11,2,3,coin_overflow
smart,20268909,52,139072,True,10,11,10,1,coin_overflow
smart,20268910,40,111503,True,11,12,7,0,coin_overflow
smart,20268911,40,96101,True,13,14,7,1,coin_overflow
smart,20268912,51,128260,True,6,7,9,0,coin_overflow
smart,20268913,59,153106,True,11,13,12,2,coin_overflow
smart,20268914,37,92153,True,10,11,5,1,coin_overflow
smart,20268915,34,92102,True,12,13,4,2,coin_overflow
smart,20268916,36,93604,True,8,10,4,1,coin_overflow
smart,20268917,45,111611,True,11,12,8,1,coin_overflow
smart,20268918,37,95084,True,7,8,4,1,coin_overflow
smart,20268919,41,100132,True,8,10,5,2,coin_overflow
smart,20268920,40,109659,True,7,8,5,1,coin_overflow
smart,20268921,25,62046,True,9,10,0,2,coin_overflow
smart,20268922,64,162153,True,7,11,13,1,coin_overflow
smart,20268923,37,94216,True,10,11,5,1,coin_overflow
smart,20268924,28,77013,True,11,12,3,0,coin_overflow
smart,20268925,31,78462,True,7,8,2,1,coin_overflow
smart,20268926,42,111111,True,10,13,6,2,coin_overflow
smart,20268927,30,79252,True,10,11,2,2,coin_overflow
smart,20268928,29,67078,True,7,9,2,0,coin_overflow
smart,20268929,35,92117,True,9,11,4,1,coin_overflow
smart,20268930,40,100163,True,9,10,5,2,coin_overflow
smart,20268931,34,90192,True,6,8,2,2,coin_overflow
smart,20268932,39,104411,True,8,10,5,1,coin_overflow
smart,20268933,76,190253,True,8,10,16,3,coin_overflow
smart,20268934,45,122566,True,10,11,7,2,coin_overflow
smart,20268935,24,63751,True,10,11,0,2,coin_overflow
smart,20268936,32,86301,True,11,12,3,2,coin_overflow
smart,20268937,34,91501,True,7,14,3,1,coin_overflow
smart,20268938,24,63051,True,11,14,1,1,coin_overflow
smart,20268939,33,91008,True,7,12,2,2,coin_overflow
smart,20268940,53,141216,True,10,11,9,3,coin_overflow
smart,20268941,47,120147,True,6,8,7,1,coin_overflow
smart,20268942,32,80062,True,11,12,3,2,coin_overflow
smart,20268943,28,74566,True,9,11,1,2,coin_overflow
smart,20268944,32,82110,True,8,9,2,2,coin_overflow
smart,20268945,31,80202,True,10,12,3,1,coin_overflow
smart,20268946,35,91503,True,10,12,5,0,coin_overflow
smart,20268947,40,109656,True,9,11,5,2,coin_overflow
smart,20268948,34,83213,True,9,10,3,2,coin_overflow
smart,20268949,49,127002,True,12,14,9,2,coin_overflow
smart,20268950,23,64052,True,11,13,0,2,coin_overflow
smart,20268951,24,57005,True,10,11,0,2,coin_overflow
smart,20268952,43,110266,True,9,10,6,2,coin_overflow
smart,20268953,40,105106,True,10,13,6,1,coin_overflow
smart,20268954,41,108406,True,8,10,5,2,coin_overflow
smart,20268955,35,91021,True,12,13,5,1,coin_overflow
smart,20268956,31,77676,True,7,9,2,1,coin_overflow
smart,20268957,25,64551,True,9,13,0,2,coin_overflow
smart,20268958,27,77527,True,9,10,2,0,coin_overflow
smart,20268959,32,85552,True,11,12,3,2,coin_overflow
smart,20268960,37,95611,True,11,12,6,0,coin_overflow
smart,20268961,32,82451,True,9,10,3,1,coin_overflow
smart,20268962,31,78503,True,9,12,2,2,coin_overflow
smart,20268963,61,157066,True,11,12,12,3,coin_overflow
smart,20268964,35,83811,True,9,10,4,1,coin_overflow
smart,20268965,35,84221,True,9,11,4,1,coin_overflow
smart,20268966,52,140158,True,9,10,9,2,coin_overflow
smart,20268967,36,95277,True,6,8,4,0,coin_overflow
smart,20268968,30,79162,True,10,11,2,2,coin_overflow
smart,20268969,38,98215,True,6,8,4,1,coin_overflow
smart,20268970,41,108066,True,8,12,5,2,coin_overflow
smart,20268971,45,110551,True,8,13,7,1,coin_overflow
smart,20268972,29,79157,True,10,11,3,0,coin_overflow
smart,20268973,61,157659,True,6,8,11,2,coin_overflow
smart,20268974,34,93202,True,10,12,4,1,coin_overflow
smart,20268975,27,75027,True,8,11,1,1,coin_overflow
smart,20268976,44,110176,True,9,10,7,1,coin_overflow
smart,20268977,35,92116,True,8,12,3,2,coin_overflow
smart,20268978,42,113119,True,8,9,6,1,coin_overflow
smart,20268979,41,108515,True,8,9,5,2,coin_overflow
smart,20268980,50,128021,True,8,13,8,2,coin_overflow
smart,20268981,31,80102,True,12,13,3,2,coin_overflow
smart,20268982,33,79251,True,8,12,3,1,coin_overflow
smart,20268983,41,100606,True,11,12,6,2,coin_overflow
smart,20268984,42,111305,True,7,8,5,2,coin_overflow
smart,20268985,37,91011,True,8,14,5,0,coin_overflow
smart,20268986,40,112822,True,7,8,5,1,coin_overflow
smart,20268987,44,119761,True,8,10,6,2,coin_overflow
smart,20268988,43,110005,True,10,11,7,1,coin_overflow
smart,20268989,25,63317,True,7,9,0,1,coin_overflow
smart,20268990,38,94505,True,9,10,5,1,coin_overflow
smart,20268991,42,110517,True,10,11,6,2,coin_overflow
smart,20268992,24,63106,True,12,13,2,0,coin_overflow
smart,20268993,41,101073,True,9,10,6,1,coin_overflow
smart,20268994,58,144032,True,8,11,10,3,coin_overflow
smart,20268995,33,83227,True,8,9,3,1,coin_overflow
smart,20268996,34,89021,True,10,13,4,1,coin_overflow
smart,20268997,44,108021,True,8,13,6,2,coin_overflow
smart,20268998,40,100421,True,7,9,5,1,coin_overflow
smart,20268999,48,116072,True,6,11,8,0,coin_overflow
smart,20269000,44,112177,True,7,9,7,0,coin_overflow
smart,20269001,44,115506,True,8,13,6,2,coin_overflow
smart,20269002,27,63162,True,9,11,2,0,coin_overflow
smart,20269003,32,80103,True,9,12,3,1,coin_overflow
smart,20269004,28,70106,True,9,13,1,2,coin_overflow
smart,20269005,52,143156,True,9,12,9,2,coin_overflow
smart,20269006,38,96657,True,8,10,4,2,coin_overflow
smart,20269007,29,70573,True,8,9,1,2,coin_overflow
smart,20269008,43,111201,True,10,13,7,1,coin_overflow
smart,20269009,40,98210,True,5,8,3,3,coin_overflow
smart,20269010,26,75064,True,8,10,0,2,coin_overflow
smart,20269011,31,78020,True,8,9,1,3,coin_overflow
smart,20269012,33,88201,True,11,13,4,1,coin_overflow
smart,20269013,77,200326,True,8,9,17,2,coin_overflow
smart,20269014,28,80116,True,9,12,1,2,coin_overflow
smart,20269015,27,71056,True,12,13,1,3,coin_overflow
smart,20269016,36,91147,True,6,8,4,0,coin_overflow
smart,20269017,31,75651,True,8,12,3,0,coin_overflow
smart,20269018,56,151071,True,7,12,9,3,coin_overflow
smart,20269019,37,99013,True,10,12,5,1,coin_overflow
smart,20269020,35,95161,True,11,12,4,2,coin_overflow
smart,20269021,31,79621,True,10,11,3,1,coin_overflow
smart,20269022,39,105183,True,7,8,4,2,coin_overflow
smart,20269023,49,127025,True,7,9,8,1,coin_overflow
smart,20269024,30,75028,True,8,10,2,1,coin_overflow
smart,20269025,38,97101,True,9,14,5,1,coin_overflow
smart,20269026,30,78078,True,8,9,2,1,coin_overflow
smart,20269027,45,121355,True,6,7,5,3,coin_overflow
smart,20269028,25,63221,True,7,11,0,1,coin_overflow
smart,20269029,23,63111,True,12,13,1,1,coin_overflow
smart,20269030,47,120161,True,10,12,9,0,coin_overflow
smart,20269031,40,104132,True,8,10,6,0,coin_overflow
smart,20269032,26,66163,True,9,10,1,1,coin_overflow
smart,20269033,36,95671,True,8,10,4,1,coin_overflow
smart,20269034,35,94054,True,10,11,5,0,coin_overflow
smart,20269035,39,99508,True,10,11,5,2,coin_overflow
smart,20269036,28,75005,True,10,11,2,1,coin_overflow
smart,20269037,35,90020,True,8,9,3,2,coin_overflow
smart,20269038,40,103331,True,7,9,5,1,coin_overflow
smart,20269039,40,107001,True,9,15,5,2,coin_overflow
smart,20269040,31,77356,True,9,10,2,2,coin_overflow
smart,20269041,27,61517,True,9,11,2,0,coin_overflow
smart,20269042,31,78108,True,9,11,2,2,coin_overflow
smart,20269043,28,78026,True,11,12,3,0,coin_overflow
smart,20269044,45,110517,True,10,11,7,2,coin_overflow
smart,20269045,29,79101,True,12,14,3,1,coin_overflow
smart,20269046,35,84017,True,8,12,3,2,coin_overflow
smart,20269047,28,64076,True,10,11,2,1,coin_overflow
smart,20269048,29,74507,True,7,12,2,0,coin_overflow
smart,20269049,66,172023,True,9,11,15,0,coin_overflow
smart,20269050,25,65151,True,11,13,0,3,coin_overflow
smart,20269051,34,86060,True,7,9,3,1,coin_overflow
smart,20269052,28,82507,True,9,12,1,2,coin_overflow
smart,20269053,33,84668,True,7,8,2,2,coin_overflow
smart,20269054,44,121761,True,9,10,7,1,coin_overflow
smart,20269055,25,63561,True,9,12,0,2,coin_overflow
smart,20269056,35,96046,True,9,10,4,1,coin_overflow
smart,20269057,61,154006,True,12,14,13,2,coin_overflow
smart,20269058,36,94151,True,7,13,3,2,coin_overflow
smart,20269059,25,64051,True,11,14,2,0,coin_overflow
smart,20269060,26,64204,True,9,10,1,1,coin_overflow
smart,20269061,33,80731,True,8,9,3,1,coin_overflow
smart,20269062,39,98552,True,7,12,4,2,coin_overflow
smart,20269063,44,120752,True,9,10,7,1,coin_overflow
smart,20269064,43,111031,True,10,12,7,1,coin_overflow
smart,20269065,69,182232,True,7,9,14,2,coin_overflow
smart,20269066,27,76606,True,10,12,1,2,coin_overflow
smart,20269067,32,79521,True,11,12,3,2,coin_overflow
smart,20269068,25,63081,True,10,11,1,1,coin_overflow
smart,20269069,40,98352,True,6,10,4,2,coin_overflow
smart,20269070,43,110503,True,7,12,6,1,coin_overflow
smart,20269071,37,94616,True,10,11,5,1,coin_overflow
smart,20269072,52,127541,True,6,10,8,2,coin_overflow
smart,20269073,34,93576,True,7,10,3,1,coin_overflow
smart,20269074,49,123098,True,6,7,7,2,coin_overflow
smart,20269075,32,81007,True,6,13,2,1,coin_overflow
smart,20269076,33,92017,True,10,12,3,2,coin_overflow
smart,20269077,36,84567,True,8,10,4,1,coin_overflow
smart,20269078,45,110028,True,7,10,6,2,coin_overflow
smart,20269079,51,126351,True,8,11,9,1,coin_overflow
smart,20269080,30,68701,True,10,12,2,2,coin_overflow
smart,20269081,31,78152,True,10,12,3,1,coin_overflow
smart,20269082,51,136091,True,9,10,10,0,coin_overflow
smart,20269083,31,79352,True,9,10,2,2,coin_overflow
smart,20269084,25,64061,True,11,13,2,0,coin_overflow
smart,20269085,33,85421,True,7,9,2,2,coin_overflow
smart,20269086,30,83253,True,9,10,1,3,coin_overflow
smart,20269087,58,144051,True,10,14,12,1,coin_overflow
smart,20269088,44,113560,True,7,8,5,3,coin_overflow
smart,20269089,26,70161,True,8,12,0,2,coin_overflow
smart,20269090,46,113812,True,7,9,7,1,coin_overflow
smart,20269091,31,80506,True,11,13,2,3,coin_overflow
smart,20269092,46,123151,True,10,13,8,1,coin_overflow
smart,20269093,35,86901,True,9,10,4,1,coin_overflow
smart,20269094,29,80026,True,11,12,2,2,coin_overflow
smart,20269095,42,110872,True,6,7,4,3,coin_overflow
smart,20269096,44,111217,True,8,10,6,2,coin_overflow
smart,20269097,42,108171,True,10,11,6,2,coin_overflow
smart,20269098,35,90510,True,8,9,3,2,coin_overflow
smart,20269099,49,126206,True,11,12,8,3,coin_overflow
smart,20269100,35,92516,True,11,12,4,2,coin_overflow
smart,20269101,46,117701,True,10,12,8,1,coin_overflow
smart,20269102,32,82416,True,7,9,1,3,coin_overflow
smart,20269103,35,96952,True,6,8,3,1,coin_overflow
smart,20269104,28,76009,True,10,11,2,1,coin_overflow
smart,20269105,32,89602,True,9,12,3,1,coin_overflow
smart,20269106,32,80006,True,9,14,3,1,coin_overflow
smart,20269107,29,76203,True,9,11,2,1,coin_overflow
smart,20269108,47,128163,True,8,10,7,2,coin_overflow
smart,20269109,36,86574,True,6,8,4,0,coin_overflow
smart,20269110,27,73112,True,9,12,2,0,coin_overflow
smart,20269111,49,125631,True,7,10,8,1,coin_overflow
smart,20269112,32,83101,True,11,14,3,2,coin_overflow
smart,20269113,29,80503,True,9,12,2,1,coin_overflow
smart,20269114,28,65514,True,8,10,2,0,coin_overflow
smart,20269115,35,93619,True,4,8,1,3,coin_overflow
smart,20269116,44,113671,True,8,10,6,2,coin_overflow
smart,20269117,51,140602,True,7,12,8,2,coin_overflow
smart,20269118,44,111731,True,8,9,6,2,coin_overflow
smart,20269119,34,88501,True,12,14,4,2,coin_overflow
smart,20269120,36,95133,True,7,9,3,2,coin_overflow
smart,20269121,53,137271,True,9,10,10,1,coin_overflow
smart,20269122,41,98012,True,9,13,6,1,coin_overflow
smart,20269123,36,95102,True,9,13,3,3,coin_overflow
smart,20269124,30,80701,True,11,12,3,1,coin_overflow
smart,20269125,29,78517,True,9,11,2,1,coin_overflow
smart,20269126,28,76572,True,9,10,1,2,coin_overflow
smart,20269127,48,126097,True,7,8,7,2,coin_overflow
smart,20269128,31,78507,True,10,12,3,1,coin_overflow
smart,20269129,49,122612,True,10,11,9,1,coin_overflow
smart,20269130,43,108070,True,6,8,5,2,coin_overflow
smart,20269131,37,96021,True,10,13,5,1,coin_overflow
smart,20269132,33,88406,True,8,10,3,1,coin_overflow
smart,20269133,31,77022,True,9,12,2,2,coin_overflow
smart,20269134,36,95562,True,9,11,3,3,coin_overflow
smart,20269135,20,58052,True,12,13,0,1,coin_overflow
smart,20269136,36,90561,True,11,12,5,1,coin_overflow
smart,20269137,41,98227,True,7,9,6,0,coin_overflow
smart,20269138,40,97146,True,8,9,6,0,coin_overflow
smart,20269139,30,79666,True,9,10,3,0,coin_overflow
smart,20269140,36,94008,True,5,12,3,1,coin_overflow
smart,20269141,32,80016,True,10,13,4,0,coin_overflow
smart,20269142,25,63056,True,12,13,1,2,coin_overflow
smart,20269143,32,89274,True,6,7,2,1,coin_overflow
smart,20269144,50,134361,True,6,10,8,1,coin_overflow
smart,20269145,36,94907,True,7,8,3,2,coin_overflow
smart,20269146,24,61556,True,11,12,1,1,coin_overflow
smart,20269147,64,168069,True,7,9,13,1,coin_overflow
smart,20269148,27,68047,True,8,9,1,1,coin_overflow
smart,20269149,40,100056,True,12,13,6,2,coin_overflow
smart,20269150,31,81505,True,9,10,2,2,coin_overflow
smart,20269151,38,101006,True,12,14,6,1,coin_overflow
smart,20269152,38,95251,True,9,12,5,1,coin_overflow
smart,20269153,33,78016,True,12,13,5,0,coin_overflow
smart,20269154,33,89176,True,8,10,3,1,coin_overflow
smart,20269155,37,96504,True,8,11,3,3,coin_overflow
smart,20269156,58,148301,True,8,12,10,3,coin_overflow
smart,20269157,45,121514,True,9,10,8,0,coin_overflow
smart,20269158,23,63662,True,9,10,0,1,coin_overflow
smart,20269159,25,64182,True,8,9,1,0,coin_overflow
smart,20269160,48,125567,True,7,10,7,2,coin_overflow
smart,20269161,36,98005,True,8,11,4,1,coin_overflow
smart,20269162,43,108052,True,9,13,6,2,coin_overflow
smart,20269163,34,90262,True,9,10,3,2,coin_overflow
smart,20269164,41,102323,True,6,8,5,1,coin_overflow
smart,20269165,41,104672,True,8,9,5,2,coin_overflow
smart,20269166,44,115510,True,8,9,6,2,coin_overflow
smart,20269167,48,124952,True,4,8,6,2,coin_overflow
smart,20269168,39,96516,True,10,12,5,2,coin_overflow
smart,20269169,38,94253,True,9,10,5,1,coin_overflow
smart,20269170,33,89221,True,8,11,3,1,coin_overflow
smart,20269171,47,119101,True,12,14,9,1,coin_overflow
smart,20269172,35,92032,True,9,11,2,4,coin_overflow
smart,20269173,40,111525,True,6,8,4,2,coin_overflow
smart,20269174,27,75503,True,11,12,2,1,coin_overflow
smart,20269175,35,91612,True,10,11,5,0,coin_overflow
smart,20269176,38,106051,True,6,14,4,1,coin_overflow
smart,20269177,33,82210,True,5,8,2,1,coin_overflow
smart,20269178,42,110401,True,10,11,6,2,coin_overflow
smart,20269179,40,94606,True,7,12,5,1,coin_overflow
smart,20269180,64,165661,True,7,11,13,1,coin_overflow
smart,20269181,44,109082,True,8,10,6,2,coin_overflow
smart,20269182,29,68181,True,8,10,1,2,coin_overflow
smart,20269183,30,79541,True,9,10,1,3,coin_overflow
smart,20269184,22,53501,True,12,14,0,2,coin_overflow
smart,20269185,28,76503,True,9,12,1,2,coin_overflow
smart,20269186,38,93821,True,8,9,4,2,coin_overflow
smart,20269187,32,80211,True,10,12,4,0,coin_overflow
smart,20269188,72,185116,True,5,12,13,4,coin_overflow
smart,20269189,30,80131,True,8,11,2,1,coin_overflow
smart,20269190,35,93306,True,9,11,4,1,coin_overflow
smart,20269191,41,104572,True,9,10,6,1,coin_overflow
smart,20269192,34,96606,True,10,12,4,1,coin_overflow
smart,20269193,53,125636,True,8,9,9,2,coin_overflow
smart,20269194,71,185421,True,8,9,15,2,coin_overflow
smart,20269195,45,121016,True,12,13,9,0,coin_overflow
smart,20269196,31,78501,True,13,14,4,1,coin_overflow
smart,20269197,43,111511,True,9,13,6,2,coin_overflow
smart,20269198,32,82001,True,12,15,4,1,coin_overflow
smart,20269199,30,80592,True,7,8,1,2,coin_overflow
smart,20269200,42,105401,True,10,11,6,2,coin_overflow
smart,20269201,31,79062,True,10,12,3,1,coin_overflow
smart,20269202,31,80353,True,7,9,2,1,coin_overflow
smart,20269203,31,81054,True,9,11,2,2,coin_overflow
smart,20269204,49,126226,True,8,10,9,0,coin_overflow
smart,20269205,23,61104,True,10,11,1,0,coin_overflow
smart,20269206,33,91027,True,8,11,3,1,coin_overflow
smart,20269207,37,97007,True,9,13,4,2,coin_overflow
smart,20269208,41,111362,True,8,9,5,2,coin_overflow
smart,20269209,28,77056,True,11,13,3,0,coin_overflow
smart,20269210,33,86606,True,10,12,3,2,coin_overflow
smart,20269211,32,89801,True,9,11,3,1,coin_overflow
smart,20269212,34,93096,True,8,9,4,0,coin_overflow
smart,20269213,36,94361,True,8,10,4,1,coin_overflow
smart,20269214,58,149072,True,9,11,11,2,coin_overflow
smart,20269215,40,105013,True,7,12,5,1,coin_overflow
smart,20269216,24,64003,True,11,13,1,1,coin_overflow
smart,20269217,30,79157,True,9,11,1,3,coin_overflow
smart,20269218,60,154057,True,7,12,11,2,coin_overflow
smart,20269219,45,109803,True,8,9,7,1,coin_overflow
smart,20269220,36,92206,True,11,12,5,1,coin_overflow
smart,20269221,35,91081,True,9,11,4,1,coin_overflow
smart,20269222,48,124528,True,7,9,7,2,coin_overflow
smart,20269223,33,80546,True,7,9,2,2,coin_overflow
smart,20269224,39,98107,True,7,12,4,2,coin_overflow
smart,20269225,32,80586,True,7,9,1,3,coin_overflow
smart,20269226,44,112074,True,8,9,6,2,coin_overflow
smart,20269227,41,98631,True,8,10,5,2,coin_overflow
smart,20269228,50,137271,True,7,10,9,0,coin_overflow
smart,20269229,36,95552,True,9,12,5,0,coin_overflow
smart,20269230,56,143004,True,10,12,12,0,coin_overflow
smart,20269231,28,69036,True,9,11,1,2,coin_overflow
smart,20269232,82,212002,True,13,14,21,1,coin_overflow
smart,20269233,46,116004,True,8,12,6,3,coin_overflow
smart,20269234,29,67157,True,9,11,2,1,coin_overflow
smart,20269235,34,90146,True,8,9,4,0,coin_overflow
smart,20269236,36,91010,True,8,10,4,1,coin_overflow
smart,20269237,48,115276,True,8,9,8,1,coin_overflow
smart,20269238,26,65661,True,9,11,1,1,coin_overflow
smart,20269239,32,88505,True,9,10,3,1,coin_overflow
smart,20269240,26,66201,True,12,13,2,1,coin_overflow
smart,20269241,25,64011,True,13,14,2,1,coin_overflow
smart,20269242,33,79811,True,8,10,3,1,coin_overflow
smart,20269243,42,107509,True,9,10,7,0,coin_overflow
smart,20269244,46,112527,True,9,10,7,2,coin_overflow
smart,20269245,39,98008,True,8,12,5,1,coin_overflow
smart,20269246,32,88603,True,8,11,2,2,coin_overflow
smart,20269247,43,109212,True,7,11,6,1,coin_overflow
smart,20269248,30,77032,True,7,11,1,2,coin_overflow
smart,20269249,44,114002,True,12,14,8,1,coin_overflow
smart,20269250,41,105006,True,9,14,6,1,coin_overflow
smart,20269251,37,95516,True,10,12,5,1,coin_overflow
smart,20269252,41,108411,True,9,10,6,1,coin_overflow
smart,20269253,70,173807,True,7,9,13,4,coin_overflow
smart,20269254,32,79709,True,7,8,3,0,coin_overflow
smart,20269255,41,112296,True,6,7,5,1,coin_overflow
smart,20269256,39,98513,True,9,11,4,3,coin_overflow
smart,20269257,32,82514,True,9,10,3,1,coin_overflow
smart,20269258,48,121046,True,7,10,7,2,coin_overflow
smart,20269259,39,98002,True,8,14,5,1,coin_overflow
smart,20269260,38,97666,True,5,10,3,2,coin_overflow
smart,20269261,33,81058,True,9,11,4,0,coin_overflow
smart,20269262,30,80102,True,11,13,3,1,coin_overflow
smart,20269263,27,66512,True,10,12,1,2,coin_overflow
smart,20269264,31,81012,True,9,13,2,2,coin_overflow
smart,20269265,27,62062,True,11,12,2,1,coin_overflow
smart,20269266,39,99201,True,8,13,5,1,coin_overflow
smart,20269267,36,93087,True,8,9,4,1,coin_overflow
smart,20269268,35,84551,True,12,13,5,1,coin_overflow
smart,20269269,39,108018,True,8,11,5,1,coin_overflow
smart,20269270,36,93105,True,9,10,5,0,coin_overflow
smart,20269271,23,63004,True,9,12,0,1,coin_overflow
smart,20269272,46,111041,True,10,11,8,1,coin_overflow
smart,20269273,35,92153,True,5,11,2,2,coin_overflow
smart,20269274,38,108143,True,7,8,3,3,coin_overflow
smart,20269275,29,80116,True,10,12,3,0,coin_overflow
smart,20269276,37,94006,True,10,14,5,1,coin_overflow
smart,20269277,39,94612,True,7,11,4,2,coin_overflow
smart,20269278,33,90152,True,11,12,4,1,coin_overflow
smart,20269279,31,78532,True,7,10,2,1,coin_overflow
smart,20269280,38,94504,True,8,11,4,2,coin_overflow
smart,20269281,52,138141,True,9,10,9,2,coin_overflow
smart,20269282,42,105709,True,7,8,5,2,coin_overflow
smart,20269283,32,81130,True,6,7,2,1,coin_overflow
smart,20269284,26,64601,True,8,13,0,2,coin_overflow
smart,20269285,36,89516,True,10,12,4,2,coin_overflow
smart,20269286,30,80527,True,8,10,2,1,coin_overflow
smart,20269287,20,50101,True,13,14,1,0,coin_overflow
smart,20269288,31,80416,True,6,9,1,2,coin_overflow
smart,20269289,26,70062,True,11,12,1,2,coin_overflow
smart,20269290,34,93017,True,10,12,4,1,coin_overflow
smart,20269291,27,67062,True,10,12,1,2,coin_overflow
smart,20269292,50,128211,True,7,12,9,0,coin_overflow
smart,20269293,29,75303,True,8,10,1,2,coin_overflow
smart,20269294,23,54601,True,11,13,0,2,coin_overflow
smart,20269295,41,103517,True,8,11,5,2,coin_overflow
smart,20269296,31,84032,True,6,11,1,2,coin_overflow
smart,20269297,52,139167,True,9,10,9,2,coin_overflow
smart,20269298,30,80706,True,7,11,1,2,coin_overflow
smart,20269299,30,71066,True,8,12,2,1,coin_overflow
smart,20269300,52,123102,True,11,13,11,0,coin_overflow
smart,20269301,45,118211,True,6,12,7,0,coin_overflow
smart,20269302,42,110558,True,9,10,7,0,coin_overflow
smart,20269303,40,101054,True,7,11,5,1,coin_overflow
smart,20269304,53,138472,True,6,7,9,1,coin_overflow
smart,20269305,36,93561,True,11,12,5,1,coin_overflow
smart,20269306,29,78303,True,8,10,1,2,coin_overflow
smart,20269307,49,125811,True,8,10,9,0,coin_overflow
smart,20269308,50,128009,True,9,11,9,1,coin_overflow
smart,20269309,35,91006,True,10,14,5,0,coin_overflow
smart,20269310,25,64512,True,10,12,1,1,coin_overflow
smart,20269311,25,64801,True,8,11,1,0,coin_overflow
smart,20269312,37,95006,True,11,14,6,0,coin_overflow
smart,20269313,49,125064,True,9,10,8,2,coin_overflow
smart,20269314,30,80124,True,8,9,2,1,coin_overflow
smart,20269315,51,132306,True,10,11,9,2,coin_overflow
smart,20269316,47,123159,True,8,9,7,2,coin_overflow
smart,20269317,46,119123,True,9,10,7,2,coin_overflow
smart,20269318,36,96031,True,10,12,4,2,coin_overflow
smart,20269319,27,74121,True,11,12,2,1,coin_overflow
smart,20269320,48,124757,True,8,9,8,1,coin_overflow
smart,20269321,46,119004,True,10,12,8,1,coin_overflow
smart,20269322,34,80518,True,9,10,3,2,coin_overflow
smart,20269323,30,79771,True,7,9,1,2,coin_overflow
smart,20269324,30,80406,True,9,10,3,0,coin_overflow
smart,20269325,26,68052,True,9,13,1,1,coin_overflow
smart,20269326,62,166021,True,10,13,14,0,coin_overflow
smart,20269327,21,54111,True,12,13,1,0,coin_overflow
smart,20269328,44,113060,True,8,9,6,2,coin_overflow
smart,20269329,61,158571,True,10,11,13,1,coin_overflow
smart,20269330,38,93306,True,10,11,4,3,coin_overflow
smart,20269331,35,90716,True,9,10,4,1,coin_overflow
smart,20269332,35,92507,True,8,12,3,2,coin_overflow
smart,20269333,42,110651,True,9,12,5,3,coin_overflow
smart,20269334,30,75451,True,7,10,1,2,coin_overflow
smart,20269335,35,94130,True,6,7,3,1,coin_overflow
smart,20269336,49,124103,True,10,12,9,1,coin_overflow
smart,20269337,37,94607,True,9,11,4,2,coin_overflow
smart,20269338,26,62552,True,10,12,2,0,coin_overflow
smart,20269339,35,93217,True,9,10,4,1,coin_overflow
smart,20269340,36,90518,True,6,10,2,3,coin_overflow
smart,20269341,38,104096,True,6,9,4,1,coin_overflow
smart,20269342,28,78207,True,7,11,1,1,coin_overflow
smart,20269343,51,125512,True,11,12,10,1,coin_overflow
smart,20269344,44,108506,True,8,13,6,2,coin_overflow
smart,20269345,32,77813,True,7,8,3,0,coin_overflow
smart,20269346,31,81006,True,13,14,4,1,coin_overflow
smart,20269347,46,116011,True,13,14,9,1,coin_overflow
smart,20269348,45,118473,True,5,6,6,1,coin_overflow
smart,20269349,40,102504,True,10,11,6,1,coin_overflow
smart,20269350,31,79027,True,8,11,3,0,coin_overflow
smart,20269351,33,82123,True,8,10,3,1,coin_overflow
smart,20269352,46,121309,True,6,8,6,2,coin_overflow
smart,20269353,45,124251,True,10,12,7,2,coin_overflow
smart,20269354,25,64526,True,9,11,0,2,coin_overflow
smart,20269355,57,149636,True,6,9,9,3,coin_overflow
smart,20269356,42,101656,True,7,11,5,2,coin_overflow
smart,20269357,25,62686,True,7,8,0,1,coin_overflow
smart,20269358,29,79027,True,10,11,3,0,coin_overflow
smart,20269359,32,91022,True,7,12,1,3,coin_overflow
smart,20269360,54,139813,True,7,8,9,2,coin_overflow
smart,20269361,51,127714,True,7,8,8,2,coin_overflow
smart,20269362,33,93036,True,7,11,2,2,coin_overflow
smart,20269363,35,86532,True,9,10,4,1,coin_overflow
smart,20269364,43,111362,True,6,9,5,2,coin_overflow
smart,20269365,26,72604,True,9,10,1,1,coin_overflow
smart,20269366,62,157408,True,5,8,11,2,coin_overflow
smart,20269367,34,85603,True,10,11,4,1,coin_overflow
smart,20269368,49,126452,True,6,9,7,2,coin_overflow
smart,20269369,47,123158,True,9,10,8,1,coin_overflow
smart,20269370,25,65067,True,9,11,0,2,coin_overflow
smart,20269371,29,77061,True,12,13,3,1,coin_overflow
smart,20269372,74,197520,True,6,8,16,1,coin_overflow
smart,20269373,51,128023,True,9,11,10,0,coin_overflow
smart,20269374,34,91571,True,7,11,3,1,coin_overflow
smart,20269375,28,67571,True,10,11,2,1,coin_overflow
smart,20269376,32,80083,True,8,9,2,2,coin_overflow
smart,20269377,22,64001,True,14,15,2,0,coin_overflow
smart,20269378,34,89072,True,10,11,4,1,coin_overflow
smart,20269379,47,127176,True,9,10,8,1,coin_overflow
smart,20269380,40,95751,True,10,11,6,1,coin_overflow
smart,20269381,28,74556,True,10,12,2,1,coin_overflow
smart,20269382,26,72018,True,10,11,2,0,coin_overflow
smart,20269383,33,81781,True,7,8,2,2,coin_overflow
smart,20269384,57,143656,True,10,11,11,2,coin_overflow
smart,20269385,37,94582,True,7,9,4,1,coin_overflow
smart,20269386,40,106076,True,7,11,5,1,coin_overflow
smart,20269387,39,106101,True,12,14,7,0,coin_overflow
smart,20269388,42,109001,True,13,15,7,2,coin_overflow
smart,20269389,34,84552,True,10,12,4,1,coin_overflow
smart,20269390,34,83109,True,6,10,2,2,coin_overflow
smart,20269391,34,89426,True,7,8,3,1,coin_overflow
smart,20269392,25,63062,True,10,12,1,1,coin_overflow
smart,20269393,32,80571,True,8,11,2,2,coin_overflow
smart,20269394,28,75114,True,9,10,1,2,coin_overflow
smart,20269395,26,76502,True,12,13,2,1,coin_overflow
smart,20269396,58,141261,True,10,11,12,1,coin_overflow
smart,20269397,54,140564,True,7,9,9,2,coin_overflow
smart,20269398,50,125219,True,7,8,7,3,coin_overflow
smart,20269399,28,67082,True,7,10,1,1,coin_overflow
smart,20269400,38,94652,True,9,11,5,1,coin_overflow
smart,20269401,33,92508,True,9,11,2,3,coin_overflow
smart,20269402,26,63552,True,10,12,2,0,coin_overflow
smart,20269403,28,72208,True,9,10,1,2,coin_overflow
smart,20269404,36,85511,True,10,13,4,2,coin_overflow
smart,20269405,37,96521,True,7,12,4,1,coin_overflow
smart,20269406,28,74751,True,9,11,1,2,coin_overflow
smart,20269407,32,87381,True,6,8,2,1,coin_overflow
smart,20269408,40,105041,True,7,11,5,1,coin_overflow
smart,20269409,37,95501,True,11,14,6,0,coin_overflow
smart,20269410,42,110559,True,5,9,3,4,coin_overflow
smart,20269411,28,68251,True,11,12,3,0,coin_overflow
smart,20269412,25,63551,True,10,13,1,1,coin_overflow
smart,20269413,35,85601,True,11,13,4,2,coin_overflow
smart,20269414,39,98038,True,8,9,5,1,coin_overflow
smart,20269415,36,95366,True,7,9,3,2,coin_overflow
smart,20269416,39,107061,True,10,13,5,2,coin_overflow
smart,20269417,26,65601,True,11,13,1,2,coin_overflow
smart,20269418,25,64107,True,10,12,1,1,coin_overflow
smart,20269419,41,106101,True,8,14,5,2,coin_overflow
smart,20269420,33,82662,True,9,10,2,3,coin_overflow
smart,20269421,30,81056,True,10,13,2,2,coin_overflow
smart,20269422,40,104661,True,10,11,6,1,coin_overflow
smart,20269423,39,104716,True,9,10,4,3,coin_overflow
smart,20269424,24,64516,True,11,12,1,1,coin_overflow
smart,20269425,56,140162,True,7,11,9,3,coin_overflow
smart,20269426,27,69011,True,9,14,0,3,coin_overflow
smart,20269427,42,113068,True,9,10,7,0,coin_overflow
smart,20269428,53,135402,True,9,10,10,1,coin_overflow
smart,20269429,34,89041,True,10,11,4,1,coin_overflow
smart,20269430,40,96660,True,6,7,4,2,coin_overflow
smart,20269431,41,108576,True,9,10,6,1,coin_overflow
smart,20269432,40,105177,True,8,9,4,3,coin_overflow
smart,20269433,35,86686,True,5,8,2,2,coin_overflow
smart,20269434,31,81031,True,11,12,4,0,coin_overflow
smart,20269435,48,123054,True,9,11,9,0,coin_overflow
smart,20269436,47,127026,True,9,12,8,1,coin_overflow
smart,20269437,35,81052,True,12,13,5,1,coin_overflow
smart,20269438,31,78561,True,11,12,2,3,coin_overflow
smart,20269439,36,93018,True,8,11,4,1,coin_overflow
smart,20269440,41,108316,True,6,10,5,1,coin_overflow
smart,20269441,31,78111,True,10,13,3,1,coin_overflow
smart,20269442,29,81566,True,9,11,2,1,coin_overflow
smart,20269443,49,123181,True,8,10,7,3,coin_overflow
smart,20269444,43,111054,True,10,11,7,1,coin_overflow
smart,20269445,24,65206,True,11,12,1,1,coin_overflow
smart,20269446,35,91721,True,9,10,4,1,coin_overflow
smart,20269447,46,119501,True,7,14,7,1,coin_overflow
smart,20269448,35,96206,True,11,12,4,2,coin_overflow
smart,20269449,48,123033,True,8,10,8,1,coin_overflow
smart,20269450,36,92586,True,8,9,4,1,coin_overflow
smart,20269451,55,143003,True,10,13,11,1,coin_overflow
smart,20269452,36,93706,True,8,11,4,1,coin_overflow
smart,20269453,27,68021,True,11,13,2,1,coin_overflow
smart,20269454,54,138513,True,10,11,10,2,coin_overflow
smart,20269455,33,90122,True,9,11,2,3,coin_overflow
smart,20269456,26,66172,True,9,10,1,1,coin_overflow
smart,20269457,33,89027,True,8,11,3,1,coin_overflow
smart,20269458,38,96956,True,6,8,4,1,coin_overflow
smart,20269459,50,126527,True,9,10,9,1,coin_overflow
smart,20269460,51,126806,True,7,10,8,2,coin_overflow
smart,20269461,80,206157,True,8,11,18,2,coin_overflow
smart,20269462,26,64047,True,8,9,0,2,coin_overflow
smart,20269463,38,95010,True,9,10,5,1,coin_overflow
smart,20269464,28,76811,True,6,10,0,2,coin_overflow
smart,20269465,40,107602,True,10,12,6,1,coin_overflow
smart,20269466,24,66102,True,8,13,0,1,coin_overflow
smart,20269467,40,98806,True,9,10,5,2,coin_overflow
smart,20269468,47,128202,True,9,12,8,1,coin_overflow
smart,20269469,40,101604,True,7,10,5,1,coin_overflow
smart,20269470,38,95851,True,9,10,5,1,coin_overflow
smart,20269471,51,135557,True,10,11,9,2,coin_overflow
smart,20269472,27,65531,True,7,11,0,2,coin_overflow
smart,20269473,35,92322,True,6,9,3,1,coin_overflow
smart,20269474,42,112762,True,7,9,5,2,coin_overflow
smart,20269475,29,69271,True,9,10,2,1,coin_overflow
smart,20269476,32,87301,True,9,12,3,1,coin_overflow
smart,20269477,43,107059,True,9,10,6,2,coin_overflow
smart,20269478,35,89601,True,12,13,5,1,coin_overflow
smart,20269479,33,78036,True,10,11,3,2,coin_overflow
smart,20269480,43,111682,True,7,8,6,1,coin_overflow
smart,20269481,51,133116,True,11,12,10,1,coin_overflow
smart,20269482,35,92096,True,6,9,3,1,coin_overflow
smart,20269483,26,72851,True,8,10,0,2,coin_overflow
smart,20269484,49,125267,True,7,9,8,1,coin_overflow
smart,20269485,39,105517,True,8,11,5,1,coin_overflow
smart,20269486,30,77321,True,8,10,2,1,coin_overflow
smart,20269487,68,175326,True,8,9,14,2,coin_overflow
smart,20269488,56,147506,True,9,13,11,1,coin_overflow
smart,20269489,71,184146,True,8,9,15,2,coin_overflow
smart,20269490,40,110716,True,9,10,5,2,coin_overflow
smart,20269491,31,80052,True,9,13,2,2,coin_overflow
smart,20269492,36,95732,True,7,8,3,2,coin_overflow
smart,20269493,34,84612,True,10,11,4,1,coin_overflow
smart,20269494,34,88122,True,9,11,3,2,coin_overflow
smart,20269495,60,151041,True,7,11,11,2,coin_overflow
smart,20269496,31,78562,True,10,11,3,1,coin_overflow
smart,20269497,34,91211,True,10,12,4,1,coin_overflow
smart,20269498,39,105122,True,8,11,5,1,coin_overflow
smart,20269499,34,81132,True,7,10,3,1,coin_overflow
smart,20269500,31,78521,True,11,12,2,3,coin_overflow
smart,20269501,45,109172,True,6,10,5,3,coin_overflow
smart,20269502,58,157114,True,5,10,9,3,coin_overflow
smart,20269503,54,135284,True,5,6,9,1,coin_overflow
smart,20269504,43,112081,True,5,11,6,0,coin_overflow
smart,20269505,43,110066,True,9,12,6,2,coin_overflow
smart,20269506,38,100703,True,9,10,3,4,coin_overflow
smart,20269507,35,84541,True,9,10,4,1,coin_overflow
smart,20269508,28,78066,True,11,12,3,0,coin_overflow
smart,20269509,48,122518,True,8,10,8,1,coin_overflow
smart,20269510,32,79203,True,10,11,4,0,coin_overflow
smart,20269511,26,68531,True,8,11,0,2,coin_overflow
smart,20269512,29,76043,True,8,9,1,2,coin_overflow
smart,20269513,42,112307,True,9,10,5,3,coin_overflow
smart,20269514,32,82202,True,8,12,2,2,coin_overflow
smart,20269515,38,103057,True,11,12,5,2,coin_overflow
smart,20269516,54,141106,True,9,13,9,3,coin_overflow
smart,20269517,26,71566,True,9,11,1,1,coin_overflow
smart,20269518,44,111211,True,10,12,6,3,coin_overflow
smart,20269519,47,126024,True,8,10,7,2,coin_overflow
smart,20269520,33,82506,True,12,13,3,3,coin_overflow
smart,20269521,40,100083,True,7,9,5,1,coin_overflow
smart,20269522,56,142291,True,6,8,10,1,coin_overflow
smart,20269523,43,108076,True,9,11,6,2,coin_overflow
smart,20269524,39,96522,True,9,11,6,0,coin_overflow
smart,20269525,28,69276,True,8,9,2,0,coin_overflow
smart,20269526,33,81525,True,7,8,2,2,coin_overflow
smart,20269527,34,84563,True,9,10,3,2,coin_overflow
smart,20269528,38,104401,True,9,11,5,1,coin_overflow
smart,20269529,54,140316,True,8,10,10,1,coin_overflow
smart,20269530,47,122007,True,11,13,8,2,coin_overflow
smart,20269531,30,77309,True,6,8,2,0,coin_overflow
smart,20269532,38,101223,True,7,9,5,0,coin_overflow
smart,20269533,33,79502,True,7,13,2,2,coin_overflow
smart,20269534,37,92107,True,10,12,5,1,coin_overflow
smart,20269535,40,104291,True,7,8,5,1,coin_overflow
smart,20269536,37,94011,True,10,14,5,1,coin_overflow
smart,20269537,38,97001,True,11,15,5,2,coin_overflow
smart,20269538,33,81247,True,6,7,3,0,coin_overflow
smart,20269539,50,126032,True,8,11,8,2,coin_overflow
smart,20269540,30,79216,True,9,11,3,0,coin_overflow
smart,20269541,29,77016,True,10,13,3,0,coin_overflow
smart,20269542,44,113322,True,8,9,6,2,coin_overflow
smart,20269543,43,111528,True,7,9,6,1,coin_overflow
smart,20269544,35,90926,True,6,7,3,1,coin_overflow
smart,20269545,29,74514,True,7,10,2,0,coin_overflow
smart,20269546,44,116621,True,8,11,6,2,coin_overflow
smart,20269547,41,100071,True,11,12,6,2,coin_overflow
smart,20269548,46,121172,True,7,10,7,1,coin_overflow
smart,20269549,37,96042,True,7,10,4,1,coin_overflow
smart,20269550,42,106572,True,9,10,7,0,coin_overflow
smart,20269551,36,94261,True,8,11,4,1,coin_overflow
smart,20269552,43,111231,True,8,10,7,0,coin_overflow
smart,20269553,51,129532,True,8,10,7,4,coin_overflow
smart,20269554,25,64053,True,11,12,2,0,coin_overflow
smart,20269555,38,98203,True,10,11,6,0,coin_overflow
smart,20269556,39,101172,True,8,10,5,1,coin_overflow
smart,20269557,31,79013,True,10,12,1,4,coin_overflow
smart,20269558,44,110025,True,6,9,6,1,coin_overflow
smart,20269559,30,78511,True,11,13,3,1,coin_overflow
smart,20269560,34,88671,True,9,10,3,2,coin_overflow
smart,20269561,29,68111,True,10,13,3,0,coin_overflow
smart,20269562,30,77406,True,6,10,2,0,coin_overflow
smart,20269563,38,94008,True,11,12,5,2,coin_overflow
smart,20269564,66,171417,True,7,8,13,2,coin_overflow
smart,20269565,28,67211,True,7,12,1,1,coin_overflow
smart,20269566,21,49156,True,11,12,0,1,coin_overflow
smart,20269567,35,92243,True,6,7,3,1,coin_overflow
smart,20269568,44,113753,True,7,9,5,3,coin_overflow
smart,20269569,49,124521,True,9,12,8,2,coin_overflow
smart,20269570,30,78804,True,7,8,1,2,coin_overflow
smart,20269571,35,92212,True,8,11,3,2,coin_overflow
smart,20269572,60,148713,True,7,9,11,2,coin_overflow
smart,20269573,38,94203,True,8,11,4,2,coin_overflow
smart,20269574,28,76142,True,7,9,1,1,coin_overflow
smart,20269575,34,90703,True,6,10,2,2,coin_overflow
smart,20269576,31,78552,True,10,12,3,1,coin_overflow
smart,20269577,26,65514,True,8,10,0,2,coin_overflow
smart,20269578,27,64906,True,8,9,1,1,coin_overflow
smart,20269579,36,83032,True,10,11,4,2,coin_overflow
smart,20269580,39,100109,True,8,10,5,1,coin_overflow
smart,20269581,46,123002,True,9,14,7,2,coin_overflow
smart,20269582,28,73661,True,10,11,2,1,coin_overflow
smart,20269583,26,67101,True,8,14,0,2,coin_overflow
smart,20269584,41,110061,True,10,13,7,0,coin_overflow
smart,20269585,35,94233,True,6,8,3,1,coin_overflow
smart,20269586,33,83562,True,9,11,4,0,coin_overflow
smart,20269587,28,69101,True,10,14,2,1,coin_overflow
smart,20269588,28,65301,True,10,12,2,1,coin_overflow
smart,20269589,30,78514,True,9,10,3,0,coin_overflow
smart,20269590,43,109013,True,9,12,6,2,coin_overflow
smart,20269591,62,155317,True,7,9,11,3,coin_overflow
smart,20269592,31,81772,True,6,8,1,2,coin_overflow
smart,20269593,51,129012,True,12,13,9,3,coin_overflow
smart,20269594,41,109153,True,9,11,6,1,coin_overflow
smart,20269595,39,106451,True,7,10,4,2,coin_overflow
smart,20269596,44,108551,True,11,13,7,2,coin_overflow
smart,20269597,56,144502,True,12,13,12,1,coin_overflow
smart,20269598,32,78572,True,9,10,3,1,coin_overflow
smart,20269599,37,96207,True,8,11,5,0,coin_overflow
smart,20269600,38,97021,True,8,13,4,2,coin_overflow
smart,20269601,38,106056,True,12,13,6,1,coin_overflow
smart,20269602,37,91554,True,8,10,3,3,coin_overflow
smart,20269603,30,78861,True,8,9,2,1,coin_overflow
smart,20269604,36,95122,True,10,11,4,2,coin_overflow
smart,20269605,37,95127,True,7,10,4,1,coin_overflow
smart,20269606,36,96619,True,7,8,3,2,coin_overflow
smart,20269607,43,109524,True,7,9,6,1,coin_overflow
smart,20269608,43,107605,True,7,9,6,1,coin_overflow
smart,20269609,37,97001,True,11,15,6,0,coin_overflow
smart,20269610,29,79015,True,8,10,1,2,coin_overflow
smart,20269611,31,78131,True,10,11,3,1,coin_overflow
smart,20269612,36,93503,True,10,12,4,2,coin_overflow
smart,20269613,39,100407,True,8,9,5,1,coin_overflow
smart,20269614,31,81519,True,7,9,2,1,coin_overflow
smart,20269615,41,107011,True,12,14,7,1,coin_overflow
smart,20269616,43,110121,True,9,12,6,2,coin_overflow
smart,20269617,50,130061,True,11,13,9,2,coin_overflow
smart,20269618,39,96113,True,10,11,5,2,coin_overflow
smart,20269619,37,96156,True,11,12,6,0,coin_overflow
smart,20269620,41,105608,True,8,10,5,2,coin_overflow
smart,20269621,38,99504,True,5,11,3,2,coin_overflow
smart,20269622,42,106514,True,8,10,6,1,coin_overflow
smart,20269623,30,78003,True,11,13,3,1,coin_overflow
smart,20269624,40,107004,True,9,12,5,2,coin_overflow
smart,20269625,53,138209,True,6,9,9,1,coin_overflow
smart,20269626,28,74506,True,12,13,2,2,coin_overflow
smart,20269627,33,90006,True,11,14,4,1,coin_overflow
smart,20269628,34,84102,True,12,13,4,2,coin_overflow
smart,20269629,43,110554,True,8,10,7,0,coin_overflow
smart,20269630,22,51503,True,11,12,1,0,coin_overflow
smart,20269631,42,106709,True,7,8,5,2,coin_overflow
smart,20269632,40,109841,True,6,7,4,2,coin_overflow
smart,20269633,38,98557,True,9,11,5,1,coin_overflow
smart,20269634,34,83061,True,7,13,3,1,coin_overflow
smart,20269635,33,86025,True,7,9,2,2,coin_overflow
smart,20269636,34,94617,True,7,10,3,1,coin_overflow
smart,20269637,42,108422,True,6,8,4,3,coin_overflow
smart,20269638,35,96181,True,6,10,3,1,coin_overflow
smart,20269639,34,93534,True,7,8,3,1,coin_overflow
smart,20269640,28,77511,True,7,13,1,1,coin_overflow
smart,20269641,36,87076,True,9,11,3,3,coin_overflow
smart,20269642,33,87231,True,7,10,2,2,coin_overflow
smart,20269643,32,79312,True,8,10,2,2,coin_overflow
smart,20269644,38,95006,True,12,14,6,1,coin_overflow
smart,20269645,27,66026,True,10,12,1,2,coin_overflow
smart,20269646,37,96008,True,10,12,5,1,coin_overflow
smart,20269647,58,151542,True,7,9,11,1,coin_overflow
smart,20269648,33,78506,True,12,13,5,0,coin_overflow
smart,20269649,72,185552,True,8,12,16,1,coin_overflow
smart,20269650,38,98676,True,6,9,4,1,coin_overflow
smart,20269651,31,80257,True,9,10,2,2,coin_overflow
smart,20269652,25,65651,True,10,12,1,1,coin_overflow
smart,20269653,58,152263,True,7,9,11,1,coin_overflow
smart,20269654,37,98152,True,9,12,4,2,coin_overflow
smart,20269655,64,170602,True,7,12,13,1,coin_overflow
smart,20269656,24,60516,True,11,12,1,1,coin_overflow
smart,20269657,52,128096,True,8,9,10,0,coin_overflow
smart,20269658,61,154651,True,7,12,12,1,coin_overflow
smart,20269659,30,79601,True,12,13,4,0,coin_overflow
smart,20269660,42,110624,True,7,8,5,2,coin_overflow
smart,20269661,24,54074,True,8,9,0,1,coin_overflow
smart,20269662,33,89704,True,8,9,3,1,coin_overflow
smart,20269663,38,96547,True,6,8,4,1,coin_overflow
smart,20269664,48,125707,True,9,10,9,0,coin_overflow
smart,20269665,27,76013,True,11,12,2,1,coin_overflow
smart,20269666,30,76052,True,11,13,3,1,coin_overflow
smart,20269667,35,94052,True,8,13,3,2,coin_overflow
smart,20269668,43,115301,True,7,12,6,1,coin_overflow
smart,20269669,34,90453,True,7,8,3,1,coin_overflow
smart,20269670,30,77056,True,11,13,3,1,coin_overflow
smart,20269671,38,94502,True,9,13,5,1,coin_overflow
smart,20269672,34,79537,True,8,9,2,3,coin_overflow
smart,20269673,39,101511,True,7,13,4,2,coin_overflow
smart,20269674,32,81076,True,9,11,3,1,coin_overflow
smart,20269675,57,142308,True,7,9,10,2,coin_overflow
smart,20269676,30,79253,True,9,10,3,0,coin_overflow
smart,20269677,36,92101,True,10,14,4,2,coin_overflow
smart,20269678,27,76001,True,14,15,3,1,coin_overflow
smart,20269679,43,109017,True,11,12,8,0,coin_overflow
smart,20269680,46,122121,True,9,12,7,2,coin_overflow
smart,20269681,26,68108,True,10,11,2,0,coin_overflow
smart,20269682,27,66581,True,8,10,1,1,coin_overflow
smart,20269683,34,82956,True,6,8,2,2,coin_overflow
smart,20269684,34,95611,True,10,12,4,1,coin_overflow
smart,20269685,32,81207,True,8,11,2,2,coin_overflow
smart,20269686,30,78152,True,8,12,2,1,coin_overflow
smart,20269687,23,60616,True,9,11,0,1,coin_overflow
smart,20269688,36,92004,True,11,12,5,1,coin_overflow
smart,20269689,36,91561,True,10,12,4,2,coin_overflow
smart,20269690,29,79131,True,10,11,3,0,coin_overflow
smart,20269691,27,63042,True,8,10,1,1,coin_overflow
smart,20269692,45,112021,True,7,13,6,2,coin_overflow
smart,20269693,26,64541,True,9,10,1,1,coin_overflow
smart,20269694,31,81002,True,13,14,4,1,coin_overflow
smart,20269695,29,69302,True,9,11,2,1,coin_overflow
smart,20269696,36,93146,True,5,9,3,1,coin_overflow
smart,20269697,32,85011,True,11,14,3,2,coin_overflow
smart,20269698,40,100663,True,6,9,4,2,coin_overflow
smart,20269699,52,129258,True,8,9,10,0,coin_overflow
smart,20269700,35,95202,True,11,12,4,2,coin_overflow
smart,20269701,28,79102,True,10,13,2,1,coin_overflow
smart,20269702,30,77042,True,9,10,3,0,coin_overflow
smart,20269703,28,73023,True,10,11,2,1,coin_overflow
smart,20269704,33,83606,True,10,12,3,2,coin_overflow
smart,20269705,31,81058,True,10,11,3,1,coin_overflow
smart,20269706,71,179128,True,8,9,15,2,coin_overflow
smart,20269707,37,93091,True,9,10,4,2,coin_overflow
smart,20269708,32,81011,True,12,14,4,1,coin_overflow
smart,20269709,42,112162,True,8,11,6,1,coin_overflow
smart,20269710,38,98209,True,8,9,4,2,coin_overflow
smart,20269711,40,107162,True,10,11,6,1,coin_overflow
smart,20269712,37,94013,True,10,12,5,1,coin_overflow
smart,20269713,44,113082,True,9,10,7,1,coin_overflow
smart,20269714,48,123502,True,9,13,7,3,coin_overflow
smart,20269715,56,140716,True,9,10,11,1,coin_overflow
smart,20269716,49,128081,True,10,11,9,1,coin_overflow
smart,20269717,36,83551,True,10,13,4,2,coin_overflow
smart,20269718,46,122218,True,7,9,7,1,coin_overflow
smart,20269719,31,79646,True,7,8,2,1,coin_overflow
smart,20269720,32,82136,True,9,10,3,1,coin_overflow
smart,20269721,40,106004,True,6,12,4,2,coin_overflow
smart,20269722,29,69061,True,11,13,2,2,coin_overflow
smart,20269723,39,97125,True,7,8,4,2,coin_overflow
smart,20269724,30,68652,True,10,11,2,2,coin_overflow
smart,20269725,32,83361,True,9,10,3,1,coin_overflow
smart,20269726,65,160531,True,8,11,13,2,coin_overflow
smart,20269727,34,85831,True,7,8,3,1,coin_overflow
smart,20269728,29,69106,True,9,13,2,1,coin_overflow
smart,20269729,45,119316,True,9,10,6,3,coin_overflow
smart,20269730,29,77302,True,10,11,3,0,coin_overflow
smart,20269731,34,79671,True,9,10,3,2,coin_overflow
smart,20269732,50,127060,True,8,9,8,2,coin_overflow
smart,20269733,36,93561,True,9,12,5,0,coin_overflow
smart,20269734,43,110611,True,11,12,6,3,coin_overflow
smart,20269735,27,75574,True,7,8,0,2,coin_overflow
smart,20269736,36,90042,True,9,10,3,3,coin_overflow
smart,20269737,36,95102,True,11,13,5,1,coin_overflow
smart,20269738,37,97606,True,11,12,4,3,coin_overflow
smart,20269739,49,129051,True,8,14,9,0,coin_overflow
smart,20269740,63,161161,True,5,12,12,1,coin_overflow
smart,20269741,41,97706,True,10,11,7,0,coin_overflow
smart,20269742,40,111021,True,12,13,6,2,coin_overflow
smart,20269743,24,55168,True,8,9,0,1,coin_overflow
smart,20269744,33,80732,True,7,8,2,2,coin_overflow
smart,20269745,35,91213,True,9,10,4,1,coin_overflow
smart,20269746,32,84011,True,13,14,5,0,coin_overflow
smart,20269747,46,120062,True,10,12,6,4,coin_overflow
smart,20269748,36,93251,True,7,12,3,2,coin_overflow
smart,20269749,34,87151,True,10,13,4,1,coin_overflow
smart,20269750,26,73001,True,10,15,0,3,coin_overflow
smart,20269751,31,81417,True,7,8,2,1,coin_overflow
smart,20269752,48,120561,True,10,12,8,2,coin_overflow
smart,20269753,55,143564,True,8,9,11,0,coin_overflow
smart,20269754,31,82056,True,12,13,3,2,coin_overflow
smart,20269755,31,79137,True,7,9,2,1,coin_overflow
smart,20269756,38,105507,True,7,12,3,3,coin_overflow
smart,20269757,44,112922,True,5,7,5,2,coin_overflow
smart,20269758,28,77521,True,11,12,1,3,coin_overflow
smart,20269759,36,94241,True,8,9,4,1,coin_overflow
smart,20269760,35,93371,True,7,9,4,0,coin_overflow
smart,20269761,58,160760,True,4,6,10,1,coin_overflow
smart,20269762,35,92201,True,9,13,4,1,coin_overflow
smart,20269763,31,78607,True,7,11,2,1,coin_overflow
smart,20269764,36,85503,True,10,12,4,2,coin_overflow
smart,20269765,37,95131,True,8,11,5,0,coin_overflow
smart,20269766,29,76261,True,9,11,2,1,coin_overflow
smart,20269767,32,77106,True,12,13,4,1,coin_overflow
smart,20269768,33,84591,True,8,9,3,1,coin_overflow
smart,20269769,55,144512,True,7,12,10,1,coin_overflow
smart,20269770,54,142012,True,8,13,10,1,coin_overflow
smart,20269771,27,74623,True,7,9,0,2,coin_overflow
smart,20269772,37,95757,True,8,9,3,3,coin_overflow
smart,20269773,33,91151,True,7,13,2,2,coin_overflow
smart,20269774,31,78022,True,11,12,4,0,coin_overflow
smart,20269775,30,68914,True,5,6,1,1,coin_overflow
smart,20269776,37,95053,True,7,12,4,1,coin_overflow
smart,20269777,61,157091,True,7,10,12,1,coin_overflow
smart,20269778,36,85122,True,10,11,4,2,coin_overflow
smart,20269779,42,108217,True,8,10,6,1,coin_overflow
smart,20269780,43,108174,True,7,8,6,1,coin_overflow
smart,20269781,22,63056,True,12,13,0,2,coin_overflow
smart,20269782,51,127231,True,9,10,10,0,coin_overflow
smart,20269783,32,84527,True,9,10,3,1,coin_overflow
smart,20269784,36,93513,True,10,11,4,2,coin_overflow
smart,20269785,33,78681,True,8,9,3,1,coin_overflow
smart,20269786,35,94086,True,9,10,4,1,coin_overflow
smart,20269787,32,87223,True,6,9,2,1,coin_overflow
smart,20269788,32,81671,True,9,10,3,1,coin_overflow
smart,20269789,35,95305,True,7,8,4,0,coin_overflow
smart,20269790,28,77342,True,6,7,0,2,coin_overflow
smart,20269791,43,109337,True,5,7,6,0,coin_overflow
smart,20269792,40,99091,True,8,10,4,3,coin_overflow
smart,20269793,55,141426,True,7,8,10,1,coin_overflow
smart,20269794,38,101611,True,11,12,5,2,coin_overflow
smart,20269795,30,77103,True,9,12,1,3,coin_overflow
smart,20269796,31,79191,True,7,9,2,1,coin_overflow
smart,20269797,43,108356,True,8,10,5,3,coin_overflow
smart,20269798,35,81137,True,8,9,3,2,coin_overflow
smart,20269799,37,95323,True,7,8,4,1,coin_overflow
smart,20269800,32,78572,True,9,10,3,1,coin_overflow
smart,20269801,25,63117,True,10,11,1,1,coin_overflow
smart,20269802,39,97517,True,10,11,5,2,coin_overflow
smart,20269803,28,77507,True,10,12,2,1,coin_overflow
smart,20269804,47,121162,True,7,11,8,0,coin_overflow
smart,20269805,57,149862,True,6,8,11,0,coin_overflow
smart,20269806,37,95552,True,9,12,4,2,coin_overflow
smart,20269807,37,94020,True,7,9,4,1,coin_overflow
smart,20269808,45,119057,True,11,12,8,1,coin_overflow
smart,20269809,43,109041,True,8,11,7,0,coin_overflow
smart,20269810,46,114078,True,8,9,8,0,coin_overflow
smart,20269811,30,82103,True,11,12,3,1,coin_overflow
smart,20269812,56,142617,True,9,10,11,1,coin_overflow
smart,20269813,32,78531,True,7,11,3,0,coin_overflow
smart,20269814,52,135352,True,8,10,10,0,coin_overflow
smart,20269815,27,78221,True,10,11,1,2,coin_overflow
smart,20269816,29,77162,True,9,11,2,1,coin_overflow
smart,20269817,37,94120,True,7,8,4,1,coin_overflow
smart,20269818,37,93557,True,9,11,4,2,coin_overflow
smart,20269819,22,53551,True,11,13,1,0,coin_overflow
smart,20269820,33,84171,True,10,11,3,2,coin_overflow
smart,20269821,45,114334,True,5,6,6,1,coin_overflow
smart,20269822,51,137113,True,6,11,7,3,coin_overflow
smart,20269823,84,215301,True,11,12,21,1,coin_overflow
smart,20269824,45,119131,True,8,11,7,1,coin_overflow
smart,20269825,35,93601,True,10,13,5,0,coin_overflow
smart,20269826,29,75056,True,10,13,1,3,coin_overflow
smart,20269827,29,82521,True,10,12,3,0,coin_overflow
smart,20269828,28,76003,True,10,13,2,1,coin_overflow
smart,20269829,38,106021,True,10,13,6,0,coin_overflow
smart,20269830,40,106146,True,6,9,4,2,coin_overflow
smart,20269831,33,87063,True,10,11,3,2,coin_overflow
smart,20269832,41,110102,True,8,13,5,2,coin_overflow
smart,20269833,52,130062,True,11,12,11,0,coin_overflow
smart,20269834,29,79402,True,9,10,2,1,coin_overflow
smart,20269835,41,109356,True,8,10,5,2,coin_overflow
smart,20269836,31,82612,True,10,11,3,1,coin_overflow
smart,20269837,33,81632,True,8,9,3,1,coin_overflow
smart,20269838,32,82509,True,8,10,2,2,coin_overflow
smart,20269839,46,123131,True,10,11,8,1,coin_overflow
smart,20269840,29,81564,True,8,9,1,2,coin_overflow
smart,20269841,42,108509,True,9,10,7,0,coin_overflow
smart,20269842,27,74062,True,11,12,2,1,coin_overflow
smart,20269843,34,83116,True,6,12,2,2,coin_overflow
smart,20269844,29,79092,True,8,9,1,2,coin_overflow
smart,20269845,48,126711,True,7,11,7,2,coin_overflow
smart,20269846,28,75081,True,10,11,2,1,coin_overflow
smart,20269847,44,120161,True,6,12,6,1,coin_overflow
smart,20269848,32,80101,True,9,14,3,1,coin_overflow
smart,20269849,51,140021,True,9,13,10,0,coin_overflow
smart,20269850,37,91151,True,11,13,4,3,coin_overflow
smart,20269851,38,96169,True,4,8,4,0,coin_overflow
smart,20269852,46,121029,True,7,9,7,1,coin_overflow
smart,20269853,38,98151,True,8,13,4,2,coin_overflow
smart,20269854,36,93903,True,7,8,3,2,coin_overflow
smart,20269855,26,66101,True,9,14,1,1,coin_overflow
smart,20269856,31,80632,True,8,9,3,0,coin_overflow
smart,20269857,36,86701,True,11,12,5,1,coin_overflow
smart,20269858,49,126211,True,9,12,8,2,coin_overflow
smart,20269859,29,78517,True,9,11,2,1,coin_overflow
smart,20269860,30,78021,True,9,13,3,0,coin_overflow
smart,20269861,31,79072,True,9,11,2,2,coin_overflow
smart,20269862,58,156537,True,7,9,11,1,coin_overflow
smart,20269863,35,88601,True,10,13,5,0,coin_overflow
smart,20269864,48,126254,True,8,9,8,1,coin_overflow
smart,20269865,31,79525,True,7,8,2,1,coin_overflow
smart,20269866,30,79708,True,8,9,2,1,coin_overflow
smart,20269867,65,165021,True,9,13,14,1,coin_overflow
smart,20269868,26,65016,True,9,13,1,1,coin_overflow
smart,20269869,29,69701,True,10,12,1,3,coin_overflow
smart,20269870,46,122147,True,7,8,7,1,coin_overflow
smart,20269871,30,80122,True,9,11,3,0,coin_overflow
smart,20269872,60,156567,True,8,10,12,1,coin_overflow
smart,20269873,44,109542,True,7,9,7,0,coin_overflow
smart,20269874,57,142048,True,5,8,10,1,coin_overflow
smart,20269875,40,103131,True,10,11,6,1,coin_overflow
smart,20269876,28,76117,True,10,11,2,1,coin_overflow
smart,20269877,35,96416,True,8,9,3,2,coin_overflow
smart,20269878,59,154004,True,11,12,12,2,coin_overflow
smart,20269879,40,101111,True,11,13,5,3,coin_overflow
smart,20269880,56,141401,True,9,11,11,1,coin_overflow
smart,20269881,36,95177,True,8,9,4,1,coin_overflow
smart,20269882,39,99508,True,10,11,5,2,coin_overflow
smart,20269883,38,95058,True,10,11,4,3,coin_overflow
smart,20269884,46,128079,True,7,8,7,1,coin_overflow
smart,20269885,45,115451,True,8,10,7,1,coin_overflow
smart,20269886,31,81023,True,10,11,3,1,coin_overflow
smart,20269887,54,140010,True,8,10,10,1,coin_overflow
smart,20269888,35,92121,True,11,12,4,2,coin_overflow
smart,20269889,22,62202,True,10,12,0,1,coin_overflow
smart,20269890,36,89541,True,9,10,5,0,coin_overflow
smart,20269891,33,90573,True,8,9,3,1,coin_overflow
smart,20269892,31,79507,True,10,12,3,1,coin_overflow
smart,20269893,52,139602,True,10,12,10,1,coin_overflow
smart,20269894,44,115753,True,8,9,6,2,coin_overflow
smart,20269895,40,99521,True,7,12,5,1,coin_overflow
smart,20269896,49,127777,True,6,7,7,2,coin_overflow
smart,20269897,49,123737,True,5,7,8,0,coin_overflow
smart,20269898,41,108061,True,11,13,6,2,coin_overflow
smart,20269899,41,105523,True,9,10,6,1,coin_overflow
smart,20269900,47,122046,True,9,10,8,1,coin_overflow
smart,20269901,39,107304,True,7,9,4,2,coin_overflow
smart,20269902,33,82221,True,8,11,3,1,coin_overflow
smart,20269903,39,106476,True,6,7,5,0,coin_overflow
smart,20269904,32,78153,True,8,11,2,2,coin_overflow
smart,20269905,39,107004,True,6,12,3,3,coin_overflow
smart,20269906,48,124531,True,9,11,9,0,coin_overflow
smart,20269907,30,77152,True,10,12,2,2,coin_overflow
smart,20269908,43,111035,True,7,8,6,1,coin_overflow
smart,20269909,35,94104,True,8,11,3,2,coin_overflow
smart,20269910,27,67602,True,8,12,1,1,coin_overflow
smart,20269911,27,76661,True,10,11,1,2,coin_overflow
smart,20269912,28,73812,True,6,9,0,2,coin_overflow
smart,20269913,32,82022,True,8,12,2,2,coin_overflow
smart,20269914,29,71261,True,9,11,2,1,coin_overflow
smart,20269915,26,68121,True,9,12,1,1,coin_overflow
smart,20269916,32,80053,True,8,12,2,2,coin_overflow
smart,20269917,50,127504,True,9,11,9,1,coin_overflow
smart,20269918,31,79311,True,6,11,1,2,coin_overflow
smart,20269919,54,144411,True,8,10,10,1,coin_overflow
smart,20269920,41,103551,True,6,13,5,1,coin_overflow
smart,20269921,31,80017,True,9,12,2,2,coin_overflow
smart,20269922,30,78351,True,10,11,2,2,coin_overflow
smart,20269923,35,94523,True,7,10,2,3,coin_overflow
smart,20269924,32,79631,True,7,10,3,0,coin_overflow
smart,20269925,26,65054,True,10,11,2,0,coin_overflow
smart,20269926,47,122402,True,6,10,7,1,coin_overflow
smart,20269927,27,68806,True,9,10,2,0,coin_overflow
smart,20269928,37,97811,True,9,10,4,2,coin_overflow
smart,20269929,41,105514,True,9,10,6,1,coin_overflow
smart,20269930,39,100258,True,8,9,5,1,coin_overflow
smart,20269931,45,116726,True,8,9,7,1,coin_overflow
smart,20269932,33,84013,True,8,12,3,1,coin_overflow
smart,20269933,38,104713,True,8,9,4,2,coin_overflow
smart,20269934,61,156602,True,10,12,13,1,coin_overflow
smart,20269935,33,84114,True,5,10,2,1,coin_overflow
smart,20269936,31,81210,True,7,8,2,1,coin_overflow
smart,20269937,42,107191,True,7,9,5,2,coin_overflow
smart,20269938,40,106062,True,9,12,5,2,coin_overflow
smart,20269939,43,109621,True,6,11,5,2,coin_overflow
smart,20269940,30,77627,True,8,9,2,1,coin_overflow
smart,20269941,33,80301,True,11,12,4,1,coin_overflow
smart,20269942,29,78217,True,9,10,2,1,coin_overflow
smart,20269943,32,91006,True,11,14,3,2,coin_overflow
smart,20269944,35,90411,True,9,10,4,1,coin_overflow
smart,20269945,41,99025,True,8,9,5,2,coin_overflow
smart,20269946,28,71571,True,10,11,2,1,coin_overflow
smart,20269947,36,85152,True,11,12,5,1,coin_overflow
smart,20269948,27,67212,True,10,11,1,2,coin_overflow
smart,20269949,53,137573,True,8,9,9,2,coin_overflow
smart,20269950,42,108601,True,9,13,5,3,coin_overflow
smart,20269951,38,105041,True,10,11,6,0,coin_overflow
smart,20269952,45,109011,True,11,14,8,1,coin_overflow
smart,20269953,55,144086,True,9,10,10,2,coin_overflow
smart,20269954,25,64072,True,10,11,1,1,coin_overflow
smart,20269955,28,75202,True,9,12,1,2,coin_overflow
smart,20269956,60,146636,True,5,9,11,1,coin_overflow
smart,20269957,37,96052,True,12,13,5,2,coin_overflow
smart,20269958,40,95351,True,9,11,5,2,coin_overflow
smart,20269959,27,63651,True,10,12,1,2,coin_overflow
smart,20269960,27,69362,True,7,9,0,2,coin_overflow
smart,20269961,47,117872,True,5,7,6,2,coin_overflow
smart,20269962,26,75158,True,7,10,1,0,coin_overflow
smart,20269963,44,115077,True,8,10,6,2,coin_overflow
smart,20269964,52,139504,True,7,11,9,1,coin_overflow
smart,20269965,29,76512,True,9,12,2,1,coin_overflow
smart,20269966,44,112019,True,9,10,7,1,coin_overflow
smart,20269967,45,120631,True,9,10,8,0,coin_overflow
smart,20269968,42,109160,True,7,8,5,2,coin_overflow
smart,20269969,30,77010,True,9,10,3,0,coin_overflow
smart,20269970,37,96002,True,13,14,6,1,coin_overflow
smart,20269971,46,121132,True,9,10,7,2,coin_overflow
smart,20269972,46,113702,True,6,11,6,2,coin_overflow
smart,20269973,31,80541,True,7,10,2,1,coin_overflow
smart,20269974,29,78452,True,7,9,0,3,coin_overflow
smart,20269975,37,96516,True,11,12,6,0,coin_overflow
smart,20269976,39,95503,True,11,12,6,1,coin_overflow
smart,20269977,24,56312,True,8,10,0,1,coin_overflow
smart,20269978,25,65101,True,13,14,0,4,coin_overflow
smart,20269979,34,84707,True,9,10,3,2,coin_overflow
smart,20269980,41,107806,True,8,10,5,2,coin_overflow
smart,20269981,58,154262,True,9,10,11,2,coin_overflow
smart,20269982,46,123271,True,5,10,7,0,coin_overflow
smart,20269983,39,95173,True,7,9,4,2,coin_overflow
smart,20269984,31,79160,True,6,8,1,2,coin_overflow
smart,20269985,35,95552,True,10,12,5,0,coin_overflow
smart,20269986,63,163011,True,9,14,12,3,coin_overflow
smart,20269987,41,108201,True,12,13,7,1,coin_overflow
smart,20269988,52,126010,True,7,10,9,1,coin_overflow
smart,20269989,28,77717,True,8,9,2,0,coin_overflow
smart,20269990,28,75577,True,7,9,1,1,coin_overflow
smart,20269991,25,63027,True,10,11,1,1,coin_overflow
smart,20269992,30,77051,True,11,14,3,1,coin_overflow
smart,20269993,41,108157,True,9,11,6,1,coin_overflow
smart,20269994,29,70522,True,9,11,2,1,coin_overflow
smart,20269995,71,174103,True,10,12,15,3,coin_overflow
smart,20269996,61,154501,True,10,14,13,1,coin_overflow
smart,20269997,29,80506,True,12,13,3,1,coin_overflow
smart,20269998,33,90011,True,8,14,3,1,coin_overflow
smart,20269999,32,89110,True,7,9,3,0,coin_overflow
smart,20270000,35,94503,True,6,12,3,1,coin_overflow
smart,20270001,35,94521,True,11,12,4,2,coin_overflow
smart,20270002,53,138522,True,8,11,9,2,coin_overflow
smart,20270003,46,114621,True,10,11,8,1,coin_overflow
smart,20270004,31,79017,True,10,12,3,1,coin_overflow
smart,20270005,39,103291,True,7,8,4,2,coin_overflow
smart,20270006,35,84643,True,6,7,3,1,coin_overflow
smart,20270007,36,99104,True,8,11,4,1,coin_overflow
smart,20270008,33,92206,True,9,12,4,0,coin_overflow
smart,20270009,52,135321,True,8,10,10,0,coin_overflow
smart,20270010,51,136154,True,9,10,8,3,coin_overflow
smart,20270011,34,82652,True,10,11,4,1,coin_overflow
smart,20270012,38,99232,True,8,9,4,2,coin_overflow
smart,20270013,43,110219,True,6,8,5,2,coin_overflow
smart,20270014,53,136506,True,10,13,11,0,coin_overflow
smart,20270015,28,62562,True,10,11,2,1,coin_overflow
smart,20270016,32,76506,True,10,13,4,0,coin_overflow
smart,20270017,30,79511,True,11,13,3,1,coin_overflow
smart,20270018,29,70701,True,7,12,0,3,coin_overflow
smart,20270019,32,78506,True,10,13,4,0,coin_overflow
smart,20270020,41,100551,True,10,13,7,0,coin_overflow
smart,20270021,24,55162,True,8,11,0,1,coin_overflow
smart,20270022,34,81556,True,9,12,3,2,coin_overflow
smart,20270023,43,110302,True,9,11,6,2,coin_overflow
smart,20270024,36,95156,True,11,12,5,1,coin_overflow
smart,20270025,36,92053,True,7,12,3,2,coin_overflow
smart,20270026,36,96086,True,8,10,4,1,coin_overflow
smart,20270027,37,95154,True,7,10,4,1,coin_overflow
smart,20270028,29,77806,True,9,10,2,1,coin_overflow
smart,20270029,30,75206,True,11,12,3,1,coin_overflow
smart,20270030,43,107077,True,7,10,6,1,coin_overflow
smart,20270031,32,88515,True,8,9,2,2,coin_overflow
smart,20270032,34,88511,True,7,13,3,1,coin_overflow
smart,20270033,24,60151,True,10,13,0,2,coin_overflow
smart,20270034,33,81136,True,8,10,3,1,coin_overflow
smart,20270035,31,77631,True,9,10,2,2,coin_overflow
smart,20270036,72,188021,True,12,13,16,3,coin_overflow
smart,20270037,31,79406,True,8,10,3,0,coin_overflow
smart,20270038,32,78201,True,10,13,4,0,coin_overflow
smart,20270039,52,137552,True,11,12,9,3,coin_overflow
smart,20270040,28,68307,True,9,10,1,2,coin_overflow
smart,20270041,45,114006,True,9,14,6,3,coin_overflow
smart,20270042,29,74512,True,9,12,2,1,coin_overflow
smart,20270043,32,81601,True,8,13,2,2,coin_overflow
smart,20270044,36,94661,True,10,11,4,2,coin_overflow
smart,20270045,47,125003,True,7,13,8,0,coin_overflow
smart,20270046,27,66261,True,10,11,1,2,coin_overflow
smart,20270047,46,123613,True,8,10,6,3,coin_overflow
smart,20270048,39,96204,True,9,10,4,3,coin_overflow
smart,20270049,34,86263,True,8,9,4,0,coin_overflow
smart,20270050,32,77087,True,6,9,2,1,coin_overflow
smart,20270051,34,92082,True,7,10,3,1,coin_overflow
smart,20270052,42,102637,True,7,8,5,2,coin_overflow
smart,20270053,42,103157,True,9,11,5,3,coin_overflow
smart,20270054,27,66664,True,7,8,0,2,coin_overflow
smart,20270055,34,92508,True,9,11,3,2,coin_overflow
smart,20270056,34,91121,True,7,12,3,1,coin_overflow
smart,20270057,39,101001,True,8,15,5,1,coin_overflow
smart,20270058,37,95558,True,8,10,5,0,coin_overflow
smart,20270059,41,105501,True,12,14,7,1,coin_overflow
smart,20270060,28,74116,True,10,12,2,1,coin_overflow
smart,20270061,45,119020,True,8,9,7,1,coin_overflow
smart,20270062,36,94712,True,8,10,4,1,coin_overflow
smart,20270063,27,75876,True,6,7,1,0,coin_overflow
smart,20270064,30,68561,True,11,12,3,1,coin_overflow
smart,20270065,42,108618,True,8,9,6,1,coin_overflow
smart,20270066,32,84646,True,7,8,3,0,coin_overflow
smart,20270067,30,77119,True,8,9,2,1,coin_overflow
smart,20270068,47,125212,True,9,11,8,1,coin_overflow
smart,20270069,34,82207,True,10,11,4,1,coin_overflow
smart,20270070,28,66641,True,6,9,0,2,coin_overflow
smart,20270071,29,77551,True,9,13,2,1,coin_overflow
smart,20270072,37,96901,True,8,10,5,0,coin_overflow
smart,20270073,28,72641,True,7,9,1,1,coin_overflow
smart,20270074,27,73511,True,7,13,0,2,coin_overflow
smart,20270075,36,94661,True,10,11,4,2,coin_overflow
smart,20270076,28,76158,True,9,10,1,2,coin_overflow
smart,20270077,36,94030,True,7,8,3,2,coin_overflow
smart,20270078,51,137172,True,9,10,8,3,coin_overflow
smart,20270079,37,95091,True,7,10,2,4,coin_overflow
smart,20270080,45,120002,True,10,14,7,2,coin_overflow
smart,20270081,58,146577,True,7,9,11,1,coin_overflow
smart,20270082,44,111961,True,6,8,6,1,coin_overflow
smart,20270083,30,78812,True,8,9,2,1,coin_overflow
smart,20270084,27,66054,True,10,11,1,2,coin_overflow
smart,20270085,43,112607,True,10,11,7,1,coin_overflow
smart,20270086,47,123099,True,3,6,6,1,coin_overflow
smart,20270087,52,136514,True,8,10,10,0,coin_overflow
smart,20270088,62,155766,True,8,9,12,2,coin_overflow
smart,20270089,63,151606,True,10,12,13,2,coin_overflow
smart,20270090,40,100146,True,7,9,5,1,coin_overflow
smart,20270091,37,97062,True,10,12,5,1,coin_overflow
smart,20270092,47,124205,True,8,9,7,2,coin_overflow
smart,20270093,38,96701,True,9,12,5,1,coin_overflow
smart,20270094,30,79282,True,7,8,1,2,coin_overflow
smart,20270095,48,117603,True,8,11,8,1,coin_overflow
smart,20270096,35,97577,True,8,9,3,2,coin_overflow
smart,20270097,47,123351,True,10,11,7,3,coin_overflow
smart,20270098,46,118062,True,9,12,7,2,coin_overflow
smart,20270099,33,84752,True,8,10,3,1,coin_overflow
smart,20270100,29,75102,True,9,13,2,1,coin_overflow
smart,20270101,40,99504,True,9,11,5,2,coin_overflow
smart,20270102,21,63211,True,11,12,0,1,coin_overflow
smart,20270103,32,82538,True,6,8,2,1,coin_overflow
smart,20270104,25,66172,True,7,10,0,1,coin_overflow
smart,20270105,28,73701,True,10,12,2,1,coin_overflow
smart,20270106,48,124172,True,9,10,7,3,coin_overflow
smart,20270107,31,81102,True,10,13,3,1,coin_overflow
smart,20270108,24,54726,True,8,9,0,1,coin_overflow
smart,20270109,32,82216,True,10,11,4,0,coin_overflow
smart,20270110,39,94261,True,9,11,6,0,coin_overflow
smart,20270111,41,106346,True,6,7,5,1,coin_overflow
smart,20270112,35,97017,True,9,12,4,1,coin_overflow
smart,20270113,30,77521,True,8,12,2,1,coin_overflow
smart,20270114,47,126607,True,8,11,7,2,coin_overflow
smart,20270115,35,91507,True,6,12,3,1,coin_overflow
smart,20270116,30,69041,True,7,11,1,2,coin_overflow
smart,20270117,44,111606,True,8,12,6,2,coin_overflow
smart,20270118,37,92076,True,10,11,5,1,coin_overflow
smart,20270119,31,78511,True,11,13,4,0,coin_overflow
smart,20270120,37,94526,True,10,11,5,1,coin_overflow
smart,20270121,36,92082,True,8,10,4,1,coin_overflow
smart,20270122,25,64501,True,9,14,0,2,coin_overflow
smart,20270123,49,125656,True,9,11,8,2,coin_overflow
smart,20270124,23,62111,True,12,13,1,1,coin_overflow
smart,20270125,32,83033,True,9,10,3,1,coin_overflow
smart,20270126,41,107556,True,10,12,7,0,coin_overflow
smart,20270127,39,95858,True,6,7,5,0,coin_overflow
smart,20270128,30,75107,True,10,12,2,2,coin_overflow
smart,20270129,47,124126,True,9,11,8,1,coin_overflow
smart,20270130,34,92156,True,8,12,4,0,coin_overflow
smart,20270131,31,76509,True,9,10,2,2,coin_overflow
smart,20270132,32,92268,True,7,8,1,3,coin_overflow
smart,20270133,36,92601,True,11,13,5,1,coin_overflow
smart,20270134,49,125608,True,7,10,8,1,coin_overflow
smart,20270135,26,72266,True,9,10,1,1,coin_overflow
smart,20270136,40,99193,True,6,7,4,2,coin_overflow
smart,20270137,41,106545,True,5,6,4,2,coin_overflow
smart,20270138,22,54011,True,11,14,1,0,coin_overflow
smart,20270139,40,105271,True,9,10,5,2,coin_overflow
smart,20270140,39,102405,True,6,7,5,0,coin_overflow
smart,20270141,34,91123,True,8,10,4,0,coin_overflow
smart,20270142,34,96202,True,10,12,4,1,coin_overflow
smart,20270143,42,111509,True,8,10,6,1,coin_overflow
smart,20270144,46,124057,True,11,12,9,0,coin_overflow
smart,20270145,42,109646,True,7,8,5,2,coin_overflow
smart,20270146,29,78201,True,12,13,3,1,coin_overflow
smart,20270147,28,72551,True,10,13,2,1,coin_overflow
smart,20270148,27,64751,True,10,11,1,2,coin_overflow
smart,20270149,39,104307,True,7,10,4,2,coin_overflow
smart,20270150,35,93052,True,12,13,5,1,coin_overflow
smart,20270151,46,124331,True,8,9,6,3,coin_overflow
smart,20270152,33,82611,True,11,12,4,1,coin_overflow
smart,20270153,38,99606,True,8,12,4,2,coin_overflow
smart,20270154,27,67561,True,11,12,2,1,coin_overflow
smart,20270155,24,64057,True,10,12,0,2,coin_overflow
smart,20270156,42,108261,True,8,11,6,1,coin_overflow
smart,20270157,41,112052,True,11,13,6,2,coin_overflow
smart,20270158,44,122152,True,10,12,6,3,coin_overflow
smart,20270159,36,94011,True,8,14,4,1,coin_overflow
smart,20270160,38,98104,True,10,11,6,0,coin_overflow
smart,20270161,43,111261,True,8,11,7,0,coin_overflow
smart,20270162,25,61252,True,10,11,1,1,coin_overflow
smart,20270163,24,64028,True,9,10,1,0,coin_overflow
smart,20270164,38,94002,True,12,14,6,1,coin_overflow
smart,20270165,29,79266,True,8,10,1,2,coin_overflow
smart,20270166,50,127555,True,8,9,8,2,coin_overflow
smart,20270167,55,137001,True,10,15,11,1,coin_overflow
smart,20270168,50,135167,True,9,10,9,1,coin_overflow
smart,20270169,38,100087,True,8,9,4,2,coin_overflow
smart,20270170,34,92661,True,8,11,2,3,coin_overflow
smart,20270171,34,83564,True,8,9,2,3,coin_overflow
smart,20270172,52,134054,True,9,11,9,2,coin_overflow
smart,20270173,34,89510,True,8,9,2,3,coin_overflow
smart,20270174,34,95109,True,9,10,3,2,coin_overflow
smart,20270175,29,76082,True,9,10,2,1,coin_overflow
smart,20270176,45,111631,True,7,10,6,2,coin_overflow
smart,20270177,31,81002,True,10,14,3,1,coin_overflow
smart,20270178,49,122201,True,8,13,9,0,coin_overflow
smart,20270179,45,120015,True,9,10,6,3,coin_overflow
smart,20270180,30,76321,True,9,10,3,0,coin_overflow
smart,20270181,36,94611,True,11,12,5,1,coin_overflow
smart,20270182,36,88252,True,9,11,5,0,coin_overflow
smart,20270183,33,82522,True,10,11,3,2,coin_overflow
smart,20270184,57,150009,True,8,11,11,1,coin_overflow
smart,20270185,42,108201,True,11,13,7,1,coin_overflow
smart,20270186,43,111061,True,11,13,8,0,coin_overflow
smart,20270187,63,159767,True,7,8,12,2,coin_overflow
smart,20270188,58,152126,True,7,11,11,1,coin_overflow
smart,20270189,23,62105,True,9,10,0,1,coin_overflow
smart,20270190,51,127610,True,4,8,7,2,coin_overflow
smart,20270191,22,61151,True,10,13,0,1,coin_overflow
smart,20270192,37,96082,True,8,10,5,0,coin_overflow
smart,20270193,28,74104,True,10,11,2,1,coin_overflow
smart,20270194,44,110117,True,8,11,6,2,coin_overflow
smart,20270195,36,94751,True,10,11,4,2,coin_overflow
smart,20270196,29,69528,True,8,9,1,2,coin_overflow
smart,20270197,45,121061,True,9,13,6,3,coin_overflow
smart,20270198,64,168252,True,10,11,14,1,coin_overflow
smart,20270199,21,50006,True,13,14,0,2,coin_overflow
smart,20270200,38,100652,True,10,11,6,0,coin_overflow
smart,20270201,67,171151,True,6,13,13,2,coin_overflow
smart,20270202,46,115507,True,10,12,8,1,coin_overflow
smart,20270203,33,83402,True,9,10,4,0,coin_overflow
smart,20270204,35,93052,True,7,13,4,0,coin_overflow
smart,20270205,30,82017,True,10,12,2,2,coin_overflow
smart,20270206,39,107461,True,8,9,5,1,coin_overflow
smart,20270207,23,64151,True,11,13,0,2,coin_overflow
smart,20270208,45,122004,True,8,12,7,1,coin_overflow
smart,20270209,34,91166,True,10,11,4,1,coin_overflow
smart,20270210,42,110566,True,10,11,6,2,coin_overflow
smart,20270211,46,121126,True,10,11,8,1,coin_overflow
smart,20270212,38,103156,True,10,12,6,0,coin_overflow
smart,20270213,33,79662,True,9,10,4,0,coin_overflow
smart,20270214,33,80604,True,7,10,2,2,coin_overflow
smart,20270215,35,97108,True,8,11,3,2,coin_overflow
smart,20270216,42,108231,True,9,10,5,3,coin_overflow
smart,20270217,29,79201,True,11,13,2,2,coin_overflow
smart,20270218,29,67121,True,7,12,2,0,coin_overflow
smart,20270219,47,122331,True,7,9,8,0,coin_overflow
smart,20270220,51,129007,True,10,13,9,2,coin_overflow
smart,20270221,41,106046,True,9,10,6,1,coin_overflow
smart,20270222,38,91503,True,7,12,5,0,coin_overflow
smart,20270223,26,73566,True,6,11,0,1,coin_overflow
smart,20270224,42,108302,True,5,11,5,1,coin_overflow
smart,20270225,47,125212,True,8,11,7,2,coin_overflow
smart,20270226,33,90078,True,8,9,3,1,coin_overflow
smart,20270227,53,131113,True,9,11,10,1,coin_overflow
smart,20270228,34,81628,True,6,8,2,2,coin_overflow
smart,20270229,37,98088,True,6,8,3,2,coin_overflow
smart,20270230,57,151131,True,10,11,11,2,coin_overflow
smart,20270231,53,135216,True,7,11,8,3,coin_overflow
smart,20270232,37,93007,True,12,13,5,2,coin_overflow
smart,20270233,38,97178,True,5,8,3,2,coin_overflow
smart,20270234,38,96505,True,9,10,5,1,coin_overflow
smart,20270235,27,73401,True,8,11,1,1,coin_overflow
smart,20270236,68,171546,True,7,9,13,3,coin_overflow
smart,20270237,37,96413,True,7,8,4,1,coin_overflow
smart,20270238,30,77154,True,8,10,2,1,coin_overflow
smart,20270239,31,77001,True,14,15,5,0,coin_overflow
smart,20270240,36,93707,True,6,10,2,3,coin_overflow
smart,20270241,29,68205,True,8,9,1,2,coin_overflow
smart,20270242,68,173167,True,9,10,15,1,coin_overflow
smart,20270243,47,120212,True,10,11,9,0,coin_overflow
smart,20270244,28,73767,True,6,8,0,2,coin_overflow
smart,20270245,38,97506,True,12,13,6,1,coin_overflow
smart,20270246,51,137067,True,10,11,9,2,coin_overflow
smart,20270247,41,110049,True,6,7,5,1,coin_overflow
smart,20270248,28,70711,True,10,11,2,1,coin_overflow
smart,20270249,50,124066,True,10,12,10,0,coin_overflow
smart,20270250,33,82013,True,10,12,3,2,coin_overflow
smart,20270251,39,97353,True,8,9,5,1,coin_overflow
smart,20270252,33,84657,True,9,10,4,0,coin_overflow
smart,20270253,37,93007,True,12,13,5,2,coin_overflow
smart,20270254,33,86551,True,10,13,3,2,coin_overflow
smart,20270255,50,133521,True,10,12,10,0,coin_overflow
smart,20270256,45,109611,True,9,12,6,3,coin_overflow
smart,20270257,39,96786,True,6,7,5,0,coin_overflow
smart,20270258,29,74021,True,12,13,3,1,coin_overflow
smart,20270259,59,154316,True,7,10,12,0,coin_overflow
smart,20270260,31,79751,True,9,11,2,2,coin_overflow
smart,20270261,33,90531,True,6,11,3,0,coin_overflow
smart,20270262,39,100421,True,6,9,5,0,coin_overflow
smart,20270263,29,77257,True,8,10,1,2,coin_overflow
smart,20270264,36,94104,True,10,11,4,2,coin_overflow
smart,20270265,33,91406,True,8,10,3,1,coin_overflow
smart,20270266,34,92251,True,9,12,3,2,coin_overflow
smart,20270267,30,78161,True,11,12,3,1,coin_overflow
smart,20270268,33,90118,True,8,10,3,1,coin_overflow
smart,20270269,28,76252,True,9,11,1,2,coin_overflow
smart,20270270,42,110063,True,8,11,6,1,coin_overflow
smart,20270271,48,124007,True,10,13,8,2,coin_overflow
smart,20270272,30,78331,True,7,9,1,2,coin_overflow
smart,20270273,49,125011,True,10,14,9,1,coin_overflow
smart,20270274,29,78003,True,11,13,2,2,coin_overflow
smart,20270275,29,80061,True,12,13,3,1,coin_overflow
smart,20270276,41,110851,True,9,10,6,1,coin_overflow
smart,20270277,30,80065,True,7,9,1,2,coin_overflow
smart,20270278,35,84030,True,6,8,3,1,coin_overflow
smart,20270279,29,80602,True,11,12,2,2,coin_overflow
smart,20270280,28,76021,True,12,13,2,2,coin_overflow
smart,20270281,31,80262,True,9,10,2,2,coin_overflow
smart,20270282,48,126115,True,6,9,6,3,coin_overflow
smart,20270283,61,156007,True,12,13,13,2,coin_overflow
smart,20270284,55,145574,True,7,8,10,1,coin_overflow
smart,20270285,39,96516,True,7,12,4,2,coin_overflow
smart,20270286,33,84402,True,7,10,2,2,coin_overflow
smart,20270287,29,70604,True,9,10,2,1,coin_overflow
smart,20270288,34,89412,True,7,9,3,1,coin_overflow
smart,20270289,29,74518,True,9,10,2,1,coin_overflow
smart,20270290,65,161781,True,7,8,12,3,coin_overflow
smart,20270291,38,101241,True,8,9,4,2,coin_overflow
smart,20270292,31,80701,True,10,12,3,1,coin_overflow
smart,20270293,38,99172,True,8,10,4,2,coin_overflow
smart,20270294,42,112026,True,11,12,7,1,coin_overflow
smart,20270295,55,141062,True,10,12,11,1,coin_overflow
smart,20270296,61,156301,True,7,12,12,1,coin_overflow
smart,20270297,43,109202,True,10,12,7,1,coin_overflow
smart,20270298,49,123553,True,10,11,9,1,coin_overflow
smart,20270299,25,66011,True,10,14,1,1,coin_overflow
smart,20270300,34,92101,True,13,14,5,1,coin_overflow
smart,20270301,49,123003,True,10,13,9,1,coin_overflow
smart,20270302,38,104307,True,9,10,5,1,coin_overflow
smart,20270303,41,110309,True,7,8,4,3,coin_overflow
smart,20270304,66,164516,True,9,12,15,0,coin_overflow
smart,20270305,52,127701,True,11,12,11,0,coin_overflow
smart,20270306,39,99602,True,9,12,6,0,coin_overflow
smart,20270307,31,80132,True,9,10,2,2,coin_overflow
smart,20270308,30,77111,True,9,13,3,0,coin_overflow
smart,20270309,32,82516,True,11,12,3,2,coin_overflow
smart,20270310,48,121704,True,8,9,8,1,coin_overflow
smart,20270311,35,94657,True,8,10,3,2,coin_overflow
smart,20270312,39,99080,True,6,7,3,3,coin_overflow
smart,20270313,39,94552,True,8,12,5,1,coin_overflow
smart,20270314,37,96557,True,9,11,4,2,coin_overflow
smart,20270315,43,110026,True,7,12,6,1,coin_overflow
smart,20270316,26,68176,True,8,10,0,2,coin_overflow
smart,20270317,43,110421,True,8,9,7,0,coin_overflow
smart,20270318,37,93651,True,11,12,6,0,coin_overflow
smart,20270319,42,108066,True,10,12,6,2,coin_overflow
smart,20270320,27,64666,True,9,10,2,0,coin_overflow
smart,20270321,64,166204,True,7,10,13,1,coin_overflow
smart,20270322,66,166502,True,8,13,14,1,coin_overflow
smart,20270323,30,71251,True,11,12,3,1,coin_overflow
smart,20270324,40,103154,True,9,10,5,2,coin_overflow
smart,20270325,61,154036,True,10,11,13,1,coin_overflow
smart,20270326,40,101642,True,7,8,5,1,coin_overflow
smart,20270327,42,109058,True,10,11,6,2,coin_overflow
smart,20270328,42,106561,True,10,12,6,2,coin_overflow
smart,20270329,31,82122,True,7,11,2,1,coin_overflow
smart,20270330,42,110007,True,11,13,7,1,coin_overflow
smart,20270331,29,71003,True,11,13,2,2,coin_overflow
smart,20270332,34,93156,True,8,12,4,0,coin_overflow
smart,20270333,45,110706,True,9,11,8,0,coin_overflow
smart,20270334,31,81010,True,9,10,2,2,coin_overflow
smart,20270335,32,80101,True,11,14,3,2,coin_overflow
smart,20270336,33,83503,True,8,12,3,1,coin_overflow
smart,20270337,33,80428,True,5,6,2,1,coin_overflow
smart,20270338,41,107073,True,9,10,6,1,coin_overflow
smart,20270339,34,84246,True,7,8,3,1,coin_overflow
smart,20270340,29,76206,True,9,12,2,1,coin_overflow
smart,20270341,34,91508,True,10,11,4,1,coin_overflow
smart,20270342,27,75018,True,9,11,2,0,coin_overflow
smart,20270343,29,78401,True,10,11,3,0,coin_overflow
smart,20270344,38,96223,True,7,9,5,0,coin_overflow
smart,20270345,27,64507,True,11,12,2,1,coin_overflow
smart,20270346,49,122102,True,12,13,9,2,coin_overflow
smart,20270347,36,94573,True,6,9,4,0,coin_overflow
smart,20270348,37,97096,True,7,9,4,1,coin_overflow
smart,20270349,36,94103,True,10,12,4,2,coin_overflow
smart,20270350,37,98557,True,9,11,4,2,coin_overflow
smart,20270351,38,104164,True,4,9,2,3,coin_overflow
smart,20270352,55,138901,True,9,10,10,2,coin_overflow
smart,20270353,48,124704,True,8,9,8,1,coin_overflow
smart,20270354,36,93154,True,8,10,4,1,coin_overflow
smart,20270355,34,92202,True,11,12,5,0,coin_overflow
smart,20270356,34,84187,True,7,8,3,1,coin_overflow
smart,20270357,39,96702,True,10,11,5,2,coin_overflow
smart,20270358,39,108053,True,11,12,6,1,coin_overflow
smart,20270359,51,133502,True,9,13,8,3,coin_overflow
smart,20270360,38,95541,True,8,10,4,2,coin_overflow
smart,20270361,39,99502,True,11,13,6,1,coin_overflow
smart,20270362,23,64121,True,10,12,1,0,coin_overflow
smart,20270363,35,89302,True,10,11,5,0,coin_overflow
smart,20270364,50,123331,True,8,9,8,2,coin_overflow
smart,20270365,51,127011,True,13,14,10,2,coin_overflow
smart,20270366,25,66008,True,10,12,1,1,coin_overflow
smart,20270367,37,94026,True,9,12,4,2,coin_overflow
smart,20270368,31,80332,True,7,8,2,1,coin_overflow
smart,20270369,36,93622,True,8,10,4,1,coin_overflow
smart,20270370,47,109606,True,11,12,8,2,coin_overflow
smart,20270371,26,65161,True,11,12,1,2,coin_overflow
smart,20270372,40,107677,True,6,8,4,2,coin_overflow
smart,20270373,60,151567,True,9,10,13,0,coin_overflow
smart,20270374,33,93322,True,8,9,3,1,coin_overflow
smart,20270375,31,77211,True,11,12,4,0,coin_overflow
smart,20270376,34,91166,True,10,11,4,1,coin_overflow
smart,20270377,33,82517,True,8,11,3,1,coin_overflow
smart,20270378,36,94109,True,7,10,3,2,coin_overflow
smart,20270379,36,92261,True,8,11,4,1,coin_overflow
smart,20270380,40,105717,True,8,9,4,3,coin_overflow
smart,20270381,33,81616,True,7,11,2,2,coin_overflow
smart,20270382,21,60071,True,11,12,0,1,coin_overflow
smart,20270383,50,125102,True,10,13,10,0,coin_overflow
smart,20270384,26,63026,True,11,12,1,2,coin_overflow
smart,20270385,30,70667,True,8,9,2,1,coin_overflow
smart,20270386,35,95606,True,9,12,4,1,coin_overflow
smart,20270387,43,113167,True,9,10,6,2,coin_overflow
smart,20270388,53,139262,True,5,10,8,2,coin_overflow
smart,20270389,47,117084,True,7,8,6,3,coin_overflow
smart,20270390,39,99033,True,8,10,5,1,coin_overflow
smart,20270391,36,93066,True,9,12,5,0,coin_overflow
smart,20270392,35,93521,True,9,12,4,1,coin_overflow
smart,20270393,46,122006,True,7,14,7,1,coin_overflow
smart,20270394,34,94351,True,10,11,4,1,coin_overflow
smart,20270395,51,138672,True,8,9,7,4,coin_overflow
smart,20270396,31,78201,True,11,13,4,0,coin_overflow
smart,20270397,32,81047,True,8,9,2,2,coin_overflow
smart,20270398,41,108561,True,10,12,7,0,coin_overflow
smart,20270399,46,122702,True,7,11,7,1,coin_overflow
smart,20270400,31,79611,True,10,12,3,1,coin_overflow
smart,20270401,43,108903,True,6,8,5,2,coin_overflow
smart,20270402,41,107652,True,10,11,7,0,coin_overflow
smart,20270403,30,82456,True,8,9,2,1,coin_overflow
smart,20270404,36,94321,True,8,10,4,1,coin_overflow
smart,20270405,36,94766,True,6,9,2,3,coin_overflow
smart,20270406,40,111007,True,10,13,6,1,coin_overflow
smart,20270407,47,125207,True,9,11,8,1,coin_overflow
smart,20270408,35,90262,True,8,10,3,2,coin_overflow
smart,20270409,29,79301,True,9,12,2,1,coin_overflow
smart,20270410,44,109066,True,10,12,8,0,coin_overflow
smart,20270411,28,75027,True,10,11,2,1,coin_overflow
smart,20270412,26,64154,True,9,10,1,1,coin_overflow
smart,20270413,42,108726,True,8,9,6,1,coin_overflow
smart,20270414,39,97609,True,8,9,5,1,coin_overflow
smart,20270415,30,75055,True,8,10,2,1,coin_overflow
smart,20270416,36,86061,True,12,13,4,3,coin_overflow
smart,20270417,29,79021,True,12,13,3,1,coin_overflow
smart,20270418,29,76656,True,9,11,2,1,coin_overflow
smart,20270419,46,113074,True,7,9,7,1,coin_overflow
smart,20270420,32,83117,True,9,11,3,1,coin_overflow
smart,20270421,46,112572,True,9,10,7,2,coin_overflow
smart,20270422,31,79086,True,8,10,3,0,coin_overflow
smart,20270423,58,144766,True,7,9,11,1,coin_overflow
smart,20270424,34,91103,True,11,12,5,0,coin_overflow
smart,20270425,32,82621,True,10,11,4,0,coin_overflow
smart,20270426,33,93461,True,7,9,2,2,coin_overflow
smart,20270427,36,93182,True,8,9,4,1,coin_overflow
smart,20270428,48,124114,True,8,10,8,1,coin_overflow
smart,20270429,32,78641,True,7,9,3,0,coin_overflow
smart,20270430,39,93667,True,7,9,4,2,coin_overflow
smart,20270431,58,141151,True,10,13,12,1,coin_overflow
smart,20270432,33,83312,True,9,10,4,0,coin_overflow
smart,20270433,28,69062,True,10,12,2,1,coin_overflow
smart,20270434,55,137066,True,10,12,11,1,coin_overflow
smart,20270435,32,81422,True,7,8,3,0,coin_overflow
smart,20270436,35,93101,True,12,14,5,1,coin_overflow
smart,20270437,38,92106,True,7,13,5,0,coin_overflow
smart,20270438,35,92171,True,9,11,4,1,coin_overflow
smart,20270439,35,82361,True,9,10,4,1,coin_overflow
smart,20270440,38,96722,True,8,9,4,2,coin_overflow
smart,20270441,29,75107,True,11,12,2,2,coin_overflow
smart,20270442,32,78111,True,12,13,4,1,coin_overflow
smart,20270443,46,120010,True,7,10,7,1,coin_overflow
smart,20270444,36,94032,True,10,11,4,2,coin_overflow
smart,20270445,36,95572,True,8,10,4,1,coin_overflow
smart,20270446,32,78662,True,8,10,2,2,coin_overflow
smart,20270447,24,64022,True,11,12,1,1,coin_overflow
smart,20270448,44,117167,True,8,10,6,2,coin_overflow
smart,20270449,25,63113,True,10,11,1,1,coin_overflow
smart,20270450,49,125155,True,6,9,7,2,coin_overflow
smart,20270451,52,132014,True,8,11,8,3,coin_overflow
smart,20270452,30,77512,True,11,12,3,1,coin_overflow
smart,20270453,60,146302,True,9,11,11,3,coin_overflow
smart,20270454,55,136602,True,10,12,11,1,coin_overflow
smart,20270455,45,123157,True,8,11,7,1,coin_overflow
smart,20270456,34,91005,True,10,11,4,1,coin_overflow
smart,20270457,37,94176,True,8,10,5,0,coin_overflow
smart,20270458,28,68212,True,10,11,2,1,coin_overflow
smart,20270459,36,84531,True,9,11,5,0,coin_overflow
smart,20270460,35,93502,True,11,13,4,2,coin_overflow
smart,20270461,34,93656,True,10,11,4,1,coin_overflow
smart,20270462,37,93322,True,8,9,3,3,coin_overflow
smart,20270463,28,79302,True,10,11,2,1,coin_overflow
smart,20270464,52,123566,True,8,11,10,0,coin_overflow
smart,20270465,45,122108,True,9,11,6,3,coin_overflow
smart,20270466,39,92771,True,8,9,5,1,coin_overflow
smart,20270467,30,80127,True,8,10,2,1,coin_overflow
smart,20270468,51,128657,True,9,10,8,3,coin_overflow
smart,20270469,39,98081,True,10,11,5,2,coin_overflow
smart,20270470,36,88056,True,12,13,6,0,coin_overflow
smart,20270471,50,126557,True,8,11,8,2,coin_overflow
smart,20270472,37,95111,True,10,13,5,1,coin_overflow
smart,20270473,51,128002,True,11,14,10,1,coin_overflow
smart,20270474,45,111251,True,11,12,8,1,coin_overflow
smart,20270475,30,68052,True,9,13,1,3,coin_overflow
smart,20270476,47,120013,True,11,12,8,2,coin_overflow
smart,20270477,35,95552,True,7,12,4,0,coin_overflow
smart,20270478,42,109564,True,8,9,6,1,coin_overflow
smart,20270479,34,88521,True,7,12,3,1,coin_overflow
smart,20270480,38,98172,True,8,10,4,2,coin_overflow
smart,20270481,39,100075,True,7,8,4,2,coin_overflow
smart,20270482,30,75076,True,9,11,3,0,coin_overflow
smart,20270483,37,95201,True,12,13,5,2,coin_overflow
smart,20270484,40,108706,True,10,11,6,1,coin_overflow
smart,20270485,43,108256,True,9,11,6,2,coin_overflow
smart,20270486,30,81141,True,7,10,1,2,coin_overflow
smart,20270487,38,96776,True,6,8,4,1,coin_overflow
smart,20270488,34,92131,True,10,11,4,1,coin_overflow
smart,20270489,73,186667,True,6,9,15,2,coin_overflow
smart,20270490,28,78253,True,9,10,1,2,coin_overflow
smart,20270491,39,103701,True,11,12,6,1,coin_overflow
smart,20270492,80,199003,True,11,13,19,2,coin_overflow
smart,20270493,37,94082,True,8,10,5,0,coin_overflow
smart,20270494,22,54021,True,11,13,1,0,coin_overflow
smart,20270495,50,134065,True,7,9,9,0,coin_overflow
smart,20270496,25,64052,True,11,13,2,0,coin_overflow
smart,20270497,36,92106,True,11,13,5,1,coin_overflow
smart,20270498,29,68056,True,11,13,2,2,coin_overflow
smart,20270499,34,86041,True,10,11,4,1,coin_overflow
smart,20270500,37,95511,True,11,13,6,0,coin_overflow
smart,20270501,42,108204,True,8,10,6,1,coin_overflow
smart,20270502,41,110756,True,9,10,6,1,coin_overflow
smart,20270503,38,106006,True,10,14,6,0,coin_overflow
smart,20270504,38,97077,True,8,10,4,2,coin_overflow
smart,20270505,34,93503,True,7,12,3,1,coin_overflow
smart,20270506,44,119011,True,12,14,8,1,coin_overflow
smart,20270507,43,110162,True,8,11,7,0,coin_overflow
smart,20270508,32,82104,True,10,11,4,0,coin_overflow
smart,20270509,37,90101,True,13,14,6,1,coin_overflow
smart,20270510,48,127542,True,6,9,8,0,coin_overflow
smart,20270511,45,122301,True,9,12,8,0,coin_overflow
smart,20270512,36,93152,True,11,12,5,1,coin_overflow
smart,20270513,51,141267,True,8,9,9,1,coin_overflow
smart,20270514,39,106254,True,7,9,4,2,coin_overflow
smart,20270515,53,133102,True,11,13,10,2,coin_overflow
smart,20270516,28,75363,True,7,8,1,1,coin_overflow
smart,20270517,36,85006,True,11,14,5,1,coin_overflow
smart,20270518,48,124023,True,10,11,8,2,coin_overflow
smart,20270519,27,72552,True,11,12,2,1,coin_overflow
smart,20270520,34,90028,True,8,10,4,0,coin_overflow
smart,20270521,32,88226,True,7,10,3,0,coin_overflow
smart,20270522,22,63106,True,10,13,0,1,coin_overflow
smart,20270523,29,77654,True,8,9,1,2,coin_overflow
smart,20270524,43,110123,True,8,10,7,0,coin_overflow
smart,20270525,23,53151,True,12,13,1,1,coin_overflow
smart,20270526,44,110501,True,9,14,7,1,coin_overflow
smart,20270527,33,83621,True,8,11,3,1,coin_overflow
smart,20270528,27,69307,True,8,10,1,1,coin_overflow
smart,20270529,34,81657,True,6,10,2,2,coin_overflow
smart,20270530,38,94516,True,10,12,6,0,coin_overflow
smart,20270531,26,65696,True,6,7,0,1,coin_overflow
smart,20270532,34,83521,True,10,12,4,1,coin_overflow
smart,20270533,36,97106,True,7,13,3,2,coin_overflow
smart,20270534,46,112074,True,6,9,6,2,coin_overflow
smart,20270535,45,119563,True,8,10,7,1,coin_overflow
smart,20270536,32,82562,True,9,11,3,1,coin_overflow
smart,20270537,29,78662,True,9,10,2,1,coin_overflow
smart,20270538,41,105254,True,8,9,5,2,coin_overflow
smart,20270539,35,95026,True,9,12,4,1,coin_overflow
smart,20270540,28,73112,True,10,12,2,1,coin_overflow
smart,20270541,37,98758,True,6,8,3,2,coin_overflow
smart,20270542,44,110202,True,11,12,7,2,coin_overflow
smart,20270543,51,139527,True,9,10,8,3,coin_overflow
smart,20270544,27,74528,True,8,9,1,1,coin_overflow
smart,20270545,27,66658,True,8,9,1,1,coin_overflow
smart,20270546,40,109422,True,5,8,5,0,coin_overflow
smart,20270547,48,120013,True,11,12,9,1,coin_overflow
smart,20270548,42,109506,True,10,13,6,2,coin_overflow
smart,20270549,28,76861,True,7,9,1,1,coin_overflow
smart,20270550,30,78166,True,10,11,2,2,coin_overflow
smart,20270551,26,64512,True,11,12,1,2,coin_overflow
smart,20270552,33,77536,True,7,10,2,2,coin_overflow
smart,20270553,31,77156,True,10,12,3,1,coin_overflow
smart,20270554,40,101044,True,6,8,4,2,coin_overflow
smart,20270555,47,125306,True,6,11,7,1,coin_overflow
smart,20270556,30,78631,True,9,10,1,3,coin_overflow
smart,20270557,44,111009,True,8,11,6,2,coin_overflow
smart,20270558,32,84056,True,12,13,4,1,coin_overflow
smart,20270559,30,76041,True,8,11,2,1,coin_overflow
smart,20270560,42,110831,True,7,8,5,2,coin_overflow
smart,20270561,34,94301,True,11,12,3,3,coin_overflow
smart,20270562,42,97611,True,11,12,7,1,coin_overflow
smart,20270563,29,71556,True,9,12,2,1,coin_overflow
smart,20270564,43,109603,True,9,11,6,2,coin_overflow
smart,20270565,25,68007,True,12,13,1,2,coin_overflow
smart,20270566,32,81051,True,13,14,5,0,coin_overflow
smart,20270567,26,64321,True,8,10,0,2,coin_overflow
smart,20270568,45,109607,True,10,11,7,2,coin_overflow
smart,20270569,45,108861,True,8,9,7,1,coin_overflow
smart,20270570,33,89064,True,7,10,2,2,coin_overflow
smart,20270571,29,69123,True,9,10,2,1,coin_overflow
smart,20270572,30,77117,True,10,11,2,2,coin_overflow
smart,20270573,44,117713,True,7,9,7,0,coin_overflow
smart,20270574,32,83321,True,7,10,3,0,coin_overflow
smart,20270575,33,86801,True,7,11,2,2,coin_overflow
smart,20270576,32,84613,True,8,10,2,2,coin_overflow
smart,20270577,35,86256,True,10,11,5,0,coin_overflow
smart,20270578,50,129401,True,10,11,8,3,coin_overflow
smart,20270579,38,100141,True,9,10,5,1,coin_overflow
smart,20270580,35,93009,True,7,11,4,0,coin_overflow
smart,20270581,41,103151,True,9,13,6,1,coin_overflow
smart,20270582,35,91004,True,10,12,5,0,coin_overflow
smart,20270583,39,93757,True,8,9,5,1,coin_overflow
smart,20270584,54,140616,True,9,11,9,3,coin_overflow
smart,20270585,39,102157,True,10,11,5,2,coin_overflow
smart,20270586,31,76952,True,7,8,2,1,coin_overflow
smart,20270587,49,126683,True,6,7,7,2,coin_overflow
smart,20270588,29,78166,True,9,11,2,1,coin_overflow
smart,20270589,30,80558,True,8,10,2,1,coin_overflow
smart,20270590,53,139239,True,4,6,9,0,coin_overflow
smart,20270591,29,79364,True,6,7,1,1,coin_overflow
smart,20270592,30,81531,True,10,11,2,2,coin_overflow
smart,20270593,45,115902,True,7,9,6,2,coin_overflow
smart,20270594,29,81611,True,11,12,2,2,coin_overflow
smart,20270595,32,77652,True,10,11,4,0,coin_overflow
smart,20270596,21,51503,True,11,12,0,1,coin_overflow
smart,20270597,45,112006,True,9,14,6,3,coin_overflow
smart,20270598,30,78261,True,9,11,3,0,coin_overflow
smart,20270599,55,138172,True,7,10,10,1,coin_overflow
smart,20270600,33,90512,True,10,12,3,2,coin_overflow
smart,20270601,32,79161,True,8,12,2,2,coin_overflow
smart,20270602,31,77573,True,7,9,2,1,coin_overflow
smart,20270603,54,137079,True,5,8,9,1,coin_overflow
smart,20270604,41,107528,True,8,9,5,2,coin_overflow
smart,20270605,50,129167,True,8,10,8,2,coin_overflow
smart,20270606,25,66104,True,9,11,0,2,coin_overflow
smart,20270607,45,115111,True,8,13,7,1,coin_overflow
smart,20270608,33,90018,True,10,11,3,2,coin_overflow
smart,20270609,33,92663,True,8,9,3,1,coin_overflow
smart,20270610,28,63156,True,7,12,1,1,coin_overflow
smart,20270611,33,86067,True,10,11,3,2,coin_overflow
smart,20270612,36,94003,True,11,13,5,1,coin_overflow
smart,20270613,32,79702,True,10,11,4,0,coin_overflow
smart,20270614,54,138311,True,8,11,10,1,coin_overflow
smart,20270615,43,109603,True,6,11,5,2,coin_overflow
smart,20270616,35,94016,True,9,13,4,1,coin_overflow
smart,20270617,26,65057,True,11,12,1,2,coin_overflow
smart,20270618,35,97071,True,9,12,4,1,coin_overflow
smart,20270619,35,93666,True,8,10,3,2,coin_overflow
smart,20270620,41,112452,True,6,9,5,1,coin_overflow
smart,20270621,52,137181,True,9,10,9,2,coin_overflow
smart,20270622,32,80236,True,8,9,2,2,coin_overflow
smart,20270623,39,95211,True,11,12,6,1,coin_overflow
smart,20270624,30,77113,True,10,11,2,2,coin_overflow
smart,20270625,32,88058,True,7,11,1,3,coin_overflow
smart,20270626,28,73757,True,8,9,0,3,coin_overflow
smart,20270627,47,122032,True,9,11,8,1,coin_overflow
smart,20270628,29,69025,True,6,9,1,1,coin_overflow
smart,20270629,38,96503,True,10,12,6,0,coin_overflow
smart,20270630,29,74168,True,7,9,2,0,coin_overflow
smart,20270631,31,81902,True,7,9,2,1,coin_overflow
smart,20270632,32,82175,True,6,7,2,1,coin_overflow
smart,20270633,58,151256,True,8,11,10,3,coin_overflow
smart,20270634,33,82051,True,11,14,4,1,coin_overflow
smart,20270635,33,91516,True,8,12,3,1,coin_overflow
smart,20270636,56,146202,True,10,12,10,3,coin_overflow
smart,20270637,34,88514,True,8,10,4,0,coin_overflow
smart,20270638,53,130033,True,8,10,9,2,coin_overflow
smart,20270639,35,95002,True,11,14,4,2,coin_overflow
smart,20270640,34,92214,True,7,9,3,1,coin_overflow
smart,20270641,34,91182,True,8,9,4,0,coin_overflow
smart,20270642,43,113192,True,7,8,6,1,coin_overflow
smart,20270643,27,75061,True,12,13,3,0,coin_overflow
smart,20270644,50,132043,True,8,9,8,2,coin_overflow
smart,20270645,44,113017,True,9,12,7,1,coin_overflow
smart,20270646,43,110051,True,9,14,6,2,coin_overflow
smart,20270647,38,99503,True,10,12,6,0,coin_overflow
smart,20270648,31,77558,True,9,10,2,2,coin_overflow
smart,20270649,45,108401,True,9,11,6,3,coin_overflow
smart,20270650,31,79312,True,9,10,2,2,coin_overflow
smart,20270651,54,140232,True,6,9,10,0,coin_overflow
smart,20270652,27,63661,True,8,11,1,1,coin_overflow
smart,20270653,35,92057,True,9,12,4,1,coin_overflow
smart,20270654,35,88017,True,11,12,4,2,coin_overflow
smart,20270655,38,96612,True,9,11,5,1,coin_overflow
smart,20270656,32,90158,True,9,10,3,1,coin_overflow
smart,20270657,43,110356,True,7,10,6,1,coin_overflow
smart,20270658,37,94961,True,6,8,3,2,coin_overflow
smart,20270659,33,94581,True,7,10,2,2,coin_overflow
smart,20270660,29,79562,True,9,11,2,1,coin_overflow
smart,20270661,46,123262,True,9,10,7,2,coin_overflow
smart,20270662,46,116127,True,9,10,7,2,coin_overflow
smart,20270663,29,78454,True,6,7,1,1,coin_overflow
smart,20270664,46,121321,True,7,10,7,1,coin_overflow
smart,20270665,43,108218,True,8,9,7,0,coin_overflow
smart,20270666,33,84014,True,8,11,3,1,coin_overflow
smart,20270667,41,102841,True,6,7,5,1,coin_overflow
smart,20270668,30,79061,True,11,13,3,1,coin_overflow
smart,20270669,36,93317,True,8,9,4,1,coin_overflow
smart,20270670,49,127501,True,8,14,7,3,coin_overflow
smart,20270671,41,107112,True,11,12,6,2,coin_overflow
smart,20270672,29,79002,True,9,14,2,1,coin_overflow
smart,20270673,30,79006,True,12,14,4,0,coin_overflow
smart,20270674,49,128053,True,11,12,10,0,coin_overflow
smart,20270675,32,86203,True,10,11,2,3,coin_overflow
smart,20270676,25,64141,True,9,10,0,2,coin_overflow
smart,20270677,29,67534,True,7,8,2,0,coin_overflow
smart,20270678,26,63141,True,9,10,1,1,coin_overflow
smart,20270679,21,54021,True,12,13,1,0,coin_overflow
smart,20270680,29,69216,True,7,11,0,3,coin_overflow
smart,20270681,30,80054,True,9,11,1,3,coin_overflow
smart,20270682,34,90132,True,9,10,3,2,coin_overflow
smart,20270683,40,100530,True,6,7,4,2,coin_overflow
smart,20270684,39,99501,True,8,14,5,1,coin_overflow
smart,20270685,37,96611,True,8,12,5,0,coin_overflow
smart,20270686,34,91187,True,7,8,3,1,coin_overflow
smart,20270687,35,93602,True,11,12,4,2,coin_overflow
smart,20270688,38,98831,True,7,8,5,0,coin_overflow
smart,20270689,35,92252,True,10,11,3,3,coin_overflow
smart,20270690,36,95267,True,8,9,4,1,coin_overflow
smart,20270691,36,90558,True,7,10,3,2,coin_overflow
smart,20270692,29,70037,True,9,10,2,1,coin_overflow
smart,20270693,30,79053,True,11,12,3,1,coin_overflow
smart,20270694,58,152251,True,10,12,12,1,coin_overflow
smart,20270695,42,111002,True,10,14,6,2,coin_overflow
smart,20270696,35,86503,True,9,12,4,1,coin_overflow
smart,20270697,49,126136,True,8,10,9,0,coin_overflow
smart,20270698,47,126003,True,9,13,8,1,coin_overflow
smart,20270699,37,92014,True,9,11,4,2,coin_overflow
smart,20270700,24,53253,True,9,10,1,0,coin_overflow
smart,20270701,39,94151,True,7,13,4,2,coin_overflow
smart,20270702,24,63601,True,11,13,1,1,coin_overflow
smart,20270703,40,109208,True,9,10,5,2,coin_overflow
smart,20270704,57,157606,True,8,12,11,1,coin_overflow
smart,20270705,45,114627,True,7,9,6,2,coin_overflow
smart,20270706,34,91066,True,11,12,5,0,coin_overflow
smart,20270707,27,65051,True,9,14,2,0,coin_overflow
smart,20270708,31,81152,True,10,12,3,1,coin_overflow
smart,20270709,36,96221,True,7,11,3,2,coin_overflow
smart,20270710,45,118401,True,10,11,7,2,coin_overflow
smart,20270711,51,122662,True,8,10,9,1,coin_overflow
smart,20270712,29,81006,True,8,14,1,2,coin_overflow
smart,20270713,35,90757,True,8,9,3,2,coin_overflow
smart,20270714,33,83601,True,8,13,3,1,coin_overflow
smart,20270715,33,94081,True,10,11,3,2,coin_overflow
smart,20270716,32,88816,True,5,9,1,2,coin_overflow
smart,20270717,43,111112,True,9,12,6,2,coin_overflow
smart,20270718,62,158028,True,8,10,12,2,coin_overflow
smart,20270719,44,112501,True,12,14,8,1,coin_overflow
smart,20270720,41,107702,True,9,11,6,1,coin_overflow
smart,20270721,50,127128,True,7,9,9,0,coin_overflow
smart,20270722,33,92104,True,10,11,3,2,coin_overflow
smart,20270723,36,98161,True,11,12,5,1,coin_overflow
smart,20270724,65,169101,True,13,14,16,0,coin_overflow
smart,20270725,43,112696,True,6,7,5,2,coin_overflow
smart,20270726,27,69057,True,8,12,1,1,coin_overflow
smart,20270727,38,104004,True,7,12,5,0,coin_overflow
smart,20270728,45,113167,True,6,10,7,0,coin_overflow
smart,20270729,31,83256,True,10,11,3,1,coin_overflow
smart,20270730,25,64541,True,9,10,0,2,coin_overflow
smart,20270731,43,106053,True,7,12,6,1,coin_overflow
smart,20270732,41,110252,True,8,11,5,2,coin_overflow
smart,20270733,37,94647,True,6,7,3,2,coin_overflow
smart,20270734,42,102572,True,7,10,5,2,coin_overflow
smart,20270735,40,107612,True,10,11,6,1,coin_overflow
smart,20270736,59,158231,True,8,10,11,2,coin_overflow
smart,20270737,37,95692,True,6,7,3,2,coin_overflow
smart,20270738,38,94173,True,8,9,4,2,coin_overflow
smart,20270739,28,69523,True,7,10,1,1,coin_overflow
smart,20270740,38,99503,True,10,12,4,3,coin_overflow
smart,20270741,34,81051,True,12,14,4,2,coin_overflow
smart,20270742,33,92528,True,7,9,2,2,coin_overflow
smart,20270743,48,125012,True,11,13,9,1,coin_overflow
smart,20270744,39,101816,True,8,9,5,1,coin_overflow
smart,20270745,30,77072,True,10,11,2,2,coin_overflow
smart,20270746,35,85063,True,9,11,4,1,coin_overflow
smart,20270747,34,92076,True,6,11,2,2,coin_overflow
smart,20270748,38,99341,True,6,8,4,1,coin_overflow
smart,20270749,56,150031,True,11,12,11,2,coin_overflow
smart,20270750,70,185915,True,4,5,14,1,coin_overflow
smart,20270751,50,132566,True,7,11,7,3,coin_overflow
smart,20270752,37,93526,True,9,11,4,2,coin_overflow
smart,20270753,32,80509,True,7,10,3,0,coin_overflow
smart,20270754,39,106771,True,8,9,5,1,coin_overflow
smart,20270755,35,81513,True,10,11,5,0,coin_overflow
smart,20270756,47,123068,True,6,10,7,1,coin_overflow
smart,20270757,50,126371,True,8,9,8,2,coin_overflow
smart,20270758,27,66212,True,10,11,1,2,coin_overflow
smart,20270759,41,102107,True,10,12,5,3,coin_overflow
smart,20270760,29,72154,True,9,10,2,1,coin_overflow
smart,20270761,33,92042,True,9,10,4,0,coin_overflow
smart,20270762,37,91506,True,9,13,4,2,coin_overflow
smart,20270763,37,97091,True,7,10,4,1,coin_overflow
smart,20270764,35,94912,True,6,8,3,1,coin_overflow
smart,20270765,28,69062,True,10,12,2,1,coin_overflow
smart,20270766,25,64016,True,12,13,1,2,coin_overflow
smart,20270767,26,66008,True,11,12,1,2,coin_overflow
smart,20270768,30,79009,True,10,11,2,2,coin_overflow
smart,20270769,39,108072,True,9,11,4,3,coin_overflow
smart,20270770,45,114073,True,7,10,6,2,coin_overflow
smart,20270771,38,96511,True,11,13,5,2,coin_overflow
smart,20270772,41,110541,True,9,10,6,1,coin_overflow
smart,20270773,52,134008,True,10,12,10,1,coin_overflow
smart,20270774,74,184079,True,6,8,16,1,coin_overflow
smart,20270775,26,64751,True,10,11,2,0,coin_overflow
smart,20270776,34,90412,True,7,9,3,1,coin_overflow
smart,20270777,46,124076,True,7,11,7,1,coin_overflow
smart,20270778,28,72012,True,6,13,0,2,coin_overflow
smart,20270779,35,95143,True,6,8,3,1,coin_overflow
smart,20270780,34,83509,True,6,10,2,2,coin_overflow
smart,20270781,39,104061,True,7,13,4,2,coin_overflow
smart,20270782,26,65402,True,9,10,1,1,coin_overflow
smart,20270783,33,92056,True,11,13,4,1,coin_overflow
smart,20270784,38,97011,True,12,14,6,1,coin_overflow
smart,20270785,48,123005,True,10,11,8,2,coin_overflow
smart,20270786,34,93507,True,11,12,5,0,coin_overflow
smart,20270787,43,114221,True,7,11,6,1,coin_overflow
smart,20270788,43,111063,True,10,11,7,1,coin_overflow
smart,20270789,33,84053,True,10,12,3,2,coin_overflow
smart,20270790,29,67006,True,11,14,2,2,coin_overflow
smart,20270791,45,109151,True,7,13,6,2,coin_overflow
smart,20270792,41,110716,True,5,10,4,2,coin_overflow
smart,20270793,56,142216,True,8,11,10,2,coin_overflow
smart,20270794,63,170093,True,5,8,12,1,coin_overflow
smart,20270795,37,93001,True,11,15,6,0,coin_overflow
smart,20270796,31,80374,True,5,6,2,0,coin_overflow
smart,20270797,35,91152,True,10,12,5,0,coin_overflow
smart,20270798,42,113001,True,12,15,8,0,coin_overflow
smart,20270799,32,79008,True,6,12,2,1,coin_overflow
smart,20270800,66,172401,True,9,11,13,3,coin_overflow
smart,20270801,60,156371,True,8,9,12,1,coin_overflow
smart,20270802,37,95501,True,9,14,4,2,coin_overflow
smart,20270803,40,104836,True,6,7,4,2,coin_overflow
smart,20270804,23,63572,True,9,10,0,1,coin_overflow
smart,20270805,46,127219,True,7,8,7,1,coin_overflow
smart,20270806,30,78178,True,7,8,1,2,coin_overflow
smart,20270807,25,64302,True,10,11,1,1,coin_overflow
smart,20270808,31,81571,True,10,11,3,1,coin_overflow
smart,20270809,30,69332,True,7,8,1,2,coin_overflow
smart,20270810,54,136007,True,11,13,11,1,coin_overflow
smart,20270811,40,98511,True,9,13,5,2,coin_overflow
smart,20270812,51,129552,True,10,12,9,2,coin_overflow
smart,20270813,54,144701,True,8,12,10,1,coin_overflow
smart,20270814,29,76066,True,10,12,3,0,coin_overflow
smart,20270815,21,60507,True,11,12,0,1,coin_overflow
smart,20270816,63,165655,True,6,8,11,3,coin_overflow
smart,20270817,37,95013,True,10,12,5,1,coin_overflow
smart,20270818,35,93106,True,9,13,4,1,coin_overflow
smart,20270819,52,127712,True,7,10,9,1,coin_overflow
smart,20270820,29,80024,True,9,10,2,1,coin_overflow
smart,20270821,41,111110,True,8,9,5,2,coin_overflow
smart,20270822,56,145005,True,9,11,11,1,coin_overflow
smart,20270823,32,87651,True,8,12,2,2,coin_overflow
smart,20270824,41,107602,True,9,12,6,1,coin_overflow
smart,20270825,53,142236,True,6,9,7,4,coin_overflow
smart,20270826,33,89654,True,7,9,2,2,coin_overflow
smart,20270827,33,82092,True,7,9,2,2,coin_overflow
smart,20270828,27,73202,True,9,12,2,0,coin_overflow
smart,20270829,35,84057,True,10,12,5,0,coin_overflow
smart,20270830,33,91052,True,12,13,5,0,coin_overflow
smart,20270831,31,79056,True,12,13,3,2,coin_overflow
smart,20270832,49,126556,True,8,12,7,3,coin_overflow
smart,20270833,36,95255,True,7,8,3,2,coin_overflow
smart,20270834,33,91212,True,7,11,2,2,coin_overflow
smart,20270835,28,74041,True,10,11,2,1,coin_overflow
smart,20270836,25,64301,True,10,12,1,1,coin_overflow
smart,20270837,25,64851,True,9,10,0,2,coin_overflow
smart,20270838,35,84112,True,9,12,4,1,coin_overflow
smart,20270839,38,96654,True,8,9,4,2,coin_overflow
smart,20270840,28,77154,True,7,10,1,1,coin_overflow
smart,20270841,32,80067,True,9,11,3,1,coin_overflow
smart,20270842,39,106251,True,10,12,5,2,coin_overflow
smart,20270843,27,74601,True,10,13,1,2,coin_overflow
smart,20270844,32,83136,True,8,10,2,2,coin_overflow
smart,20270845,39,105311,True,7,11,4,2,coin_overflow
smart,20270846,36,91006,True,9,14,5,0,coin_overflow
smart,20270847,40,96256,True,9,11,5,2,coin_overflow
smart,20270848,33,81577,True,8,9,3,1,coin_overflow
smart,20270849,20,51056,True,12,13,0,1,coin_overflow
smart,20270850,41,112526,True,9,11,6,1,coin_overflow
smart,20270851,35,94521,True,11,12,4,2,coin_overflow
smart,20270852,28,76172,True,9,10,1,2,coin_overflow
smart,20270853,36,93527,True,8,10,4,1,coin_overflow
smart,20270854,30,80033,True,7,10,1,2,coin_overflow
smart,20270855,30,79028,True,9,10,3,0,coin_overflow
smart,20270856,45,119542,True,8,9,7,1,coin_overflow
smart,20270857,31,81507,True,11,12,4,0,coin_overflow
smart,20270858,39,97866,True,5,8,4,1,coin_overflow
smart,20270859,40,99552,True,7,12,5,1,coin_overflow
smart,20270860,32,81006,True,12,14,4,1,coin_overflow
smart,20270861,33,85659,True,7,8,2,2,coin_overflow
smart,20270862,39,98558,True,7,10,4,2,coin_overflow
smart,20270863,26,68052,True,11,13,1,2,coin_overflow
smart,20270864,35,91752,True,9,10,4,1,coin_overflow
smart,20270865,32,81556,True,11,12,3,2,coin_overflow
smart,20270866,43,111056,True,8,13,7,0,coin_overflow
smart,20270867,29,80087,True,6,9,1,1,coin_overflow
smart,20270868,44,120756,True,9,10,7,1,coin_overflow
smart,20270869,54,138028,True,6,10,10,0,coin_overflow
smart,20270870,21,49502,True,11,13,0,1,coin_overflow
smart,20270871,43,111536,True,8,10,5,3,coin_overflow
smart,20270872,46,122703,True,9,10,7,2,coin_overflow
smart,20270873,37,96252,True,6,11,3,2,coin_overflow
smart,20270874,46,123068,True,8,10,6,3,coin_overflow
smart,20270875,38,95012,True,8,13,4,2,coin_overflow
smart,20270876,29,78267,True,8,9,1,2,coin_overflow
smart,20270877,27,66821,True,8,9,1,1,coin_overflow
smart,20270878,34,84031,True,10,12,4,1,coin_overflow
smart,20270879,30,79453,True,7,8,1,2,coin_overflow
smart,20270880,53,132718,True,7,8,8,3,coin_overflow
smart,20270881,26,74617,True,8,10,0,2,coin_overflow
smart,20270882,24,60067,True,10,11,0,2,coin_overflow
smart,20270883,23,63512,True,11,12,0,2,coin_overflow
smart,20270884,42,105201,True,12,13,8,0,coin_overflow
smart,20270885,29,80036,True,10,11,3,0,coin_overflow
smart,20270886,53,139676,True,8,9,9,2,coin_overflow
smart,20270887,36,95137,True,8,9,4,1,coin_overflow
smart,20270888,44,120001,True,9,15,7,1,coin_overflow
smart,20270889,45,112556,True,8,12,7,1,coin_overflow
smart,20270890,40,91014,True,8,11,4,3,coin_overflow
smart,20270891,35,88356,True,8,10,3,2,coin_overflow
smart,20270892,52,139117,True,7,11,9,1,coin_overflow
smart,20270893,30,77207,True,7,11,1,2,coin_overflow
smart,20270894,33,82558,True,8,10,3,1,coin_overflow
smart,20270895,31,80004,True,8,12,1,3,coin_overflow
smart,20270896,30,78251,True,9,12,1,3,coin_overflow
smart,20270897,64,159517,True,8,11,12,3,coin_overflow
smart,20270898,35,92041,True,9,11,4,1,coin_overflow
smart,20270899,48,122526,True,10,11,8,2,coin_overflow
smart,20270900,24,64152,True,10,12,0,2,coin_overflow
smart,20270901,27,75153,True,9,11,2,0,coin_overflow
smart,20270902,29,79011,True,12,14,3,1,coin_overflow
smart,20270903,33,92601,True,11,13,4,1,coin_overflow
smart,20270904,46,115112,True,6,12,6,2,coin_overflow
smart,20270905,27,78652,True,10,11,1,2,coin_overflow
smart,20270906,41,111187,True,7,8,6,0,coin_overflow
smart,20270907,39,97105,True,8,10,5,1,coin_overflow
